segment,index,x,y,yaw
0,0,0.1077,4.1750,3.1416
0,1,-0.2427,4.1750,3.1416
0,2,-0.5931,4.1750,3.1416
0,3,-0.9434,4.1750,3.1416
0,4,-1.2938,4.1750,3.1416
0,5,-1.6442,4.1750,3.1416
0,6,-1.9946,4.1750,3.1416
0,7,-2.3449,4.1750,3.1416
0,8,-2.6953,4.1750,3.1416
0,9,-3.0457,4.1750,3.1416
0,10,-3.3961,4.1750,3.1416
0,11,-3.7464,4.1750,3.1416
0,12,-4.0968,4.1750,3.1416
0,13,-4.4472,4.1750,3.1416
0,14,-4.7976,4.1750,3.1416
0,15,-5.1479,4.1750,3.1416
0,16,-5.4983,4.1750,3.1416
0,17,-5.8487,4.1750,3.1416
0,18,-6.1991,4.1750,3.1416
0,19,-6.5494,4.1750,3.1416
0,20,-6.8998,4.1750,3.1416
0,21,-7.2502,4.1750,3.1416
0,22,-7.6006,4.1750,3.1416
0,23,-7.9510,4.1750,3.1416
0,24,-8.3013,4.1750,3.1416
0,25,-8.6517,4.1750,3.1416
0,26,-9.0021,4.1750,-2.6308
0,27,-9.2870,4.0153,-2.3635
0,28,-9.5366,3.7694,-2.3635
0,29,-9.7861,3.5235,-2.3635
0,30,-10.0357,3.2775,-2.3635
0,31,-10.2852,3.0316,-2.3635
0,32,-10.5348,2.7856,-2.3635
0,33,-10.7843,2.5397,-2.3635
0,34,-11.0339,2.2938,-2.3635
0,35,-11.2835,2.0478,-2.3635
0,36,-11.5330,1.8019,-2.3635
0,37,-11.7826,1.5560,-2.3635
0,38,-12.0321,1.3100,-2.3635
0,39,-12.2817,1.0641,-2.3635
0,40,-12.5312,0.8181,-2.3635
0,41,-12.7808,0.5722,-2.3635
0,42,-13.0303,0.3263,-2.3635
0,43,-13.2799,0.0803,-2.3635
0,44,-13.5294,-0.1656,-2.3635
0,45,-13.7790,-0.4116,-2.3635
0,46,-14.0286,-0.6575,-2.3635
0,47,-14.2781,-0.9034,-2.3635
0,48,-14.5277,-1.1494,-2.3635
0,49,-14.7772,-1.3953,-2.3635
0,50,-15.0268,-1.6412,-2.3635
0,51,-15.2763,-1.8872,-2.3635
0,52,-15.5259,-2.1331,-2.3635
0,53,-15.7754,-2.3791,-2.3635
0,54,-16.0250,-2.6250,-1.5708
0,55,-16.0250,-2.9754,-1.5708
0,56,-16.0250,-3.3258,-1.5708
0,57,-16.0250,-3.6761,-1.5708
0,58,-16.0250,-4.0265,-1.5708
0,59,-16.0250,-4.3769,-1.5708
0,60,-16.0250,-4.7273,-1.5708
0,61,-16.0250,-5.0776,-1.5708
0,62,-16.0250,-5.4280,-1.5708
0,63,-16.0250,-5.7784,-1.5708
0,64,-16.0250,-6.1288,-1.5708
0,65,-16.0250,-6.4791,-1.5708
0,66,-16.0250,-6.8295,-1.5708
0,67,-16.0250,-7.1799,-1.5708
0,68,-16.0250,-7.5303,-1.5708
0,69,-16.0250,-7.8806,-1.5708
0,70,-16.0250,-8.2310,-1.5708
0,71,-16.0250,-8.5814,-1.5708
0,72,-16.0250,-8.9318,-1.5708
0,73,-16.0250,-9.2822,-1.5708
0,74,-16.0250,-9.6325,-1.5708
0,75,-16.0250,-9.9829,-1.5708
0,76,-16.0250,-10.3333,-1.5708
0,77,-16.0250,-10.6837,-1.5708
0,78,-16.0250,-11.0340,-1.5708
0,79,-16.0250,-11.3844,-1.5708
0,80,-16.0250,-11.7348,-1.5708
0,81,-16.0250,-12.0852,-1.5708
0,82,-16.0250,-12.4355,-1.5708
0,83,-16.0250,-12.7859,-1.5708
0,84,-16.0250,-13.1363,-1.5708
0,85,-16.0250,-13.4867,-1.5708
0,86,-16.0250,-13.8370,-1.5708
0,87,-16.0250,-14.1874,-1.5708
0,88,-16.0250,-14.5378,-1.5708
0,89,-16.0250,-14.8882,-1.5708
0,90,-16.0250,-15.2385,-1.5708
0,91,-16.0250,-15.5889,-1.5708
0,92,-16.0250,-15.9393,-1.4326
0,93,-15.9789,-16.2704,-0.7781
0,94,-15.7294,-16.5163,-0.7781
0,95,-15.4798,-16.7623,-0.7781
0,96,-15.2303,-17.0082,-0.7781
0,97,-14.9807,-17.2542,-0.7781
0,98,-14.7312,-17.5001,-0.7781
0,99,-14.4816,-17.7460,-0.7781
0,100,-14.2320,-17.9920,-0.7781
0,101,-13.9825,-18.2379,-0.7781
0,102,-13.7329,-18.4838,-0.7781
0,103,-13.4834,-18.7298,-0.7781
0,104,-13.2338,-18.9757,-0.7781
0,105,-12.9843,-19.2217,-0.7781
0,106,-12.7347,-19.4676,-0.7781
0,107,-12.4852,-19.7135,-0.7781
0,108,-12.2356,-19.9595,-0.7781
0,109,-11.9860,-20.2054,-0.7781
0,110,-11.7365,-20.4514,-0.7781
0,111,-11.4869,-20.6973,-0.7781
0,112,-11.2374,-20.9432,-0.7781
0,113,-10.9878,-21.1892,-0.7781
0,114,-10.7383,-21.4351,-0.7781
0,115,-10.4887,-21.6810,-0.7781
0,116,-10.2392,-21.9270,-0.7781
0,117,-9.9896,-22.1729,-0.7781
0,118,-9.7401,-22.4189,-0.7781
0,119,-9.4905,-22.6648,-0.7781
0,120,-9.2409,-22.9107,-0.3600
0,121,-8.9374,-23.0250,0.0000
0,122,-8.5870,-23.0250,0.0000
0,123,-8.2367,-23.0250,0.0000
0,124,-7.8863,-23.0250,0.0000
0,125,-7.5359,-23.0250,0.0000
0,126,-7.1855,-23.0250,0.0000
0,127,-6.8351,-23.0250,0.0000
0,128,-6.4848,-23.0250,0.0000
0,129,-6.1344,-23.0250,0.0000
0,130,-5.7840,-23.0250,0.0000
0,131,-5.4336,-23.0250,0.0000
0,132,-5.0833,-23.0250,0.0000
0,133,-4.7329,-23.0250,0.0000
0,134,-4.3825,-23.0250,0.0000
0,135,-4.0321,-23.0250,0.0000
0,136,-3.6818,-23.0250,0.0000
0,137,-3.3314,-23.0250,0.0000
0,138,-2.9810,-23.0250,0.0000
0,139,-2.6306,-23.0250,0.0000
0,140,-2.2803,-23.0250,0.0000
0,141,-1.9299,-23.0250,0.0000
0,142,-1.5795,-23.0250,0.0000
0,143,-1.2291,-23.0250,0.0000
0,144,-0.8788,-23.0250,0.0000
0,145,-0.5284,-23.0250,0.0000
0,146,-0.1780,-23.0250,0.0000
0,147,0.1724,-23.0250,0.0000
0,148,0.5228,-23.0250,0.0000
0,149,0.8731,-23.0250,0.0000
0,150,1.2235,-23.0250,0.0000
0,151,1.5739,-23.0250,0.0000
0,152,1.9243,-23.0250,0.0000
0,153,2.2746,-23.0250,0.0000
0,154,2.6250,-23.0250,0.0000
0,155,2.9754,-23.0250,0.0000
0,156,3.3258,-23.0250,0.0000
0,157,3.6761,-23.0250,0.0000
0,158,4.0265,-23.0250,0.0000
0,159,4.3769,-23.0250,0.1090
0,160,4.7122,-22.9883,0.7781
0,161,4.9618,-22.7424,0.7781
0,162,5.2113,-22.4964,0.7781
0,163,5.4609,-22.2505,0.7781
0,164,5.7105,-22.0046,0.7781
0,165,5.9600,-21.7586,0.7781
0,166,6.2096,-21.5127,0.7781
0,167,6.4591,-21.2667,0.7781
0,168,6.7087,-21.0208,0.7781
0,169,6.9582,-20.7749,0.7781
0,170,7.2078,-20.5289,0.7781
0,171,7.4573,-20.2830,0.7781
0,172,7.7069,-20.0370,0.7781
0,173,7.9564,-19.7911,0.7781
0,174,8.2060,-19.5452,0.7781
0,175,8.4556,-19.2992,0.7781
0,176,8.7051,-19.0533,0.7781
0,177,8.9547,-18.8074,0.7781
0,178,9.2042,-18.5614,0.7781
0,179,9.4538,-18.3155,0.7781
0,180,9.7033,-18.0695,0.7781
0,181,9.9529,-17.8236,0.7781
0,182,10.2024,-17.5777,0.7781
0,183,10.4520,-17.3317,0.7781
0,184,10.7016,-17.0858,0.7781
0,185,10.9511,-16.8398,0.7781
0,186,11.2007,-16.5939,0.7781
0,187,11.4502,-16.3480,1.1744
0,188,11.5750,-16.0498,1.5708
0,189,11.5750,-15.6994,1.5708
0,190,11.5750,-15.3491,1.5708
0,191,11.5750,-14.9987,1.5708
0,192,11.5750,-14.6483,1.5708
0,193,11.5750,-14.2979,1.5708
0,194,11.5750,-13.9476,1.5708
0,195,11.5750,-13.5972,1.5708
0,196,11.5750,-13.2468,1.5708
0,197,11.5750,-12.8964,1.5708
0,198,11.5750,-12.5460,1.5708
0,199,11.5750,-12.1957,1.5708
0,200,11.5750,-11.8453,1.5708
0,201,11.5750,-11.4949,1.5708
0,202,11.5750,-11.1445,1.5708
0,203,11.5750,-10.7942,1.5708
0,204,11.5750,-10.4438,1.5708
0,205,11.5750,-10.0934,1.5708
0,206,11.5750,-9.7430,1.5708
0,207,11.5750,-9.3927,1.5708
0,208,11.5750,-9.0423,1.5708
0,209,11.5750,-8.6919,1.5708
0,210,11.5750,-8.3415,1.5708
0,211,11.5750,-7.9912,1.5708
0,212,11.5750,-7.6408,1.5708
0,213,11.5750,-7.2904,1.5708
0,214,11.5750,-6.9400,1.5708
0,215,11.5750,-6.5897,1.5708
0,216,11.5750,-6.2393,1.5708
0,217,11.5750,-5.8889,1.5708
0,218,11.5750,-5.5385,1.5708
0,219,11.5750,-5.1881,1.5708
0,220,11.5750,-4.8378,1.5708
0,221,11.5750,-4.4874,1.5708
0,222,11.5750,-4.1370,1.5708
0,223,11.5750,-3.7866,1.5708
0,224,11.5750,-3.4363,1.5708
0,225,11.5750,-3.0859,1.5708
0,226,11.5750,-2.7355,2.1204
0,227,11.4042,-2.4566,2.3635
0,228,11.1546,-2.2107,2.3635
0,229,10.9050,-1.9648,2.3635
0,230,10.6555,-1.7188,2.3635
0,231,10.4059,-1.4729,2.3635
0,232,10.1564,-1.2269,2.3635
0,233,9.9068,-0.9810,2.3635
0,234,9.6573,-0.7351,2.3635
0,235,9.4077,-0.4891,2.3635
0,236,9.1582,-0.2432,2.3635
0,237,8.9086,0.0028,2.3635
0,238,8.6590,0.2487,2.3635
0,239,8.4095,0.4946,2.3635
0,240,8.1599,0.7406,2.3635
0,241,7.9104,0.9865,2.3635
0,242,7.6608,1.2324,2.3635
0,243,7.4113,1.4784,2.3635
0,244,7.1617,1.7243,2.3635
0,245,6.9122,1.9703,2.3635
0,246,6.6626,2.2162,2.3635
0,247,6.4131,2.4621,2.3635
0,248,6.1635,2.7081,2.3635
0,249,5.9139,2.9540,2.3635
0,250,5.6644,3.2000,2.3635
0,251,5.4148,3.4459,2.3635
0,252,5.1653,3.6918,2.3635
0,253,4.9157,3.9378,2.3886
0,254,4.6626,4.1750,3.1416
0,255,4.3122,4.1750,3.1416
0,256,3.9618,4.1750,3.1416
0,257,3.6115,4.1750,3.1416
0,258,3.2611,4.1750,3.1416
0,259,2.9107,4.1750,3.1416
0,260,2.5603,4.1750,3.1416
0,261,2.2100,4.1750,3.1416
0,262,1.8596,4.1750,3.1416
0,263,1.5092,4.1750,3.1416
0,264,1.1588,4.1750,3.1416
0,265,0.8085,4.1750,3.1416
0,266,0.4581,4.1750,0.0000
1,0,0.6114,-1.3386,-3.0495
1,1,0.2721,-1.3699,3.1295
1,2,-0.0570,-1.3660,-3.1237
1,3,-0.4072,-1.3722,-3.1337
1,4,-0.7575,-1.3750,3.1416
1,5,-1.1077,-1.3750,3.1416
1,6,-1.4580,-1.3750,3.1416
1,7,-1.8083,-1.3750,3.1303
1,8,-2.1585,-1.3711,3.1237
1,9,-2.5088,-1.3648,-3.1404
1,10,-2.8383,-1.3652,-3.1203
1,11,-3.1885,-1.3726,-3.1348
1,12,-3.5387,-1.3750,3.1416
1,13,-3.8890,-1.3750,3.1416
1,14,-4.2393,-1.3750,3.1331
1,15,-4.5895,-1.3720,3.1203
1,16,-4.9397,-1.3646,-2.9820
1,17,-5.2375,-1.4125,-1.2274
1,18,-5.1250,-1.7271,-1.6223
1,19,-5.1421,-2.0579,-1.6081
1,20,-5.1550,-2.4055,-1.8590
1,21,-5.2514,-2.7304,-1.6162
1,22,-5.2673,-3.0804,-1.5928
1,23,-5.2750,-3.4305,-1.5708
1,24,-5.2750,-3.7807,-1.5708
1,25,-5.2750,-4.1310,-1.5933
1,26,-5.2829,-4.4811,-1.6142
1,27,-5.2981,-4.8311,-1.6352
1,28,-5.3195,-5.1636,-1.4424
1,29,-5.2750,-5.5088,-1.5511
1,30,-5.2681,-5.8588,-1.4442
1,31,-5.2250,-6.1976,-1.6810
1,32,-5.2625,-6.5367,-1.5619
1,33,-5.2594,-6.8869,-1.5430
1,34,-5.2497,-7.2370,-1.5430
1,35,-5.2399,-7.5872,-1.5638
1,36,-5.2375,-7.9374,-1.6393
1,37,-5.2613,-8.2845,-1.3387
1,38,-5.1817,-8.6212,-1.5516
1,39,-5.1750,-8.9710,-1.4243
1,40,-5.1250,-9.3099,-1.6232
1,41,-5.1433,-9.6590,-1.7688
1,42,-5.2120,-10.0012,-1.6080
1,43,-5.2250,-10.3508,-1.6058
1,44,-5.2365,-10.6799,-1.5378
1,45,-5.2250,-11.0298,-1.5815
1,46,-5.2288,-11.3800,-1.6537
1,47,-5.2570,-11.7193,-1.5373
1,48,-5.2457,-12.0543,-1.3718
1,49,-5.1796,-12.3822,-1.6739
1,50,-5.2147,-12.7215,-1.5793
1,51,-5.2177,-13.0718,-1.5793
1,52,-5.2206,-13.4221,-1.5793
1,53,-5.2236,-13.7723,-1.5748
1,54,-5.2250,-14.1226,-1.5708
1,55,-5.2250,-14.4729,-1.5708
1,56,-5.2250,-14.8232,-1.5708
1,57,-5.2250,-15.1734,-1.5708
1,58,-5.2250,-15.5237,-1.5708
1,59,-5.2250,-15.8740,-1.5708
1,60,-5.2250,-16.2243,-1.5708
1,61,-5.2250,-16.5745,-1.5693
1,62,-5.2245,-16.9248,-1.5623
1,63,-5.2215,-17.2751,-1.5623
1,64,-5.2185,-17.6253,-1.5623
1,65,-5.2156,-17.9756,-1.5623
1,66,-5.2126,-18.3259,-1.4605
1,67,-5.1750,-18.6653,-1.2885
1,68,-5.1054,-18.9054,0.0686
1,69,-4.7578,-18.8815,0.0186
1,70,-4.4077,-18.8750,0.0000
1,71,-4.0574,-18.8750,0.0044
1,72,-3.7072,-18.8735,0.0278
1,73,-3.3570,-18.8637,0.1137
1,74,-3.0178,-18.8250,-0.1418
1,75,-2.6790,-18.8733,0.0262
1,76,-2.3293,-18.8642,0.0969
1,77,-1.9896,-18.8312,0.0176
1,78,-1.6394,-18.8250,0.0000
1,79,-1.2891,-18.8250,0.0000
1,80,-0.9388,-18.8250,0.0000
1,81,-0.5885,-18.8250,0.0189
1,82,-0.2383,-18.8184,0.0906
1,83,0.1015,-18.7875,-0.0057
1,84,0.4518,-18.7895,-0.0384
1,85,0.8018,-18.8030,0.1401
1,86,1.1348,-18.7560,0.7001
1,87,1.3899,-18.5410,1.5182
1,88,1.4084,-18.1912,1.4196
1,89,1.4611,-17.8454,1.2557
1,90,1.5646,-17.5279,1.5410
1,91,1.5750,-17.1782,1.5882
1,92,1.5689,-16.8285,1.7960
1,93,1.4918,-16.4918,2.0875
1,94,1.3250,-16.1983,1.4168
1,95,1.3775,-15.8601,1.4950
1,96,1.4040,-15.5109,1.4197
1,97,1.4566,-15.1655,1.3094
1,98,1.5404,-14.8522,2.8652
1,99,1.2233,-14.7622,2.9309
1,100,0.8810,-14.6890,2.8547
1,101,0.5452,-14.5899,2.6761
1,102,0.2332,-14.4332,1.8988
1,103,0.1250,-14.1152,1.5708
1,104,0.1250,-13.7649,1.4608
1,105,0.1625,-13.4254,1.9491
1,106,0.0354,-13.1055,1.7473
1,107,-0.0250,-12.7669,1.3002
1,108,0.0669,-12.4355,0.9266
1,109,0.2763,-12.1568,0.6754
1,110,0.5465,-11.9403,0.1808
1,111,0.8899,-11.8775,-0.0043
1,112,1.2399,-11.8790,0.6615
1,113,1.4255,-11.7345,1.5633
1,114,1.4280,-11.4062,1.5792
1,115,1.4250,-11.0560,1.5181
1,116,1.4434,-10.7066,2.1353
1,117,1.3256,-10.5205,2.2514
1,118,1.1213,-10.2682,1.7132
1,119,1.0718,-9.9233,2.1676
1,120,0.8826,-9.6449,1.7307
1,121,0.8269,-9.2991,1.5761
1,122,0.8250,-8.9489,1.5657
1,123,0.8268,-8.5988,1.4425
1,124,0.8716,-8.2514,1.0871
1,125,1.0294,-7.9510,1.4759
1,126,1.0625,-7.6030,1.6810
1,127,1.0250,-7.2640,2.1266
1,128,0.8506,-6.9832,1.7583
1,129,0.7875,-6.6508,1.5510
1,130,0.7944,-6.3006,1.5338
1,131,0.8074,-5.9506,1.4593
1,132,0.8463,-5.6031,1.1632
1,133,0.9785,-5.2968,1.4464
1,134,1.0220,-4.9492,1.5622
1,135,1.0250,-4.5991,1.5708
1,136,1.0250,-4.2488,1.6867
1,137,0.9845,-3.9011,1.9909
1,138,0.8480,-3.5956,1.6981
1,139,0.8037,-3.2492,1.6171
1,140,0.7875,-2.8993,1.4798
1,141,0.8185,-2.5596,1.5522
1,142,0.8250,-2.2096,1.2404
1,143,0.9358,-1.8865,1.2868
1,144,1.0311,-1.5602,1.8617
1,145,0.9606,-1.3250,-1.2798
2,0,0.8085,4.1750,3.1416
2,1,0.4581,4.1750,3.1416
2,2,0.1077,4.1750,3.1416
2,3,-0.2427,4.1750,3.1416
2,4,-0.5931,4.1750,3.1416
2,5,-0.9434,4.1750,3.1416
2,6,-1.2938,4.1750,3.1416
2,7,-1.6442,4.1750,3.1416
2,8,-1.9946,4.1750,3.1416
2,9,-2.3449,4.1750,3.1416
2,10,-2.6953,4.1750,3.1416
2,11,-3.0457,4.1750,3.1416
2,12,-3.3961,4.1750,3.1416
2,13,-3.7464,4.1750,3.1416
2,14,-4.0968,4.1750,3.1416
2,15,-4.4472,4.1750,3.1416
2,16,-4.7976,4.1750,3.1416
2,17,-5.1479,4.1750,3.1416
2,18,-5.4983,4.1750,3.1416
2,19,-5.8487,4.1750,3.1416
2,20,-6.1991,4.1750,3.1416
2,21,-6.5494,4.1750,3.1416
2,22,-6.8998,4.1750,3.1416
2,23,-7.2502,4.1750,3.1416
2,24,-7.6006,4.1750,3.1416
2,25,-7.9510,4.1750,3.1416
2,26,-8.3013,4.1750,3.1416
2,27,-8.6517,4.1750,3.1416
2,28,-9.0021,4.1750,-2.6308
2,29,-9.2870,4.0153,-2.3635
2,30,-9.5366,3.7694,-2.3635
2,31,-9.7861,3.5235,-2.3635
2,32,-10.0357,3.2775,-2.3635
2,33,-10.2852,3.0316,-2.3635
2,34,-10.5348,2.7856,-2.3635
2,35,-10.7843,2.5397,-2.3635
2,36,-11.0339,2.2938,-2.3635
2,37,-11.2835,2.0478,-2.3635
2,38,-11.5330,1.8019,-2.3635
2,39,-11.7826,1.5560,-2.3635
2,40,-12.0321,1.3100,-2.3635
2,41,-12.2817,1.0641,-2.3635
2,42,-12.5312,0.8181,-2.3635
2,43,-12.7808,0.5722,-2.3635
2,44,-13.0303,0.3263,-2.3635
2,45,-13.2799,0.0803,-2.3635
2,46,-13.5294,-0.1656,-2.3635
2,47,-13.7790,-0.4116,-2.3635
2,48,-14.0286,-0.6575,-2.3635
2,49,-14.2781,-0.9034,-2.3635
2,50,-14.5277,-1.1494,-2.3635
2,51,-14.7772,-1.3953,-2.3635
2,52,-15.0268,-1.6412,-2.3635
2,53,-15.2763,-1.8872,-2.3635
2,54,-15.5259,-2.1331,-2.3635
2,55,-15.7754,-2.3791,-2.3635
2,56,-16.0250,-2.6250,-1.5708
2,57,-16.0250,-2.9754,-1.5708
2,58,-16.0250,-3.3258,-1.5708
2,59,-16.0250,-3.6761,-1.5708
2,60,-16.0250,-4.0265,-1.5708
2,61,-16.0250,-4.3769,-1.5708
2,62,-16.0250,-4.7273,-1.5708
2,63,-16.0250,-5.0776,-1.5708
2,64,-16.0250,-5.4280,-1.5708
2,65,-16.0250,-5.7784,-1.5708
2,66,-16.0250,-6.1288,-1.5708
2,67,-16.0250,-6.4791,-1.5708
2,68,-16.0250,-6.8295,-1.5708
2,69,-16.0250,-7.1799,-1.5708
2,70,-16.0250,-7.5303,-1.5708
2,71,-16.0250,-7.8806,-1.5708
2,72,-16.0250,-8.2310,-1.5708
2,73,-16.0250,-8.5814,-1.5708
2,74,-16.0250,-8.9318,-1.5708
2,75,-16.0250,-9.2822,-1.5708
2,76,-16.0250,-9.6325,-1.5708
2,77,-16.0250,-9.9829,-1.5708
2,78,-16.0250,-10.3333,-1.5708
2,79,-16.0250,-10.6837,-1.5708
2,80,-16.0250,-11.0340,-1.5708
2,81,-16.0250,-11.3844,-1.5708
2,82,-16.0250,-11.7348,-1.5708
2,83,-16.0250,-12.0852,-1.5708
2,84,-16.0250,-12.4355,-1.5708
2,85,-16.0250,-12.7859,-1.5708
2,86,-16.0250,-13.1363,-1.5708
2,87,-16.0250,-13.4867,-1.5708
2,88,-16.0250,-13.8370,-1.5708
2,89,-16.0250,-14.1874,-1.5708
2,90,-16.0250,-14.5378,-1.5708
2,91,-16.0250,-14.8882,-1.5708
2,92,-16.0250,-15.2385,-1.5708
2,93,-16.0250,-15.5889,-1.5708
2,94,-16.0250,-15.9393,-1.4326
2,95,-15.9789,-16.2704,-0.7781
2,96,-15.7294,-16.5163,-0.7781
2,97,-15.4798,-16.7623,-0.7781
2,98,-15.2303,-17.0082,-0.7781
2,99,-14.9807,-17.2542,-0.7781
2,100,-14.7312,-17.5001,-0.7781
2,101,-14.4816,-17.7460,-0.7781
2,102,-14.2320,-17.9920,-0.7781
2,103,-13.9825,-18.2379,-0.7781
2,104,-13.7329,-18.4838,-0.7781
2,105,-13.4834,-18.7298,-0.7781
2,106,-13.2338,-18.9757,-0.7781
2,107,-12.9843,-19.2217,-0.7781
2,108,-12.7347,-19.4676,-0.7781
2,109,-12.4852,-19.7135,-0.7781
2,110,-12.2356,-19.9595,-0.7781
2,111,-11.9860,-20.2054,-0.7781
2,112,-11.7365,-20.4514,-0.7781
2,113,-11.4869,-20.6973,-0.7781
2,114,-11.2374,-20.9432,-0.7781
2,115,-10.9878,-21.1892,-0.7781
2,116,-10.7383,-21.4351,-0.7781
2,117,-10.4887,-21.6810,-0.7781
2,118,-10.2392,-21.9270,-0.7781
2,119,-9.9896,-22.1729,-0.7781
2,120,-9.7401,-22.4189,-0.7781
2,121,-9.4905,-22.6648,-0.7781
2,122,-9.2409,-22.9107,-0.3600
2,123,-8.9374,-23.0250,0.0000
2,124,-8.5870,-23.0250,0.0000
2,125,-8.2367,-23.0250,0.0000
2,126,-7.8863,-23.0250,0.0000
2,127,-7.5359,-23.0250,0.0000
2,128,-7.1855,-23.0250,0.0000
2,129,-6.8351,-23.0250,0.0000
2,130,-6.4848,-23.0250,0.0000
2,131,-6.1344,-23.0250,0.0000
2,132,-5.7840,-23.0250,0.0000
2,133,-5.4336,-23.0250,0.0000
2,134,-5.0833,-23.0250,0.0000
2,135,-4.7329,-23.0250,0.0000
2,136,-4.3825,-23.0250,0.0000
2,137,-4.0321,-23.0250,0.0000
2,138,-3.6818,-23.0250,0.0000
2,139,-3.3314,-23.0250,0.0000
2,140,-2.9810,-23.0250,0.0000
2,141,-2.6306,-23.0250,0.0000
2,142,-2.2803,-23.0250,0.0000
2,143,-1.9299,-23.0250,0.0000
2,144,-1.5795,-23.0250,0.0000
2,145,-1.2291,-23.0250,0.0000
2,146,-0.8788,-23.0250,0.0000
2,147,-0.5284,-23.0250,0.0000
2,148,-0.1780,-23.0250,0.0000
2,149,0.1724,-23.0250,0.0000
2,150,0.5228,-23.0250,0.0000
2,151,0.8731,-23.0250,0.0000
2,152,1.2235,-23.0250,0.0000
2,153,1.5739,-23.0250,0.0000
2,154,1.9243,-23.0250,0.0000
2,155,2.2746,-23.0250,0.0000
2,156,2.6250,-23.0250,0.0000
2,157,2.9754,-23.0250,0.0000
2,158,3.3258,-23.0250,0.0000
2,159,3.6761,-23.0250,0.0000
2,160,4.0265,-23.0250,0.0000
2,161,4.3769,-23.0250,0.1090
2,162,4.7122,-22.9883,0.7781
2,163,4.9618,-22.7424,0.7781
2,164,5.2113,-22.4964,0.7781
2,165,5.4609,-22.2505,0.7781
2,166,5.7105,-22.0046,0.7781
2,167,5.9600,-21.7586,0.7781
2,168,6.2096,-21.5127,0.7781
2,169,6.4591,-21.2667,0.7781
2,170,6.7087,-21.0208,0.7781
2,171,6.9582,-20.7749,0.7781
2,172,7.2078,-20.5289,0.7781
2,173,7.4573,-20.2830,0.7781
2,174,7.7069,-20.0370,0.7781
2,175,7.9564,-19.7911,0.7781
2,176,8.2060,-19.5452,0.7781
2,177,8.4556,-19.2992,0.7781
2,178,8.7051,-19.0533,0.7781
2,179,8.9547,-18.8074,0.7781
2,180,9.2042,-18.5614,0.7781
2,181,9.4538,-18.3155,0.7781
2,182,9.7033,-18.0695,0.7781
2,183,9.9529,-17.8236,0.7781
2,184,10.2024,-17.5777,0.7781
2,185,10.4520,-17.3317,0.7781
2,186,10.7016,-17.0858,0.7781
2,187,10.9511,-16.8398,0.7781
2,188,11.2007,-16.5939,0.7781
2,189,11.4502,-16.3480,1.1744
2,190,11.5750,-16.0498,1.5708
2,191,11.5750,-15.6994,1.5708
2,192,11.5750,-15.3491,1.5708
2,193,11.5750,-14.9987,1.5708
2,194,11.5750,-14.6483,1.5708
2,195,11.5750,-14.2979,1.5708
2,196,11.5750,-13.9476,1.5708
2,197,11.5750,-13.5972,1.5708
2,198,11.5750,-13.2468,1.5708
2,199,11.5750,-12.8964,1.5708
2,200,11.5750,-12.5460,1.5708
2,201,11.5750,-12.1957,1.5708
2,202,11.5750,-11.8453,1.5708
2,203,11.5750,-11.4949,1.5708
2,204,11.5750,-11.1445,1.5708
2,205,11.5750,-10.7942,1.5708
2,206,11.5750,-10.4438,1.5708
2,207,11.5750,-10.0934,1.5708
2,208,11.5750,-9.7430,1.5708
2,209,11.5750,-9.3927,1.5708
2,210,11.5750,-9.0423,1.5708
2,211,11.5750,-8.6919,1.5708
2,212,11.5750,-8.3415,1.5708
2,213,11.5750,-7.9912,1.5708
2,214,11.5750,-7.6408,1.5708
2,215,11.5750,-7.2904,1.5708
2,216,11.5750,-6.9400,1.5708
2,217,11.5750,-6.5897,1.5708
2,218,11.5750,-6.2393,1.5708
2,219,11.5750,-5.8889,1.5708
2,220,11.5750,-5.5385,1.5708
2,221,11.5750,-5.1881,1.5708
2,222,11.5750,-4.8378,1.5708
2,223,11.5750,-4.4874,1.5708
2,224,11.5750,-4.1370,1.5708
2,225,11.5750,-3.7866,1.5708
2,226,11.5750,-3.4363,1.5708
2,227,11.5750,-3.0859,1.5708
2,228,11.5750,-2.7355,2.1204
2,229,11.4042,-2.4566,2.3635
2,230,11.1546,-2.2107,2.3635
2,231,10.9050,-1.9648,2.3635
2,232,10.6555,-1.7188,2.3635
2,233,10.4059,-1.4729,2.3635
2,234,10.1564,-1.2269,2.3635
2,235,9.9068,-0.9810,2.3635
2,236,9.6573,-0.7351,2.3635
2,237,9.4077,-0.4891,2.3635
2,238,9.1582,-0.2432,2.3635
2,239,8.9086,0.0028,2.3635
2,240,8.6590,0.2487,2.3635
2,241,8.4095,0.4946,2.3635
2,242,8.1599,0.7406,2.3635
2,243,7.9104,0.9865,2.3635
2,244,7.6608,1.2324,2.3635
2,245,7.4113,1.4784,2.3635
2,246,7.1617,1.7243,2.3635
2,247,6.9122,1.9703,2.3635
2,248,6.6626,2.2162,2.3635
2,249,6.4131,2.4621,2.3635
2,250,6.1635,2.7081,2.3635
2,251,5.9139,2.9540,2.3635
2,252,5.6644,3.2000,2.3635
2,253,5.4148,3.4459,2.3635
2,254,5.1653,3.6918,2.3635
2,255,4.9157,3.9378,2.3886
2,256,4.6626,4.1750,3.1416
2,257,4.3122,4.1750,3.1416
2,258,3.9618,4.1750,3.1416
2,259,3.6115,4.1750,3.1416
2,260,3.2611,4.1750,3.1416
2,261,2.9107,4.1750,3.1416
2,262,2.5603,4.1750,3.1416
2,263,2.2100,4.1750,3.1416
2,264,1.8596,4.1750,3.1416
2,265,1.5092,4.1750,3.1416
2,266,1.1588,4.1750,0.0000
3,0,0.7375,-1.5875,-3.0623
3,1,0.3928,-1.6149,-3.1327
3,2,0.0440,-1.6180,-3.1327
3,3,-0.3048,-1.6211,-3.1327
3,4,-0.6535,-1.6241,-3.1391
3,5,-1.0023,-1.6250,3.1416
3,6,-1.3511,-1.6250,3.1416
3,7,-1.6999,-1.6250,3.1416
3,8,-2.0486,-1.6250,3.1416
3,9,-2.3974,-1.6250,3.1416
3,10,-2.7462,-1.6250,3.1416
3,11,-3.0950,-1.6250,3.1416
3,12,-3.4438,-1.6250,-3.0204
3,13,-3.7895,-1.6671,-2.9972
3,14,-4.1347,-1.7173,-2.9972
3,15,-4.4798,-1.7675,-2.9972
3,16,-4.8250,-1.8177,-1.7331
3,17,-4.8750,-2.1232,-1.6045
3,18,-4.8867,-2.4717,-1.9078
3,19,-5.0004,-2.7961,-1.6162
3,20,-5.0162,-3.1445,-1.5960
3,21,-5.0250,-3.4931,-1.5708
3,22,-5.0250,-3.8419,-1.5708
3,23,-5.0250,-4.1906,-1.5829
3,24,-5.0292,-4.5394,-1.5957
3,25,-5.0379,-4.8879,-1.6335
3,26,-5.0591,-5.2264,-1.5182
3,27,-5.0408,-5.5747,-1.4155
3,28,-4.9880,-5.9120,-1.5445
3,29,-4.9789,-6.2597,-1.6700
3,30,-5.0125,-6.5976,-1.5611
3,31,-5.0091,-6.9464,-1.5430
3,32,-4.9994,-7.2950,-1.5430
3,33,-4.9898,-7.6436,-1.5643
3,34,-4.9875,-7.9924,-1.5953
3,35,-4.9959,-8.3333,-1.3632
3,36,-4.9250,-8.6697,-1.5502
3,37,-4.9178,-9.0182,-1.4446
3,38,-4.8750,-9.3559,-1.6238
3,39,-4.8935,-9.7036,-1.7480
3,40,-4.9546,-10.0450,-1.6133
3,41,-4.9694,-10.3934,-1.5869
3,42,-4.9750,-10.7421,-1.5708
3,43,-4.9750,-11.0909,-1.5708
3,44,-4.9750,-11.4397,-1.5524
3,45,-4.9686,-11.7884,-1.4583
3,46,-4.9304,-12.1263,-1.5869
3,47,-4.9360,-12.4742,-1.6565
3,48,-4.9651,-12.8125,-1.5794
3,49,-4.9681,-13.1613,-1.5794
3,50,-4.9711,-13.5101,-1.5794
3,51,-4.9741,-13.8588,-1.5734
3,52,-4.9750,-14.2076,-1.5708
3,53,-4.9750,-14.5564,-1.5708
3,54,-4.9750,-14.9052,-1.5708
3,55,-4.9750,-15.2540,-1.5708
3,56,-4.9750,-15.6027,-1.5708
3,57,-4.9750,-15.9515,-1.5708
3,58,-4.9750,-16.3003,-1.5708
3,59,-4.9750,-16.6491,-1.5668
3,60,-4.9736,-16.9979,-1.5622
3,61,-4.9706,-17.3466,-1.5622
3,62,-4.9676,-17.6954,-1.5622
3,63,-4.9646,-18.0442,-1.4616
3,64,-4.9276,-18.3819,-0.8445
3,65,-4.7478,-18.5843,-0.1175
3,66,-4.4029,-18.6250,0.0000
3,67,-4.0541,-18.6250,0.0051
3,68,-3.7054,-18.6232,0.0425
3,69,-3.3584,-18.6084,0.0509
3,70,-3.0184,-18.5911,-0.0526
3,71,-2.6701,-18.6095,0.0652
3,72,-2.3318,-18.5874,0.0213
3,73,-1.9831,-18.5800,0.0142
3,74,-1.6344,-18.5750,0.0000
3,75,-1.2856,-18.5750,0.0000
3,76,-0.9368,-18.5750,0.0007
3,77,-0.5880,-18.5747,0.0213
3,78,-0.2393,-18.5673,0.1000
3,79,0.0990,-18.5334,0.0240
3,80,0.4476,-18.5250,-0.0028
3,81,0.7963,-18.5260,0.0049
3,82,1.1082,-18.5244,1.4462
3,83,1.1514,-18.1792,1.4308
3,84,1.1999,-17.8347,1.2446
3,85,1.3086,-17.5136,1.5235
3,86,1.3250,-17.1659,1.6247
3,87,1.3063,-16.8189,1.9458
3,88,1.1822,-16.5036,1.8342
3,89,1.0934,-16.1745,1.5408
3,90,1.1039,-15.8266,1.4875
3,91,1.1329,-15.4792,1.3855
3,92,1.1970,-15.1371,2.5192
3,93,0.9243,-14.9415,2.8706
3,94,0.5882,-14.8481,2.8286
3,95,0.2566,-14.7408,2.4376
3,96,-0.0060,-14.5178,1.8813
3,97,-0.1099,-14.1938,1.6141
3,98,-0.1250,-13.8464,1.6004
3,99,-0.1353,-13.4982,1.8207
3,100,-0.2199,-13.1669,1.7313
3,101,-0.2750,-12.8263,1.4673
3,102,-0.2392,-12.4819,1.1100
3,103,-0.0858,-12.1729,0.8607
3,104,0.1412,-11.9088,0.6374
3,105,0.4194,-11.7028,0.1397
3,106,0.7641,-11.6543,0.3407
3,107,1.0666,-11.5471,1.2376
3,108,1.1750,-11.2339,1.6122
3,109,1.1606,-10.8868,2.0450
3,110,1.0097,-10.5928,2.0831
3,111,0.8423,-10.2950,1.7360
3,112,0.7857,-9.9557,2.0672
3,113,0.6243,-9.6577,1.7127
3,114,0.5750,-9.3124,1.5708
3,115,0.5750,-8.9637,1.5708
3,116,0.5750,-8.6149,1.4629
3,117,0.6126,-8.2683,1.1442
3,118,0.7526,-7.9601,1.3972
3,119,0.8125,-7.6187,1.7288
3,120,0.7584,-7.2793,2.1456
3,121,0.5710,-6.9900,1.6565
3,122,0.5414,-6.6454,1.5607
3,123,0.5449,-6.2968,1.5363
3,124,0.5570,-5.9482,1.4762
3,125,0.5898,-5.6016,1.2644
3,126,0.6919,-5.2788,1.3545
3,127,0.7654,-4.9444,1.5433
3,128,0.7750,-4.5963,1.5816
3,129,0.7712,-4.2478,1.7231
3,130,0.7185,-3.9044,1.9643
3,131,0.5888,-3.5918,1.6731
3,132,0.5532,-3.2456,1.6159
3,133,0.5375,-2.8972,1.4906
3,134,0.5647,-2.5589,1.5413
3,135,0.5750,-2.2105,1.3715
3,136,0.6432,-1.8727,-1.7700
4,0,0.8085,4.1750,3.1416
4,1,0.4581,4.1750,3.1416
4,2,0.1077,4.1750,3.1416
4,3,-0.2427,4.1750,3.1416
4,4,-0.5931,4.1750,3.1416
4,5,-0.9434,4.1750,3.1416
4,6,-1.2938,4.1750,3.1416
4,7,-1.6442,4.1750,3.1416
4,8,-1.9946,4.1750,3.1416
4,9,-2.3449,4.1750,3.1416
4,10,-2.6953,4.1750,3.1416
4,11,-3.0457,4.1750,3.1416
4,12,-3.3961,4.1750,3.1416
4,13,-3.7464,4.1750,3.1416
4,14,-4.0968,4.1750,3.1416
4,15,-4.4472,4.1750,3.1416
4,16,-4.7976,4.1750,3.1416
4,17,-5.1479,4.1750,3.1416
4,18,-5.4983,4.1750,3.1416
4,19,-5.8487,4.1750,3.1416
4,20,-6.1991,4.1750,3.1416
4,21,-6.5494,4.1750,3.1416
4,22,-6.8998,4.1750,3.1416
4,23,-7.2502,4.1750,3.1416
4,24,-7.6006,4.1750,3.1416
4,25,-7.9510,4.1750,3.1416
4,26,-8.3013,4.1750,3.1416
4,27,-8.6517,4.1750,3.1416
4,28,-9.0021,4.1750,-2.6308
4,29,-9.2870,4.0153,-2.3635
4,30,-9.5366,3.7694,-2.3635
4,31,-9.7861,3.5235,-2.3635
4,32,-10.0357,3.2775,-2.3635
4,33,-10.2852,3.0316,-2.3635
4,34,-10.5348,2.7856,-2.3635
4,35,-10.7843,2.5397,-2.3635
4,36,-11.0339,2.2938,-2.3635
4,37,-11.2835,2.0478,-2.3635
4,38,-11.5330,1.8019,-2.3635
4,39,-11.7826,1.5560,-2.3635
4,40,-12.0321,1.3100,-2.3635
4,41,-12.2817,1.0641,-2.3635
4,42,-12.5312,0.8181,-2.3635
4,43,-12.7808,0.5722,-2.3635
4,44,-13.0303,0.3263,-2.3635
4,45,-13.2799,0.0803,-2.3635
4,46,-13.5294,-0.1656,-2.3635
4,47,-13.7790,-0.4116,-2.3635
4,48,-14.0286,-0.6575,-2.3635
4,49,-14.2781,-0.9034,-2.3635
4,50,-14.5277,-1.1494,-2.3635
4,51,-14.7772,-1.3953,-2.3635
4,52,-15.0268,-1.6412,-2.3635
4,53,-15.2763,-1.8872,-2.3635
4,54,-15.5259,-2.1331,-2.3635
4,55,-15.7754,-2.3791,-2.3635
4,56,-16.0250,-2.6250,-1.5708
4,57,-16.0250,-2.9754,-1.5708
4,58,-16.0250,-3.3258,-1.5708
4,59,-16.0250,-3.6761,-1.5708
4,60,-16.0250,-4.0265,-1.5708
4,61,-16.0250,-4.3769,-1.5708
4,62,-16.0250,-4.7273,-1.5708
4,63,-16.0250,-5.0776,-1.5708
4,64,-16.0250,-5.4280,-1.5708
4,65,-16.0250,-5.7784,-1.5708
4,66,-16.0250,-6.1288,-1.5708
4,67,-16.0250,-6.4791,-1.5708
4,68,-16.0250,-6.8295,-1.5708
4,69,-16.0250,-7.1799,-1.5708
4,70,-16.0250,-7.5303,-1.5708
4,71,-16.0250,-7.8806,-1.5708
4,72,-16.0250,-8.2310,-1.5708
4,73,-16.0250,-8.5814,-1.5708
4,74,-16.0250,-8.9318,-1.5708
4,75,-16.0250,-9.2822,-1.5708
4,76,-16.0250,-9.6325,-1.5708
4,77,-16.0250,-9.9829,-1.5708
4,78,-16.0250,-10.3333,-1.5708
4,79,-16.0250,-10.6837,-1.5708
4,80,-16.0250,-11.0340,-1.5708
4,81,-16.0250,-11.3844,-1.5708
4,82,-16.0250,-11.7348,-1.5708
4,83,-16.0250,-12.0852,-1.5708
4,84,-16.0250,-12.4355,-1.5708
4,85,-16.0250,-12.7859,-1.5708
4,86,-16.0250,-13.1363,-1.5708
4,87,-16.0250,-13.4867,-1.5708
4,88,-16.0250,-13.8370,-1.5708
4,89,-16.0250,-14.1874,-1.5708
4,90,-16.0250,-14.5378,-1.5708
4,91,-16.0250,-14.8882,-1.5708
4,92,-16.0250,-15.2385,-1.5708
4,93,-16.0250,-15.5889,-1.5708
4,94,-16.0250,-15.9393,-1.4326
4,95,-15.9789,-16.2704,-0.7781
4,96,-15.7294,-16.5163,-0.7781
4,97,-15.4798,-16.7623,-0.7781
4,98,-15.2303,-17.0082,-0.7781
4,99,-14.9807,-17.2542,-0.7781
4,100,-14.7312,-17.5001,-0.7781
4,101,-14.4816,-17.7460,-0.7781
4,102,-14.2320,-17.9920,-0.7781
4,103,-13.9825,-18.2379,-0.7781
4,104,-13.7329,-18.4838,-0.7781
4,105,-13.4834,-18.7298,-0.7781
4,106,-13.2338,-18.9757,-0.7781
4,107,-12.9843,-19.2217,-0.7781
4,108,-12.7347,-19.4676,-0.7781
4,109,-12.4852,-19.7135,-0.7781
4,110,-12.2356,-19.9595,-0.7781
4,111,-11.9860,-20.2054,-0.7781
4,112,-11.7365,-20.4514,-0.7781
4,113,-11.4869,-20.6973,-0.7781
4,114,-11.2374,-20.9432,-0.7781
4,115,-10.9878,-21.1892,-0.7781
4,116,-10.7383,-21.4351,-0.7781
4,117,-10.4887,-21.6810,-0.7781
4,118,-10.2392,-21.9270,-0.7781
4,119,-9.9896,-22.1729,-0.7781
4,120,-9.7401,-22.4189,-0.7781
4,121,-9.4905,-22.6648,-0.7781
4,122,-9.2409,-22.9107,-0.3600
4,123,-8.9374,-23.0250,0.0000
4,124,-8.5870,-23.0250,0.0000
4,125,-8.2367,-23.0250,0.0000
4,126,-7.8863,-23.0250,0.0000
4,127,-7.5359,-23.0250,0.0000
4,128,-7.1855,-23.0250,0.0000
4,129,-6.8351,-23.0250,0.0000
4,130,-6.4848,-23.0250,0.0000
4,131,-6.1344,-23.0250,0.0000
4,132,-5.7840,-23.0250,0.0000
4,133,-5.4336,-23.0250,0.0000
4,134,-5.0833,-23.0250,0.0000
4,135,-4.7329,-23.0250,0.0000
4,136,-4.3825,-23.0250,0.0000
4,137,-4.0321,-23.0250,0.0000
4,138,-3.6818,-23.0250,0.0000
4,139,-3.3314,-23.0250,0.0000
4,140,-2.9810,-23.0250,0.0000
4,141,-2.6306,-23.0250,0.0000
4,142,-2.2803,-23.0250,0.0000
4,143,-1.9299,-23.0250,0.0000
4,144,-1.5795,-23.0250,0.0000
4,145,-1.2291,-23.0250,0.0000
4,146,-0.8788,-23.0250,0.0000
4,147,-0.5284,-23.0250,0.0000
4,148,-0.1780,-23.0250,0.0000
4,149,0.1724,-23.0250,0.0000
4,150,0.5228,-23.0250,0.0000
4,151,0.8731,-23.0250,0.0000
4,152,1.2235,-23.0250,0.0000
4,153,1.5739,-23.0250,0.0000
4,154,1.9243,-23.0250,0.0000
4,155,2.2746,-23.0250,0.0000
4,156,2.6250,-23.0250,0.0000
4,157,2.9754,-23.0250,0.0000
4,158,3.3258,-23.0250,0.0000
4,159,3.6761,-23.0250,0.0000
4,160,4.0265,-23.0250,0.0000
4,161,4.3769,-23.0250,0.1090
4,162,4.7122,-22.9883,0.7781
4,163,4.9618,-22.7424,0.7781
4,164,5.2113,-22.4964,0.7781
4,165,5.4609,-22.2505,0.7781
4,166,5.7105,-22.0046,0.7781
4,167,5.9600,-21.7586,0.7781
4,168,6.2096,-21.5127,0.7781
4,169,6.4591,-21.2667,0.7781
4,170,6.7087,-21.0208,0.7781
4,171,6.9582,-20.7749,0.7781
4,172,7.2078,-20.5289,0.7781
4,173,7.4573,-20.2830,0.7781
4,174,7.7069,-20.0370,0.7781
4,175,7.9564,-19.7911,0.7781
4,176,8.2060,-19.5452,0.7781
4,177,8.4556,-19.2992,0.7781
4,178,8.7051,-19.0533,0.7781
4,179,8.9547,-18.8074,0.7781
4,180,9.2042,-18.5614,0.7781
4,181,9.4538,-18.3155,0.7781
4,182,9.7033,-18.0695,0.7781
4,183,9.9529,-17.8236,0.7781
4,184,10.2024,-17.5777,0.7781
4,185,10.4520,-17.3317,0.7781
4,186,10.7016,-17.0858,0.7781
4,187,10.9511,-16.8398,0.7781
4,188,11.2007,-16.5939,0.7781
4,189,11.4502,-16.3480,1.1744
4,190,11.5750,-16.0498,1.5708
4,191,11.5750,-15.6994,1.5708
4,192,11.5750,-15.3491,1.5708
4,193,11.5750,-14.9987,1.5708
4,194,11.5750,-14.6483,1.5708
4,195,11.5750,-14.2979,1.5708
4,196,11.5750,-13.9476,1.5708
4,197,11.5750,-13.5972,1.5708
4,198,11.5750,-13.2468,1.5708
4,199,11.5750,-12.8964,1.5708
4,200,11.5750,-12.5460,1.5708
4,201,11.5750,-12.1957,1.5708
4,202,11.5750,-11.8453,1.5708
4,203,11.5750,-11.4949,1.5708
4,204,11.5750,-11.1445,1.5708
4,205,11.5750,-10.7942,1.5708
4,206,11.5750,-10.4438,1.5708
4,207,11.5750,-10.0934,1.5708
4,208,11.5750,-9.7430,1.5708
4,209,11.5750,-9.3927,1.5708
4,210,11.5750,-9.0423,1.5708
4,211,11.5750,-8.6919,1.5708
4,212,11.5750,-8.3415,1.5708
4,213,11.5750,-7.9912,1.5708
4,214,11.5750,-7.6408,1.5708
4,215,11.5750,-7.2904,1.5708
4,216,11.5750,-6.9400,1.5708
4,217,11.5750,-6.5897,1.5708
4,218,11.5750,-6.2393,1.5708
4,219,11.5750,-5.8889,1.5708
4,220,11.5750,-5.5385,1.5708
4,221,11.5750,-5.1881,1.5708
4,222,11.5750,-4.8378,1.5708
4,223,11.5750,-4.4874,1.5708
4,224,11.5750,-4.1370,1.5708
4,225,11.5750,-3.7866,1.5708
4,226,11.5750,-3.4363,1.5708
4,227,11.5750,-3.0859,1.5708
4,228,11.5750,-2.7355,2.1204
4,229,11.4042,-2.4566,2.3635
4,230,11.1546,-2.2107,2.3635
4,231,10.9050,-1.9648,2.3635
4,232,10.6555,-1.7188,2.3635
4,233,10.4059,-1.4729,2.3635
4,234,10.1564,-1.2269,2.3635
4,235,9.9068,-0.9810,2.3635
4,236,9.6573,-0.7351,2.3635
4,237,9.4077,-0.4891,2.3635
4,238,9.1582,-0.2432,2.3635
4,239,8.9086,0.0028,2.3635
4,240,8.6590,0.2487,2.3635
4,241,8.4095,0.4946,2.3635
4,242,8.1599,0.7406,2.3635
4,243,7.9104,0.9865,2.3635
4,244,7.6608,1.2324,2.3635
4,245,7.4113,1.4784,2.3635
4,246,7.1617,1.7243,2.3635
4,247,6.9122,1.9703,2.3635
4,248,6.6626,2.2162,2.3635
4,249,6.4131,2.4621,2.3635
4,250,6.1635,2.7081,2.3635
4,251,5.9139,2.9540,2.3635
4,252,5.6644,3.2000,2.3635
4,253,5.4148,3.4459,2.3635
4,254,5.1653,3.6918,2.3635
4,255,4.9157,3.9378,2.3886
4,256,4.6626,4.1750,3.1416
4,257,4.3122,4.1750,3.1416
4,258,3.9618,4.1750,3.1416
4,259,3.6115,4.1750,3.1416
4,260,3.2611,4.1750,3.1416
4,261,2.9107,4.1750,3.1416
4,262,2.5603,4.1750,3.1416
4,263,2.2100,4.1750,3.1416
4,264,1.8596,4.1750,3.1416
4,265,1.5092,4.1750,3.1416
4,266,1.1588,4.1750,0.0000
5,0,0.2010,-1.8458,3.1218
5,1,-0.1480,-1.8389,3.1218
5,2,-0.4970,-1.8320,3.1218
5,3,-0.8459,-1.8251,3.1414
5,4,-1.1950,-1.8250,3.1416
5,5,-1.5440,-1.8250,3.1416
5,6,-1.8930,-1.8250,3.1416
5,7,-2.2421,-1.8250,3.1416
5,8,-2.5911,-1.8250,3.1416
5,9,-2.9401,-1.8250,3.1416
5,10,-3.2892,-1.8250,-3.0550
5,11,-3.6363,-1.8551,-3.0148
5,12,-3.9825,-1.8992,-3.0148
5,13,-4.3288,-1.9434,-3.0148
5,14,-4.6750,-1.9875,-1.5746
5,15,-4.6763,-2.3365,-1.6956
5,16,-4.7196,-2.6815,-1.8334
5,17,-4.8078,-3.0097,-1.6162
5,18,-4.8237,-3.3583,-1.5746
5,19,-4.8250,-3.7073,-1.5708
5,20,-4.8250,-4.0564,-1.5708
5,21,-4.8250,-4.4054,-1.5941
5,22,-4.8331,-4.7544,-1.6573
5,23,-4.8625,-5.0930,-1.5279
5,24,-4.8476,-5.4416,-1.4856
5,25,-4.8179,-5.7892,-1.4446
5,26,-4.7750,-6.1270,-1.6813
5,27,-4.8125,-6.4652,-1.5708
5,28,-4.8125,-6.8142,-1.5524
5,29,-4.8061,-7.1631,-1.5452
5,30,-4.7971,-7.5121,-1.5452
5,31,-4.7882,-7.8610,-1.5227
5,32,-4.7714,-8.2096,-1.4405
5,33,-4.7271,-8.5477,-1.5600
5,34,-4.7233,-8.8966,-1.4293
5,35,-4.6752,-9.2344,-1.5761
5,36,-4.6771,-9.5833,-1.7311
5,37,-4.7326,-9.9266,-1.6574
5,38,-4.7627,-10.2729,-1.6061
5,39,-4.7750,-10.6217,-1.5708
5,40,-4.7750,-10.9707,-1.5708
5,41,-4.7750,-11.3198,-1.5584
5,42,-4.7707,-11.6688,-1.4842
5,43,-4.7412,-12.0088,-1.5243
5,44,-4.7250,-12.3558,-1.6846
5,45,-4.7637,-12.6939,-1.5796
5,46,-4.7667,-13.0429,-1.5796
5,47,-4.7698,-13.3919,-1.5796
5,48,-4.7728,-13.7410,-1.5770
5,49,-4.7750,-14.0900,-1.5708
5,50,-4.7750,-14.4390,-1.5708
5,51,-4.7750,-14.7881,-1.5708
5,52,-4.7750,-15.1371,-1.5708
5,53,-4.7750,-15.4861,-1.5708
5,54,-4.7750,-15.8352,-1.5708
5,55,-4.7750,-16.1842,-1.5708
5,56,-4.7750,-16.5332,-1.5691
5,57,-4.7744,-16.8823,-1.5622
5,58,-4.7714,-17.2313,-1.5622
5,59,-4.7684,-17.5803,-1.5622
5,60,-4.7655,-17.9293,-1.5600
5,61,-4.7617,-18.2783,-0.4574
5,62,-4.4909,-18.4115,-0.0387
5,63,-4.1428,-18.4250,0.0000
5,64,-3.7938,-18.4250,0.0324
5,65,-3.4450,-18.4137,0.0724
5,66,-3.1064,-18.3891,-0.0526
5,67,-2.7578,-18.4075,-0.0071
5,68,-2.4100,-18.4100,0.0937
5,69,-2.0704,-18.3780,0.0298
5,70,-1.7215,-18.3676,0.0224
5,71,-1.3726,-18.3598,0.0152
5,72,-1.0236,-18.3545,0.0152
5,73,-0.6746,-18.3492,0.0152
5,74,-0.3256,-18.3439,0.0152
5,75,0.0234,-18.3387,0.0383
5,76,0.3722,-18.3253,0.0447
5,77,0.7209,-18.3097,0.4996
5,78,0.9694,-18.1740,1.5144
5,79,0.9890,-17.8268,1.2224
5,80,1.1052,-17.5068,1.5140
5,81,1.1250,-17.1593,1.6718
5,82,1.0900,-16.8140,2.0342
5,83,0.9371,-16.5080,1.6643
5,84,0.9045,-16.1605,1.5148
5,85,0.9240,-15.8126,1.5210
5,86,0.9412,-15.4663,1.9631
5,87,0.8078,-15.1438,2.8166
5,88,0.4840,-15.0347,2.7447
5,89,0.1623,-14.8999,2.5189
5,90,-0.1206,-14.6967,2.1202
5,91,-0.2965,-14.4094,1.6526
5,92,-0.3250,-14.0620,1.5708
5,93,-0.3250,-13.7130,1.6608
5,94,-0.3564,-13.3658,1.8809
5,95,-0.4608,-13.0397,1.6115
5,96,-0.4750,-12.6918,1.3693
5,97,-0.4056,-12.3523,1.0603
5,98,-0.2362,-12.0498,0.9148
5,99,-0.0238,-11.7738,0.6252
5,100,0.2579,-11.5705,0.3236
5,101,0.5863,-11.4603,0.2991
5,102,0.9000,-11.3636,1.3417
5,103,0.9750,-11.0420,1.8865
5,104,0.8697,-10.7197,2.1871
5,105,0.6702,-10.4381,1.7498
5,106,0.6088,-10.0986,2.0947
5,107,0.4357,-9.7990,1.7016
5,108,0.3902,-9.4530,1.6144
5,109,0.3750,-9.1049,1.5708
5,110,0.3750,-8.7559,1.5327
5,111,0.3883,-8.4074,1.3833
5,112,0.4518,-8.0726,1.1376
5,113,0.5974,-7.7579,1.6408
5,114,0.5733,-7.4146,2.0185
5,115,0.4225,-7.1006,1.7536
5,116,0.3599,-6.7620,1.6238
5,117,0.3415,-6.4141,1.5385
5,118,0.3527,-6.0653,1.5251
5,119,0.3687,-5.7168,1.4365
5,120,0.4154,-5.3709,1.1969
5,121,0.5398,-5.0539,1.4694
5,122,0.5750,-4.7076,1.5708
5,123,0.5750,-4.3586,1.7088
5,124,0.5270,-4.0132,2.0270
5,125,0.3750,-3.7034,1.7001
5,126,0.3311,-3.3659,1.5883
5,127,0.3250,-3.0171,1.5509
5,128,0.3319,-2.6682,1.4441
5,129,0.3750,-2.3301,1.5516
5,130,0.3817,-1.9813,-1.5900
6,0,0.4581,4.1750,3.1416
6,1,0.1077,4.1750,3.1416
6,2,-0.2427,4.1750,3.1416
6,3,-0.5931,4.1750,3.1416
6,4,-0.9434,4.1750,3.1416
6,5,-1.2938,4.1750,3.1416
6,6,-1.6442,4.1750,3.1416
6,7,-1.9946,4.1750,3.1416
6,8,-2.3449,4.1750,3.1416
6,9,-2.6953,4.1750,3.1416
6,10,-3.0457,4.1750,3.1416
6,11,-3.3961,4.1750,3.1416
6,12,-3.7464,4.1750,3.1416
6,13,-4.0968,4.1750,3.1416
6,14,-4.4472,4.1750,3.1416
6,15,-4.7976,4.1750,3.1416
6,16,-5.1479,4.1750,3.1416
6,17,-5.4983,4.1750,3.1416
6,18,-5.8487,4.1750,3.1416
6,19,-6.1991,4.1750,3.1416
6,20,-6.5494,4.1750,3.1416
6,21,-6.8998,4.1750,3.1416
6,22,-7.2502,4.1750,3.1416
6,23,-7.6006,4.1750,3.1416
6,24,-7.9510,4.1750,3.1416
6,25,-8.3013,4.1750,3.1416
6,26,-8.6517,4.1750,3.1416
6,27,-9.0021,4.1750,-2.6308
6,28,-9.2870,4.0153,-2.3635
6,29,-9.5366,3.7694,-2.3635
6,30,-9.7861,3.5235,-2.3635
6,31,-10.0357,3.2775,-2.3635
6,32,-10.2852,3.0316,-2.3635
6,33,-10.5348,2.7856,-2.3635
6,34,-10.7843,2.5397,-2.3635
6,35,-11.0339,2.2938,-2.3635
6,36,-11.2835,2.0478,-2.3635
6,37,-11.5330,1.8019,-2.3635
6,38,-11.7826,1.5560,-2.3635
6,39,-12.0321,1.3100,-2.3635
6,40,-12.2817,1.0641,-2.3635
6,41,-12.5312,0.8181,-2.3635
6,42,-12.7808,0.5722,-2.3635
6,43,-13.0303,0.3263,-2.3635
6,44,-13.2799,0.0803,-2.3635
6,45,-13.5294,-0.1656,-2.3635
6,46,-13.7790,-0.4116,-2.3635
6,47,-14.0286,-0.6575,-2.3635
6,48,-14.2781,-0.9034,-2.3635
6,49,-14.5277,-1.1494,-2.3635
6,50,-14.7772,-1.3953,-2.3635
6,51,-15.0268,-1.6412,-2.3635
6,52,-15.2763,-1.8872,-2.3635
6,53,-15.5259,-2.1331,-2.3635
6,54,-15.7754,-2.3791,-2.3635
6,55,-16.0250,-2.6250,-1.5708
6,56,-16.0250,-2.9754,-1.5708
6,57,-16.0250,-3.3258,-1.5708
6,58,-16.0250,-3.6761,-1.5708
6,59,-16.0250,-4.0265,-1.5708
6,60,-16.0250,-4.3769,-1.5708
6,61,-16.0250,-4.7273,-1.5708
6,62,-16.0250,-5.0776,-1.5708
6,63,-16.0250,-5.4280,-1.5708
6,64,-16.0250,-5.7784,-1.5708
6,65,-16.0250,-6.1288,-1.5708
6,66,-16.0250,-6.4791,-1.5708
6,67,-16.0250,-6.8295,-1.5708
6,68,-16.0250,-7.1799,-1.5708
6,69,-16.0250,-7.5303,-1.5708
6,70,-16.0250,-7.8806,-1.5708
6,71,-16.0250,-8.2310,-1.5708
6,72,-16.0250,-8.5814,-1.5708
6,73,-16.0250,-8.9318,-1.5708
6,74,-16.0250,-9.2822,-1.5708
6,75,-16.0250,-9.6325,-1.5708
6,76,-16.0250,-9.9829,-1.5708
6,77,-16.0250,-10.3333,-1.5708
6,78,-16.0250,-10.6837,-1.5708
6,79,-16.0250,-11.0340,-1.5708
6,80,-16.0250,-11.3844,-1.5708
6,81,-16.0250,-11.7348,-1.5708
6,82,-16.0250,-12.0852,-1.5708
6,83,-16.0250,-12.4355,-1.5708
6,84,-16.0250,-12.7859,-1.5708
6,85,-16.0250,-13.1363,-1.5708
6,86,-16.0250,-13.4867,-1.5708
6,87,-16.0250,-13.8370,-1.5708
6,88,-16.0250,-14.1874,-1.5708
6,89,-16.0250,-14.5378,-1.5708
6,90,-16.0250,-14.8882,-1.5708
6,91,-16.0250,-15.2385,-1.5708
6,92,-16.0250,-15.5889,-1.5708
6,93,-16.0250,-15.9393,-1.4326
6,94,-15.9789,-16.2704,-0.7781
6,95,-15.7294,-16.5163,-0.7781
6,96,-15.4798,-16.7623,-0.7781
6,97,-15.2303,-17.0082,-0.7781
6,98,-14.9807,-17.2542,-0.7781
6,99,-14.7312,-17.5001,-0.7781
6,100,-14.4816,-17.7460,-0.7781
6,101,-14.2320,-17.9920,-0.7781
6,102,-13.9825,-18.2379,-0.7781
6,103,-13.7329,-18.4838,-0.7781
6,104,-13.4834,-18.7298,-0.7781
6,105,-13.2338,-18.9757,-0.7781
6,106,-12.9843,-19.2217,-0.7781
6,107,-12.7347,-19.4676,-0.7781
6,108,-12.4852,-19.7135,-0.7781
6,109,-12.2356,-19.9595,-0.7781
6,110,-11.9860,-20.2054,-0.7781
6,111,-11.7365,-20.4514,-0.7781
6,112,-11.4869,-20.6973,-0.7781
6,113,-11.2374,-20.9432,-0.7781
6,114,-10.9878,-21.1892,-0.7781
6,115,-10.7383,-21.4351,-0.7781
6,116,-10.4887,-21.6810,-0.7781
6,117,-10.2392,-21.9270,-0.7781
6,118,-9.9896,-22.1729,-0.7781
6,119,-9.7401,-22.4189,-0.7781
6,120,-9.4905,-22.6648,-0.7781
6,121,-9.2409,-22.9107,-0.3600
6,122,-8.9374,-23.0250,0.0000
6,123,-8.5870,-23.0250,0.0000
6,124,-8.2367,-23.0250,0.0000
6,125,-7.8863,-23.0250,0.0000
6,126,-7.5359,-23.0250,0.0000
6,127,-7.1855,-23.0250,0.0000
6,128,-6.8351,-23.0250,0.0000
6,129,-6.4848,-23.0250,0.0000
6,130,-6.1344,-23.0250,0.0000
6,131,-5.7840,-23.0250,0.0000
6,132,-5.4336,-23.0250,0.0000
6,133,-5.0833,-23.0250,0.0000
6,134,-4.7329,-23.0250,0.0000
6,135,-4.3825,-23.0250,0.0000
6,136,-4.0321,-23.0250,0.0000
6,137,-3.6818,-23.0250,0.0000
6,138,-3.3314,-23.0250,0.0000
6,139,-2.9810,-23.0250,0.0000
6,140,-2.6306,-23.0250,0.0000
6,141,-2.2803,-23.0250,0.0000
6,142,-1.9299,-23.0250,0.0000
6,143,-1.5795,-23.0250,0.0000
6,144,-1.2291,-23.0250,0.0000
6,145,-0.8788,-23.0250,0.0000
6,146,-0.5284,-23.0250,0.0000
6,147,-0.1780,-23.0250,0.0000
6,148,0.1724,-23.0250,0.0000
6,149,0.5228,-23.0250,0.0000
6,150,0.8731,-23.0250,0.0000
6,151,1.2235,-23.0250,0.0000
6,152,1.5739,-23.0250,0.0000
6,153,1.9243,-23.0250,0.0000
6,154,2.2746,-23.0250,0.0000
6,155,2.6250,-23.0250,0.0000
6,156,2.9754,-23.0250,0.0000
6,157,3.3258,-23.0250,0.0000
6,158,3.6761,-23.0250,0.0000
6,159,4.0265,-23.0250,0.0000
6,160,4.3769,-23.0250,0.1090
6,161,4.7122,-22.9883,0.7781
6,162,4.9618,-22.7424,0.7781
6,163,5.2113,-22.4964,0.7781
6,164,5.4609,-22.2505,0.7781
6,165,5.7105,-22.0046,0.7781
6,166,5.9600,-21.7586,0.7781
6,167,6.2096,-21.5127,0.7781
6,168,6.4591,-21.2667,0.7781
6,169,6.7087,-21.0208,0.7781
6,170,6.9582,-20.7749,0.7781
6,171,7.2078,-20.5289,0.7781
6,172,7.4573,-20.2830,0.7781
6,173,7.7069,-20.0370,0.7781
6,174,7.9564,-19.7911,0.7781
6,175,8.2060,-19.5452,0.7781
6,176,8.4556,-19.2992,0.7781
6,177,8.7051,-19.0533,0.7781
6,178,8.9547,-18.8074,0.7781
6,179,9.2042,-18.5614,0.7781
6,180,9.4538,-18.3155,0.7781
6,181,9.7033,-18.0695,0.7781
6,182,9.9529,-17.8236,0.7781
6,183,10.2024,-17.5777,0.7781
6,184,10.4520,-17.3317,0.7781
6,185,10.7016,-17.0858,0.7781
6,186,10.9511,-16.8398,0.7781
6,187,11.2007,-16.5939,0.7781
6,188,11.4502,-16.3480,1.1744
6,189,11.5750,-16.0498,1.5708
6,190,11.5750,-15.6994,1.5708
6,191,11.5750,-15.3491,1.5708
6,192,11.5750,-14.9987,1.5708
6,193,11.5750,-14.6483,1.5708
6,194,11.5750,-14.2979,1.5708
6,195,11.5750,-13.9476,1.5708
6,196,11.5750,-13.5972,1.5708
6,197,11.5750,-13.2468,1.5708
6,198,11.5750,-12.8964,1.5708
6,199,11.5750,-12.5460,1.5708
6,200,11.5750,-12.1957,1.5708
6,201,11.5750,-11.8453,1.5708
6,202,11.5750,-11.4949,1.5708
6,203,11.5750,-11.1445,1.5708
6,204,11.5750,-10.7942,1.5708
6,205,11.5750,-10.4438,1.5708
6,206,11.5750,-10.0934,1.5708
6,207,11.5750,-9.7430,1.5708
6,208,11.5750,-9.3927,1.5708
6,209,11.5750,-9.0423,1.5708
6,210,11.5750,-8.6919,1.5708
6,211,11.5750,-8.3415,1.5708
6,212,11.5750,-7.9912,1.5708
6,213,11.5750,-7.6408,1.5708
6,214,11.5750,-7.2904,1.5708
6,215,11.5750,-6.9400,1.5708
6,216,11.5750,-6.5897,1.5708
6,217,11.5750,-6.2393,1.5708
6,218,11.5750,-5.8889,1.5708
6,219,11.5750,-5.5385,1.5708
6,220,11.5750,-5.1881,1.5708
6,221,11.5750,-4.8378,1.5708
6,222,11.5750,-4.4874,1.5708
6,223,11.5750,-4.1370,1.5708
6,224,11.5750,-3.7866,1.5708
6,225,11.5750,-3.4363,1.5708
6,226,11.5750,-3.0859,1.5708
6,227,11.5750,-2.7355,2.1204
6,228,11.4042,-2.4566,2.3635
6,229,11.1546,-2.2107,2.3635
6,230,10.9050,-1.9648,2.3635
6,231,10.6555,-1.7188,2.3635
6,232,10.4059,-1.4729,2.3635
6,233,10.1564,-1.2269,2.3635
6,234,9.9068,-0.9810,2.3635
6,235,9.6573,-0.7351,2.3635
6,236,9.4077,-0.4891,2.3635
6,237,9.1582,-0.2432,2.3635
6,238,8.9086,0.0028,2.3635
6,239,8.6590,0.2487,2.3635
6,240,8.4095,0.4946,2.3635
6,241,8.1599,0.7406,2.3635
6,242,7.9104,0.9865,2.3635
6,243,7.6608,1.2324,2.3635
6,244,7.4113,1.4784,2.3635
6,245,7.1617,1.7243,2.3635
6,246,6.9122,1.9703,2.3635
6,247,6.6626,2.2162,2.3635
6,248,6.4131,2.4621,2.3635
6,249,6.1635,2.7081,2.3635
6,250,5.9139,2.9540,2.3635
6,251,5.6644,3.2000,2.3635
6,252,5.4148,3.4459,2.3635
6,253,5.1653,3.6918,2.3635
6,254,4.9157,3.9378,2.3886
6,255,4.6626,4.1750,3.1416
6,256,4.3122,4.1750,3.1416
6,257,3.9618,4.1750,3.1416
6,258,3.6115,4.1750,3.1416
6,259,3.2611,4.1750,3.1416
6,260,2.9107,4.1750,3.1416
6,261,2.5603,4.1750,3.1416
6,262,2.2100,4.1750,3.1416
6,263,1.8596,4.1750,3.1416
6,264,1.5092,4.1750,3.1416
6,265,1.1588,4.1750,3.1416
6,266,0.8085,4.1750,0.0000
7,0,-0.9255,-2.1030,3.0609
7,1,-1.2720,-2.0750,3.1416
7,2,-1.6230,-2.0750,3.1416
7,3,-1.9739,-2.0750,3.1416
7,4,-2.3249,-2.0750,3.1416
7,5,-2.6758,-2.0750,3.1416
7,6,-3.0268,-2.0750,-3.1163
7,7,-3.3773,-2.0839,-3.0430
7,8,-3.7265,-2.1184,-3.0430
7,9,-4.0758,-2.1530,-3.0430
7,10,-4.4250,-2.1875,-1.5964
7,11,-4.4340,-2.5381,-1.8739
7,12,-4.5373,-2.8684,-1.6503
7,13,-4.5649,-3.2151,-1.5996
7,14,-4.5750,-3.5659,-1.5708
7,15,-4.5750,-3.9168,-1.5708
7,16,-4.5750,-4.2677,-1.5814
7,17,-4.5787,-4.6186,-1.5946
7,18,-4.5871,-4.9695,-1.5347
7,19,-4.5750,-5.3038,-1.5622
7,20,-4.5720,-5.6546,-1.4334
7,21,-4.5250,-5.9944,-1.5862
7,22,-4.5304,-6.3451,-1.6649
7,23,-4.5625,-6.6854,-1.5632
7,24,-4.5598,-7.0363,-1.5438
7,25,-4.5503,-7.3872,-1.5438
7,26,-4.5409,-7.7380,-1.5273
7,27,-4.5256,-8.0886,-1.4445
7,28,-4.4824,-8.4286,-1.5497
7,29,-4.4750,-8.7793,-1.4416
7,30,-4.4308,-9.1192,-1.5542
7,31,-4.4250,-9.4699,-1.6311
7,32,-4.4461,-9.8199,-1.7429
7,33,-4.5059,-10.1636,-1.6173
7,34,-4.5222,-10.5141,-1.5789
7,35,-4.5250,-10.8650,-1.5708
7,36,-4.5250,-11.2159,-1.5637
7,37,-4.5225,-11.5669,-1.5438
7,38,-4.5130,-11.9177,-1.4594
7,39,-4.4750,-12.2578,-1.6495
7,40,-4.5022,-12.6022,-1.6092
7,41,-4.5155,-12.9488,-1.5797
7,42,-4.5186,-13.2998,-1.5797
7,43,-4.5218,-13.6507,-1.5797
7,44,-4.5249,-14.0016,-1.5711
7,45,-4.5250,-14.3526,-1.5708
7,46,-4.5250,-14.7035,-1.5708
7,47,-4.5250,-15.0545,-1.5708
7,48,-4.5250,-15.4054,-1.5708
7,49,-4.5250,-15.7563,-1.5708
7,50,-4.5250,-16.1073,-1.5708
7,51,-4.5250,-16.4582,-1.5272
7,52,-4.5100,-16.8031,-0.8041
7,53,-4.2665,-17.0559,-0.8041
7,54,-4.0230,-17.3086,-0.8041
7,55,-3.7795,-17.5614,-0.8041
7,56,-3.5361,-17.8141,-0.8041
7,57,-3.2926,-18.0669,-0.2443
7,58,-2.9770,-18.1455,0.0190
7,59,-2.6261,-18.1388,0.0190
7,60,-2.2753,-18.1321,0.0190
7,61,-1.9244,-18.1255,0.0190
7,62,-1.5735,-18.1188,0.0190
7,63,-1.2226,-18.1121,0.0190
7,64,-0.8717,-18.1054,0.0317
7,65,-0.5211,-18.0943,0.0855
7,66,-0.1714,-18.0643,0.0855
7,67,0.1782,-18.0344,0.0855
7,68,0.5279,-18.0044,0.7118
7,69,0.7250,-17.8344,1.2240
7,70,0.8425,-17.5093,1.4777
7,71,0.8750,-17.1612,1.7209
7,72,0.8229,-16.8166,2.0043
7,73,0.6780,-16.5034,1.6807
7,74,0.6395,-16.1552,1.5254
7,75,0.6555,-15.8046,1.8106
7,76,0.5748,-15.4746,2.3551
7,77,0.3429,-15.2421,2.7124
7,78,0.0247,-15.0965,2.5153
7,79,-0.2579,-14.8921,2.3083
7,80,-0.4936,-14.6326,1.7893
7,81,-0.5683,-14.2965,1.5900
7,82,-0.5750,-13.9459,1.6011
7,83,-0.5856,-13.5955,1.8258
7,84,-0.6724,-13.2627,1.7225
7,85,-0.7250,-12.9186,1.5652
7,86,-0.7230,-12.5679,1.3016
7,87,-0.6297,-12.2296,1.0333
7,88,-0.4504,-11.9287,0.9130
7,89,-0.2360,-11.6513,0.7087
7,90,0.0300,-11.4232,0.5127
7,91,0.3342,-11.2520,0.2554
7,92,0.6700,-11.1643,1.6794
7,93,0.6374,-10.8655,2.1134
7,94,0.4570,-10.5663,1.8096
7,95,0.3750,-10.2296,2.0465
7,96,0.2150,-9.9191,1.7556
7,97,0.1513,-9.5782,1.6460
7,98,0.1250,-9.2289,1.5708
7,99,0.1250,-8.8779,1.5677
7,100,0.1261,-8.5270,1.4686
7,101,0.1619,-8.1779,1.1748
7,102,0.2938,-7.8624,1.4916
7,103,0.3201,-7.5309,1.9735
7,104,0.1828,-7.2086,1.7508
7,105,0.1205,-6.8665,1.6613
7,106,0.0889,-6.5173,1.5405
7,107,0.0995,-6.1665,1.5405
7,108,0.1101,-5.8158,1.4650
7,109,0.1472,-5.4671,1.2709
7,110,0.2483,-5.1401,1.3487
7,111,0.3248,-4.8013,1.5702
7,112,0.3250,-4.4504,1.6888
7,113,0.2838,-4.1029,2.0148
7,114,0.1350,-3.7900,1.7105
7,115,0.0875,-3.4522,1.5648
7,116,0.0896,-3.1013,1.5363
7,117,0.1017,-2.7505,1.6480
7,118,0.0766,-2.4259,2.8299
7,119,-0.2574,-2.3183,2.8299
7,120,-0.5915,-2.2107,-0.3117
8,0,-0.5931,4.1750,3.1416
8,1,-0.9434,4.1750,3.1416
8,2,-1.2938,4.1750,3.1416
8,3,-1.6442,4.1750,3.1416
8,4,-1.9946,4.1750,3.1416
8,5,-2.3449,4.1750,3.1416
8,6,-2.6953,4.1750,3.1416
8,7,-3.0457,4.1750,3.1416
8,8,-3.3961,4.1750,3.1416
8,9,-3.7464,4.1750,3.1416
8,10,-4.0968,4.1750,3.1416
8,11,-4.4472,4.1750,3.1416
8,12,-4.7976,4.1750,3.1416
8,13,-5.1479,4.1750,3.1416
8,14,-5.4983,4.1750,3.1416
8,15,-5.8487,4.1750,3.1416
8,16,-6.1991,4.1750,3.1416
8,17,-6.5494,4.1750,3.1416
8,18,-6.8998,4.1750,3.1416
8,19,-7.2502,4.1750,3.1416
8,20,-7.6006,4.1750,3.1416
8,21,-7.9510,4.1750,3.1416
8,22,-8.3013,4.1750,3.1416
8,23,-8.6517,4.1750,3.1416
8,24,-9.0021,4.1750,-2.6308
8,25,-9.2870,4.0153,-2.3635
8,26,-9.5366,3.7694,-2.3635
8,27,-9.7861,3.5235,-2.3635
8,28,-10.0357,3.2775,-2.3635
8,29,-10.2852,3.0316,-2.3635
8,30,-10.5348,2.7856,-2.3635
8,31,-10.7843,2.5397,-2.3635
8,32,-11.0339,2.2938,-2.3635
8,33,-11.2835,2.0478,-2.3635
8,34,-11.5330,1.8019,-2.3635
8,35,-11.7826,1.5560,-2.3635
8,36,-12.0321,1.3100,-2.3635
8,37,-12.2817,1.0641,-2.3635
8,38,-12.5312,0.8181,-2.3635
8,39,-12.7808,0.5722,-2.3635
8,40,-13.0303,0.3263,-2.3635
8,41,-13.2799,0.0803,-2.3635
8,42,-13.5294,-0.1656,-2.3635
8,43,-13.7790,-0.4116,-2.3635
8,44,-14.0286,-0.6575,-2.3635
8,45,-14.2781,-0.9034,-2.3635
8,46,-14.5277,-1.1494,-2.3635
8,47,-14.7772,-1.3953,-2.3635
8,48,-15.0268,-1.6412,-2.3635
8,49,-15.2763,-1.8872,-2.3635
8,50,-15.5259,-2.1331,-2.3635
8,51,-15.7754,-2.3791,-2.3635
8,52,-16.0250,-2.6250,-1.5708
8,53,-16.0250,-2.9754,-1.5708
8,54,-16.0250,-3.3258,-1.5708
8,55,-16.0250,-3.6761,-1.5708
8,56,-16.0250,-4.0265,-1.5708
8,57,-16.0250,-4.3769,-1.5708
8,58,-16.0250,-4.7273,-1.5708
8,59,-16.0250,-5.0776,-1.5708
8,60,-16.0250,-5.4280,-1.5708
8,61,-16.0250,-5.7784,-1.5708
8,62,-16.0250,-6.1288,-1.5708
8,63,-16.0250,-6.4791,-1.5708
8,64,-16.0250,-6.8295,-1.5708
8,65,-16.0250,-7.1799,-1.5708
8,66,-16.0250,-7.5303,-1.5708
8,67,-16.0250,-7.8806,-1.5708
8,68,-16.0250,-8.2310,-1.5708
8,69,-16.0250,-8.5814,-1.5708
8,70,-16.0250,-8.9318,-1.5708
8,71,-16.0250,-9.2822,-1.5708
8,72,-16.0250,-9.6325,-1.5708
8,73,-16.0250,-9.9829,-1.5708
8,74,-16.0250,-10.3333,-1.5708
8,75,-16.0250,-10.6837,-1.5708
8,76,-16.0250,-11.0340,-1.5708
8,77,-16.0250,-11.3844,-1.5708
8,78,-16.0250,-11.7348,-1.5708
8,79,-16.0250,-12.0852,-1.5708
8,80,-16.0250,-12.4355,-1.5708
8,81,-16.0250,-12.7859,-1.5708
8,82,-16.0250,-13.1363,-1.5708
8,83,-16.0250,-13.4867,-1.5708
8,84,-16.0250,-13.8370,-1.5708
8,85,-16.0250,-14.1874,-1.5708
8,86,-16.0250,-14.5378,-1.5708
8,87,-16.0250,-14.8882,-1.5708
8,88,-16.0250,-15.2385,-1.5708
8,89,-16.0250,-15.5889,-1.5708
8,90,-16.0250,-15.9393,-1.4326
8,91,-15.9789,-16.2704,-0.7781
8,92,-15.7294,-16.5163,-0.7781
8,93,-15.4798,-16.7623,-0.7781
8,94,-15.2303,-17.0082,-0.7781
8,95,-14.9807,-17.2542,-0.7781
8,96,-14.7312,-17.5001,-0.7781
8,97,-14.4816,-17.7460,-0.7781
8,98,-14.2320,-17.9920,-0.7781
8,99,-13.9825,-18.2379,-0.7781
8,100,-13.7329,-18.4838,-0.7781
8,101,-13.4834,-18.7298,-0.7781
8,102,-13.2338,-18.9757,-0.7781
8,103,-12.9843,-19.2217,-0.7781
8,104,-12.7347,-19.4676,-0.7781
8,105,-12.4852,-19.7135,-0.7781
8,106,-12.2356,-19.9595,-0.7781
8,107,-11.9860,-20.2054,-0.7781
8,108,-11.7365,-20.4514,-0.7781
8,109,-11.4869,-20.6973,-0.7781
8,110,-11.2374,-20.9432,-0.7781
8,111,-10.9878,-21.1892,-0.7781
8,112,-10.7383,-21.4351,-0.7781
8,113,-10.4887,-21.6810,-0.7781
8,114,-10.2392,-21.9270,-0.7781
8,115,-9.9896,-22.1729,-0.7781
8,116,-9.7401,-22.4189,-0.7781
8,117,-9.4905,-22.6648,-0.7781
8,118,-9.2409,-22.9107,-0.3600
8,119,-8.9374,-23.0250,0.0000
8,120,-8.5870,-23.0250,0.0000
8,121,-8.2367,-23.0250,0.0000
8,122,-7.8863,-23.0250,0.0000
8,123,-7.5359,-23.0250,0.0000
8,124,-7.1855,-23.0250,0.0000
8,125,-6.8351,-23.0250,0.0000
8,126,-6.4848,-23.0250,0.0000
8,127,-6.1344,-23.0250,0.0000
8,128,-5.7840,-23.0250,0.0000
8,129,-5.4336,-23.0250,0.0000
8,130,-5.0833,-23.0250,0.0000
8,131,-4.7329,-23.0250,0.0000
8,132,-4.3825,-23.0250,0.0000
8,133,-4.0321,-23.0250,0.0000
8,134,-3.6818,-23.0250,0.0000
8,135,-3.3314,-23.0250,0.0000
8,136,-2.9810,-23.0250,0.0000
8,137,-2.6306,-23.0250,0.0000
8,138,-2.2803,-23.0250,0.0000
8,139,-1.9299,-23.0250,0.0000
8,140,-1.5795,-23.0250,0.0000
8,141,-1.2291,-23.0250,0.0000
8,142,-0.8788,-23.0250,0.0000
8,143,-0.5284,-23.0250,0.0000
8,144,-0.1780,-23.0250,0.0000
8,145,0.1724,-23.0250,0.0000
8,146,0.5228,-23.0250,0.0000
8,147,0.8731,-23.0250,0.0000
8,148,1.2235,-23.0250,0.0000
8,149,1.5739,-23.0250,0.0000
8,150,1.9243,-23.0250,0.0000
8,151,2.2746,-23.0250,0.0000
8,152,2.6250,-23.0250,0.0000
8,153,2.9754,-23.0250,0.0000
8,154,3.3258,-23.0250,0.0000
8,155,3.6761,-23.0250,0.0000
8,156,4.0265,-23.0250,0.0000
8,157,4.3769,-23.0250,0.1090
8,158,4.7122,-22.9883,0.7781
8,159,4.9618,-22.7424,0.7781
8,160,5.2113,-22.4964,0.7781
8,161,5.4609,-22.2505,0.7781
8,162,5.7105,-22.0046,0.7781
8,163,5.9600,-21.7586,0.7781
8,164,6.2096,-21.5127,0.7781
8,165,6.4591,-21.2667,0.7781
8,166,6.7087,-21.0208,0.7781
8,167,6.9582,-20.7749,0.7781
8,168,7.2078,-20.5289,0.7781
8,169,7.4573,-20.2830,0.7781
8,170,7.7069,-20.0370,0.7781
8,171,7.9564,-19.7911,0.7781
8,172,8.2060,-19.5452,0.7781
8,173,8.4556,-19.2992,0.7781
8,174,8.7051,-19.0533,0.7781
8,175,8.9547,-18.8074,0.7781
8,176,9.2042,-18.5614,0.7781
8,177,9.4538,-18.3155,0.7781
8,178,9.7033,-18.0695,0.7781
8,179,9.9529,-17.8236,0.7781
8,180,10.2024,-17.5777,0.7781
8,181,10.4520,-17.3317,0.7781
8,182,10.7016,-17.0858,0.7781
8,183,10.9511,-16.8398,0.7781
8,184,11.2007,-16.5939,0.7781
8,185,11.4502,-16.3480,1.1744
8,186,11.5750,-16.0498,1.5708
8,187,11.5750,-15.6994,1.5708
8,188,11.5750,-15.3491,1.5708
8,189,11.5750,-14.9987,1.5708
8,190,11.5750,-14.6483,1.5708
8,191,11.5750,-14.2979,1.5708
8,192,11.5750,-13.9476,1.5708
8,193,11.5750,-13.5972,1.5708
8,194,11.5750,-13.2468,1.5708
8,195,11.5750,-12.8964,1.5708
8,196,11.5750,-12.5460,1.5708
8,197,11.5750,-12.1957,1.5708
8,198,11.5750,-11.8453,1.5708
8,199,11.5750,-11.4949,1.5708
8,200,11.5750,-11.1445,1.5708
8,201,11.5750,-10.7942,1.5708
8,202,11.5750,-10.4438,1.5708
8,203,11.5750,-10.0934,1.5708
8,204,11.5750,-9.7430,1.5708
8,205,11.5750,-9.3927,1.5708
8,206,11.5750,-9.0423,1.5708
8,207,11.5750,-8.6919,1.5708
8,208,11.5750,-8.3415,1.5708
8,209,11.5750,-7.9912,1.5708
8,210,11.5750,-7.6408,1.5708
8,211,11.5750,-7.2904,1.5708
8,212,11.5750,-6.9400,1.5708
8,213,11.5750,-6.5897,1.5708
8,214,11.5750,-6.2393,1.5708
8,215,11.5750,-5.8889,1.5708
8,216,11.5750,-5.5385,1.5708
8,217,11.5750,-5.1881,1.5708
8,218,11.5750,-4.8378,1.5708
8,219,11.5750,-4.4874,1.5708
8,220,11.5750,-4.1370,1.5708
8,221,11.5750,-3.7866,1.5708
8,222,11.5750,-3.4363,1.5708
8,223,11.5750,-3.0859,1.5708
8,224,11.5750,-2.7355,2.1204
8,225,11.4042,-2.4566,2.3635
8,226,11.1546,-2.2107,2.3635
8,227,10.9050,-1.9648,2.3635
8,228,10.6555,-1.7188,2.3635
8,229,10.4059,-1.4729,2.3635
8,230,10.1564,-1.2269,2.3635
8,231,9.9068,-0.9810,2.3635
8,232,9.6573,-0.7351,2.3635
8,233,9.4077,-0.4891,2.3635
8,234,9.1582,-0.2432,2.3635
8,235,8.9086,0.0028,2.3635
8,236,8.6590,0.2487,2.3635
8,237,8.4095,0.4946,2.3635
8,238,8.1599,0.7406,2.3635
8,239,7.9104,0.9865,2.3635
8,240,7.6608,1.2324,2.3635
8,241,7.4113,1.4784,2.3635
8,242,7.1617,1.7243,2.3635
8,243,6.9122,1.9703,2.3635
8,244,6.6626,2.2162,2.3635
8,245,6.4131,2.4621,2.3635
8,246,6.1635,2.7081,2.3635
8,247,5.9139,2.9540,2.3635
8,248,5.6644,3.2000,2.3635
8,249,5.4148,3.4459,2.3635
8,250,5.1653,3.6918,2.3635
8,251,4.9157,3.9378,2.3886
8,252,4.6626,4.1750,3.1416
8,253,4.3122,4.1750,3.1416
8,254,3.9618,4.1750,3.1416
8,255,3.6115,4.1750,3.1416
8,256,3.2611,4.1750,3.1416
8,257,2.9107,4.1750,3.1416
8,258,2.5603,4.1750,3.1416
8,259,2.2100,4.1750,3.1416
8,260,1.8596,4.1750,3.1416
8,261,1.5092,4.1750,3.1416
8,262,1.1588,4.1750,3.1416
8,263,0.8085,4.1750,3.1416
8,264,0.4581,4.1750,3.1416
8,265,0.1077,4.1750,3.1416
8,266,-0.2427,4.1750,0.0000
9,0,-0.6982,-2.3470,3.0916
9,1,-1.0473,-2.3295,3.1287
9,2,-1.3968,-2.3250,3.1416
9,3,-1.7464,-2.3250,3.1416
9,4,-2.0960,-2.3250,3.1416
9,5,-2.4456,-2.3250,3.1416
9,6,-2.7952,-2.3250,3.1416
9,7,-3.1448,-2.3250,-3.0378
9,8,-3.4925,-2.3612,-3.0323
9,9,-3.8400,-2.3994,-3.0323
9,10,-4.1875,-2.4375,-1.7224
9,11,-4.2402,-2.7826,-1.7720
9,12,-4.3088,-3.1190,-1.6162
9,13,-4.3247,-3.4683,-1.5717
9,14,-4.3250,-3.8179,-1.5708
9,15,-4.3250,-4.1675,-1.5737
9,16,-4.3260,-4.5171,-1.5952
9,17,-4.3346,-4.8666,-1.5597
9,18,-4.3309,-5.1997,-1.5540
9,19,-4.3250,-5.5491,-1.4437
9,20,-4.2817,-5.8877,-1.5516
9,21,-4.2750,-6.2370,-1.6810
9,22,-4.3125,-6.5758,-1.5708
9,23,-4.3125,-6.9254,-1.5447
9,24,-4.3034,-7.2748,-1.5438
9,25,-4.2939,-7.6243,-1.5356
9,26,-4.2816,-7.9737,-1.5182
9,27,-4.2633,-8.3228,-1.4583
9,28,-4.2250,-8.6616,-1.4866
9,29,-4.1961,-9.0039,-1.5098
9,30,-4.1750,-9.3495,-1.5997
9,31,-4.1851,-9.6987,-1.7588
9,32,-4.2501,-10.0406,-1.6173
9,33,-4.2664,-10.3898,-1.5954
9,34,-4.2750,-10.7392,-1.5708
9,35,-4.2750,-11.0888,-1.5708
9,36,-4.2750,-11.4384,-1.5466
9,37,-4.2665,-11.7879,-1.4488
9,38,-4.2250,-12.1266,-1.5820
9,39,-4.2289,-12.4761,-1.6751
9,40,-4.2644,-12.8150,-1.5801
9,41,-4.2677,-13.1646,-1.5801
9,42,-4.2709,-13.5142,-1.5801
9,43,-4.2742,-13.8638,-1.5731
9,44,-4.2750,-14.2134,-1.5708
9,45,-4.2750,-14.5630,-1.5708
9,46,-4.2750,-14.9126,-1.5708
9,47,-4.2750,-15.2622,-1.5708
9,48,-4.2750,-15.6118,-1.5708
9,49,-4.2750,-15.9614,-1.5708
9,50,-4.2750,-16.3110,-1.4490
9,51,-4.2341,-16.6447,-0.8306
9,52,-3.9984,-16.9029,-0.8306
9,53,-3.7626,-17.1610,-0.8306
9,54,-3.5268,-17.4191,-0.8306
9,55,-3.2910,-17.6772,-0.7229
9,56,-3.0396,-17.8990,0.0210
9,57,-2.6901,-17.8916,0.0210
9,58,-2.3406,-17.8843,0.0210
9,59,-1.9911,-17.8769,0.0210
9,60,-1.6415,-17.8696,0.0210
9,61,-1.2920,-17.8622,0.0210
9,62,-0.9425,-17.8548,0.0387
9,63,-0.5933,-17.8413,0.0728
9,64,-0.2446,-17.8159,0.0728
9,65,0.1041,-17.7905,0.0728
9,66,0.4528,-17.7650,1.1219
9,67,0.5947,-17.4705,1.4834
9,68,0.6250,-17.1244,1.7945
9,69,0.5481,-16.7866,1.9512
9,70,0.4203,-16.4669,1.6472
9,71,0.3937,-16.1198,1.5182
9,72,0.4121,-15.7707,2.0344
9,73,0.2569,-15.4604,2.7702
9,74,-0.0687,-15.3335,2.5556
9,75,-0.3594,-15.1406,2.3309
9,76,-0.6000,-14.8876,2.1038
9,77,-0.7763,-14.5886,1.7051
9,78,-0.8230,-14.2432,1.5766
9,79,-0.8250,-13.8937,1.6302
9,80,-0.8457,-13.5453,1.8550
9,81,-0.9423,-13.2147,1.6646
9,82,-0.9750,-12.8673,1.5496
9,83,-0.9676,-12.5182,1.3493
9,84,-0.8914,-12.1800,1.0709
9,85,-0.7241,-11.8737,0.9516
9,86,-0.5214,-11.5892,0.8069
9,87,-0.2804,-11.3376,0.5289
9,88,0.0210,-11.1615,0.5488
9,89,0.3126,-10.9831,1.7785
9,90,0.2507,-10.6893,1.8526
9,91,0.1538,-10.3545,1.9695
9,92,0.0184,-10.0332,1.8744
9,93,-0.0841,-9.7058,1.6880
9,94,-0.1250,-9.3586,1.5708
9,95,-0.1250,-9.0090,1.5708
9,96,-0.1250,-8.6594,1.4954
9,97,-0.0987,-8.3114,1.4196
9,98,-0.0463,-7.9677,1.2594
9,99,0.0579,-7.6439,1.8012
9,100,-0.0204,-7.3099,1.8552
9,101,-0.1173,-6.9787,1.6791
9,102,-0.1550,-6.6311,1.5678
9,103,-0.1540,-6.2821,1.5405
9,104,-0.1434,-5.9326,1.5003
9,105,-0.1188,-5.5843,1.4494
9,106,-0.0765,-5.2372,1.2112
9,107,0.0453,-4.9131,1.4855
9,108,0.0750,-4.5662,1.6529
9,109,0.0464,-4.2189,1.9659
9,110,-0.0869,-3.8993,1.7691
9,111,-0.1555,-3.5576,1.6266
9,112,-0.1750,-3.2087,1.5708
9,113,-0.1750,-2.8591,1.5392
9,114,-0.1639,-2.5097,2.4760
9,115,-0.3490,-2.3644,-0.6656
10,0,-0.2427,4.1750,3.1416
10,1,-0.5931,4.1750,3.1416
10,2,-0.9434,4.1750,3.1416
10,3,-1.2938,4.1750,3.1416
10,4,-1.6442,4.1750,3.1416
10,5,-1.9946,4.1750,3.1416
10,6,-2.3449,4.1750,3.1416
10,7,-2.6953,4.1750,3.1416
10,8,-3.0457,4.1750,3.1416
10,9,-3.3961,4.1750,3.1416
10,10,-3.7464,4.1750,3.1416
10,11,-4.0968,4.1750,3.1416
10,12,-4.4472,4.1750,3.1416
10,13,-4.7976,4.1750,3.1416
10,14,-5.1479,4.1750,3.1416
10,15,-5.4983,4.1750,3.1416
10,16,-5.8487,4.1750,3.1416
10,17,-6.1991,4.1750,3.1416
10,18,-6.5494,4.1750,3.1416
10,19,-6.8998,4.1750,3.1416
10,20,-7.2502,4.1750,3.1416
10,21,-7.6006,4.1750,3.1416
10,22,-7.9510,4.1750,3.1416
10,23,-8.3013,4.1750,3.1416
10,24,-8.6517,4.1750,3.1416
10,25,-9.0021,4.1750,-2.6308
10,26,-9.2870,4.0153,-2.3635
10,27,-9.5366,3.7694,-2.3635
10,28,-9.7861,3.5235,-2.3635
10,29,-10.0357,3.2775,-2.3635
10,30,-10.2852,3.0316,-2.3635
10,31,-10.5348,2.7856,-2.3635
10,32,-10.7843,2.5397,-2.3635
10,33,-11.0339,2.2938,-2.3635
10,34,-11.2835,2.0478,-2.3635
10,35,-11.5330,1.8019,-2.3635
10,36,-11.7826,1.5560,-2.3635
10,37,-12.0321,1.3100,-2.3635
10,38,-12.2817,1.0641,-2.3635
10,39,-12.5312,0.8181,-2.3635
10,40,-12.7808,0.5722,-2.3635
10,41,-13.0303,0.3263,-2.3635
10,42,-13.2799,0.0803,-2.3635
10,43,-13.5294,-0.1656,-2.3635
10,44,-13.7790,-0.4116,-2.3635
10,45,-14.0286,-0.6575,-2.3635
10,46,-14.2781,-0.9034,-2.3635
10,47,-14.5277,-1.1494,-2.3635
10,48,-14.7772,-1.3953,-2.3635
10,49,-15.0268,-1.6412,-2.3635
10,50,-15.2763,-1.8872,-2.3635
10,51,-15.5259,-2.1331,-2.3635
10,52,-15.7754,-2.3791,-2.3635
10,53,-16.0250,-2.6250,-1.5708
10,54,-16.0250,-2.9754,-1.5708
10,55,-16.0250,-3.3258,-1.5708
10,56,-16.0250,-3.6761,-1.5708
10,57,-16.0250,-4.0265,-1.5708
10,58,-16.0250,-4.3769,-1.5708
10,59,-16.0250,-4.7273,-1.5708
10,60,-16.0250,-5.0776,-1.5708
10,61,-16.0250,-5.4280,-1.5708
10,62,-16.0250,-5.7784,-1.5708
10,63,-16.0250,-6.1288,-1.5708
10,64,-16.0250,-6.4791,-1.5708
10,65,-16.0250,-6.8295,-1.5708
10,66,-16.0250,-7.1799,-1.5708
10,67,-16.0250,-7.5303,-1.5708
10,68,-16.0250,-7.8806,-1.5708
10,69,-16.0250,-8.2310,-1.5708
10,70,-16.0250,-8.5814,-1.5708
10,71,-16.0250,-8.9318,-1.5708
10,72,-16.0250,-9.2822,-1.5708
10,73,-16.0250,-9.6325,-1.5708
10,74,-16.0250,-9.9829,-1.5708
10,75,-16.0250,-10.3333,-1.5708
10,76,-16.0250,-10.6837,-1.5708
10,77,-16.0250,-11.0340,-1.5708
10,78,-16.0250,-11.3844,-1.5708
10,79,-16.0250,-11.7348,-1.5708
10,80,-16.0250,-12.0852,-1.5708
10,81,-16.0250,-12.4355,-1.5708
10,82,-16.0250,-12.7859,-1.5708
10,83,-16.0250,-13.1363,-1.5708
10,84,-16.0250,-13.4867,-1.5708
10,85,-16.0250,-13.8370,-1.5708
10,86,-16.0250,-14.1874,-1.5708
10,87,-16.0250,-14.5378,-1.5708
10,88,-16.0250,-14.8882,-1.5708
10,89,-16.0250,-15.2385,-1.5708
10,90,-16.0250,-15.5889,-1.5708
10,91,-16.0250,-15.9393,-1.4326
10,92,-15.9789,-16.2704,-0.7781
10,93,-15.7294,-16.5163,-0.7781
10,94,-15.4798,-16.7623,-0.7781
10,95,-15.2303,-17.0082,-0.7781
10,96,-14.9807,-17.2542,-0.7781
10,97,-14.7312,-17.5001,-0.7781
10,98,-14.4816,-17.7460,-0.7781
10,99,-14.2320,-17.9920,-0.7781
10,100,-13.9825,-18.2379,-0.7781
10,101,-13.7329,-18.4838,-0.7781
10,102,-13.4834,-18.7298,-0.7781
10,103,-13.2338,-18.9757,-0.7781
10,104,-12.9843,-19.2217,-0.7781
10,105,-12.7347,-19.4676,-0.7781
10,106,-12.4852,-19.7135,-0.7781
10,107,-12.2356,-19.9595,-0.7781
10,108,-11.9860,-20.2054,-0.7781
10,109,-11.7365,-20.4514,-0.7781
10,110,-11.4869,-20.6973,-0.7781
10,111,-11.2374,-20.9432,-0.7781
10,112,-10.9878,-21.1892,-0.7781
10,113,-10.7383,-21.4351,-0.7781
10,114,-10.4887,-21.6810,-0.7781
10,115,-10.2392,-21.9270,-0.7781
10,116,-9.9896,-22.1729,-0.7781
10,117,-9.7401,-22.4189,-0.7781
10,118,-9.4905,-22.6648,-0.7781
10,119,-9.2409,-22.9107,-0.3600
10,120,-8.9374,-23.0250,0.0000
10,121,-8.5870,-23.0250,0.0000
10,122,-8.2367,-23.0250,0.0000
10,123,-7.8863,-23.0250,0.0000
10,124,-7.5359,-23.0250,0.0000
10,125,-7.1855,-23.0250,0.0000
10,126,-6.8351,-23.0250,0.0000
10,127,-6.4848,-23.0250,0.0000
10,128,-6.1344,-23.0250,0.0000
10,129,-5.7840,-23.0250,0.0000
10,130,-5.4336,-23.0250,0.0000
10,131,-5.0833,-23.0250,0.0000
10,132,-4.7329,-23.0250,0.0000
10,133,-4.3825,-23.0250,0.0000
10,134,-4.0321,-23.0250,0.0000
10,135,-3.6818,-23.0250,0.0000
10,136,-3.3314,-23.0250,0.0000
10,137,-2.9810,-23.0250,0.0000
10,138,-2.6306,-23.0250,0.0000
10,139,-2.2803,-23.0250,0.0000
10,140,-1.9299,-23.0250,0.0000
10,141,-1.5795,-23.0250,0.0000
10,142,-1.2291,-23.0250,0.0000
10,143,-0.8788,-23.0250,0.0000
10,144,-0.5284,-23.0250,0.0000
10,145,-0.1780,-23.0250,0.0000
10,146,0.1724,-23.0250,0.0000
10,147,0.5228,-23.0250,0.0000
10,148,0.8731,-23.0250,0.0000
10,149,1.2235,-23.0250,0.0000
10,150,1.5739,-23.0250,0.0000
10,151,1.9243,-23.0250,0.0000
10,152,2.2746,-23.0250,0.0000
10,153,2.6250,-23.0250,0.0000
10,154,2.9754,-23.0250,0.0000
10,155,3.3258,-23.0250,0.0000
10,156,3.6761,-23.0250,0.0000
10,157,4.0265,-23.0250,0.0000
10,158,4.3769,-23.0250,0.1090
10,159,4.7122,-22.9883,0.7781
10,160,4.9618,-22.7424,0.7781
10,161,5.2113,-22.4964,0.7781
10,162,5.4609,-22.2505,0.7781
10,163,5.7105,-22.0046,0.7781
10,164,5.9600,-21.7586,0.7781
10,165,6.2096,-21.5127,0.7781
10,166,6.4591,-21.2667,0.7781
10,167,6.7087,-21.0208,0.7781
10,168,6.9582,-20.7749,0.7781
10,169,7.2078,-20.5289,0.7781
10,170,7.4573,-20.2830,0.7781
10,171,7.7069,-20.0370,0.7781
10,172,7.9564,-19.7911,0.7781
10,173,8.2060,-19.5452,0.7781
10,174,8.4556,-19.2992,0.7781
10,175,8.7051,-19.0533,0.7781
10,176,8.9547,-18.8074,0.7781
10,177,9.2042,-18.5614,0.7781
10,178,9.4538,-18.3155,0.7781
10,179,9.7033,-18.0695,0.7781
10,180,9.9529,-17.8236,0.7781
10,181,10.2024,-17.5777,0.7781
10,182,10.4520,-17.3317,0.7781
10,183,10.7016,-17.0858,0.7781
10,184,10.9511,-16.8398,0.7781
10,185,11.2007,-16.5939,0.7781
10,186,11.4502,-16.3480,1.1744
10,187,11.5750,-16.0498,1.5708
10,188,11.5750,-15.6994,1.5708
10,189,11.5750,-15.3491,1.5708
10,190,11.5750,-14.9987,1.5708
10,191,11.5750,-14.6483,1.5708
10,192,11.5750,-14.2979,1.5708
10,193,11.5750,-13.9476,1.5708
10,194,11.5750,-13.5972,1.5708
10,195,11.5750,-13.2468,1.5708
10,196,11.5750,-12.8964,1.5708
10,197,11.5750,-12.5460,1.5708
10,198,11.5750,-12.1957,1.5708
10,199,11.5750,-11.8453,1.5708
10,200,11.5750,-11.4949,1.5708
10,201,11.5750,-11.1445,1.5708
10,202,11.5750,-10.7942,1.5708
10,203,11.5750,-10.4438,1.5708
10,204,11.5750,-10.0934,1.5708
10,205,11.5750,-9.7430,1.5708
10,206,11.5750,-9.3927,1.5708
10,207,11.5750,-9.0423,1.5708
10,208,11.5750,-8.6919,1.5708
10,209,11.5750,-8.3415,1.5708
10,210,11.5750,-7.9912,1.5708
10,211,11.5750,-7.6408,1.5708
10,212,11.5750,-7.2904,1.5708
10,213,11.5750,-6.9400,1.5708
10,214,11.5750,-6.5897,1.5708
10,215,11.5750,-6.2393,1.5708
10,216,11.5750,-5.8889,1.5708
10,217,11.5750,-5.5385,1.5708
10,218,11.5750,-5.1881,1.5708
10,219,11.5750,-4.8378,1.5708
10,220,11.5750,-4.4874,1.5708
10,221,11.5750,-4.1370,1.5708
10,222,11.5750,-3.7866,1.5708
10,223,11.5750,-3.4363,1.5708
10,224,11.5750,-3.0859,1.5708
10,225,11.5750,-2.7355,2.1204
10,226,11.4042,-2.4566,2.3635
10,227,11.1546,-2.2107,2.3635
10,228,10.9050,-1.9648,2.3635
10,229,10.6555,-1.7188,2.3635
10,230,10.4059,-1.4729,2.3635
10,231,10.1564,-1.2269,2.3635
10,232,9.9068,-0.9810,2.3635
10,233,9.6573,-0.7351,2.3635
10,234,9.4077,-0.4891,2.3635
10,235,9.1582,-0.2432,2.3635
10,236,8.9086,0.0028,2.3635
10,237,8.6590,0.2487,2.3635
10,238,8.4095,0.4946,2.3635
10,239,8.1599,0.7406,2.3635
10,240,7.9104,0.9865,2.3635
10,241,7.6608,1.2324,2.3635
10,242,7.4113,1.4784,2.3635
10,243,7.1617,1.7243,2.3635
10,244,6.9122,1.9703,2.3635
10,245,6.6626,2.2162,2.3635
10,246,6.4131,2.4621,2.3635
10,247,6.1635,2.7081,2.3635
10,248,5.9139,2.9540,2.3635
10,249,5.6644,3.2000,2.3635
10,250,5.4148,3.4459,2.3635
10,251,5.1653,3.6918,2.3635
10,252,4.9157,3.9378,2.3886
10,253,4.6626,4.1750,3.1416
10,254,4.3122,4.1750,3.1416
10,255,3.9618,4.1750,3.1416
10,256,3.6115,4.1750,3.1416
10,257,3.2611,4.1750,3.1416
10,258,2.9107,4.1750,3.1416
10,259,2.5603,4.1750,3.1416
10,260,2.2100,4.1750,3.1416
10,261,1.8596,4.1750,3.1416
10,262,1.5092,4.1750,3.1416
10,263,1.1588,4.1750,3.1416
10,264,0.8085,4.1750,3.1416
10,265,0.4581,4.1750,3.1416
10,266,0.1077,4.1750,0.0000
11,0,-1.2339,-2.5370,3.1071
11,1,-1.5808,-2.5250,3.1416
11,2,-1.9294,-2.5250,3.1416
11,3,-2.2779,-2.5250,3.1416
11,4,-2.6265,-2.5250,3.1416
11,5,-2.9751,-2.5250,-3.0470
11,6,-3.3215,-2.5579,-3.0090
11,7,-3.6670,-2.6039,-3.0090
11,8,-4.0125,-2.6500,-1.8010
11,9,-4.0916,-2.9875,-1.6176
11,10,-4.1079,-3.3357,-1.6176
11,11,-4.1242,-3.6839,-1.5730
11,12,-4.1250,-4.0324,-1.5708
11,13,-4.1250,-4.3810,-1.5708
11,14,-4.1250,-4.7296,-1.5693
11,15,-4.1245,-5.0781,-1.5526
11,16,-4.1182,-5.4266,-1.4804
11,17,-4.0875,-5.7648,-1.5723
11,18,-4.0880,-6.1134,-1.6092
11,19,-4.1014,-6.4617,-1.6026
11,20,-4.1125,-6.8101,-1.4926
11,21,-4.0860,-7.1482,-1.5392
11,22,-4.0750,-7.4966,-1.5708
11,23,-4.0750,-7.8452,-1.5462
11,24,-4.0664,-8.1936,-1.4488
11,25,-4.0250,-8.5312,-1.5477
11,26,-4.0170,-8.8795,-1.4472
11,27,-3.9750,-9.2172,-1.5708
11,28,-3.9750,-9.5658,-1.6432
11,29,-4.0002,-9.9133,-1.7389
11,30,-4.0582,-10.2547,-1.6191
11,31,-4.0750,-10.6028,-1.5708
11,32,-4.0750,-10.9514,-1.5708
11,33,-4.0750,-11.3000,-1.5545
11,34,-4.0693,-11.6485,-1.4625
11,35,-4.0326,-11.9864,-1.5491
11,36,-4.0250,-12.3348,-1.6816
11,37,-4.0626,-12.6726,-1.5806
11,38,-4.0660,-13.0211,-1.5806
11,39,-4.0694,-13.3697,-1.5806
11,40,-4.0729,-13.7182,-1.5770
11,41,-4.0750,-14.0668,-1.5708
11,42,-4.0750,-14.4154,-1.5708
11,43,-4.0750,-14.7639,-1.5708
11,44,-4.0750,-15.1125,-1.5708
11,45,-4.0750,-15.4611,-1.5708
11,46,-4.0750,-15.8097,-1.5708
11,47,-4.0750,-16.1582,-1.4838
11,48,-4.0456,-16.4956,-0.8442
11,49,-3.8140,-16.7561,-0.8442
11,50,-3.5824,-17.0167,-0.8442
11,51,-3.3508,-17.2772,-0.8442
11,52,-3.1192,-17.5377,-0.5239
11,53,-2.8436,-17.6970,0.0227
11,54,-2.4951,-17.6891,0.0227
11,55,-2.1466,-17.6812,0.0227
11,56,-1.7981,-17.6733,0.0227
11,57,-1.4496,-17.6653,0.0227
11,58,-1.1011,-17.6574,0.0262
11,59,-0.7527,-17.6483,0.0776
11,60,-0.4052,-17.6212,0.0776
11,61,-0.0577,-17.5942,0.0776
11,62,0.2898,-17.5672,1.1228
11,63,0.4250,-17.2860,1.7145
11,64,0.3756,-16.9445,1.9942
11,65,0.2329,-16.6278,1.7381
11,66,0.1750,-16.2852,1.5601
11,67,0.1787,-15.9367,1.7823
11,68,0.1154,-15.6419,2.7134
11,69,-0.2006,-15.4977,2.5644
11,70,-0.4922,-15.3078,2.3392
11,71,-0.7342,-15.0575,2.1321
11,72,-0.9189,-14.7637,1.8191
11,73,-1.0038,-14.4290,1.6319
11,74,-1.0250,-14.0819,1.5845
11,75,-1.0298,-13.7336,1.7481
11,76,-1.0907,-13.3936,1.7964
11,77,-1.1678,-13.0579,1.5916
11,78,-1.1750,-12.7098,1.4911
11,79,-1.1473,-12.3633,1.2710
11,80,-1.0453,-12.0333,1.0670
11,81,-0.8773,-11.7284,0.8843
11,82,-0.6567,-11.4593,0.7906
11,83,-0.4116,-11.2116,0.6858
11,84,-0.1422,-10.9911,0.9435
11,85,0.0249,-10.7607,1.8386
11,86,-0.0662,-10.4288,1.9757
11,87,-0.2035,-10.1084,1.7461
11,88,-0.2642,-9.7658,1.7301
11,89,-0.3195,-9.4217,1.5866
11,90,-0.3250,-9.0736,1.5708
11,91,-0.3250,-8.7250,1.5362
11,92,-0.3129,-8.3769,1.4821
11,93,-0.2821,-8.0297,1.2569
11,94,-0.1753,-7.7007,1.7091
11,95,-0.2227,-7.3601,1.9082
11,96,-0.3373,-7.0333,1.6795
11,97,-0.3750,-6.6883,1.5488
11,98,-0.3673,-6.3400,1.4482
11,99,-0.3257,-6.0022,1.5687
11,100,-0.3250,-5.6537,1.4833
11,101,-0.2946,-5.3073,1.2284
11,102,-0.1789,-4.9829,1.4147
11,103,-0.1250,-4.6402,1.6376
11,104,-0.1482,-4.2936,1.9567
11,105,-0.2780,-3.9741,1.7899
11,106,-0.3535,-3.6350,1.6325
11,107,-0.3750,-3.2871,1.5708
11,108,-0.3750,-2.9385,2.3141
11,109,-0.5647,-2.7322,2.8578
11,110,-0.8993,-2.6346,-0.2838
12,0,-0.7964,3.0463,-0.0120
12,1,-0.4464,3.0421,-0.0120
12,2,-0.0964,3.0379,0.1353
12,3,0.2425,3.0840,0.0447
12,4,0.5921,3.0997,0.0620
12,5,0.9406,3.1213,0.3045
12,6,1.2745,3.2263,0.6785
12,7,1.5416,3.4416,0.6345
12,8,1.8225,3.6483,0.4535
12,9,2.1361,3.8012,0.2087
12,10,2.4750,3.8730,0.1017
12,11,2.8232,3.9085,-0.0139
12,12,3.1729,3.9036,-0.0286
12,13,3.5228,3.8936,-0.0079
12,14,3.8727,3.8909,0.0250
12,15,4.2227,3.8996,0.2016
12,16,4.5622,3.9690,0.0171
12,17,4.9119,3.9750,-0.0614
12,18,5.2610,3.9535,-0.2012
12,19,5.6019,3.8840,-0.0258
12,20,5.9515,3.8750,-0.2301
12,21,6.2904,3.7956,-0.4448
12,22,6.6052,3.6455,-0.5927
12,23,6.8944,3.4508,-0.7727
12,24,7.1436,3.2078,-0.8116
12,25,7.3838,2.9547,-0.5940
12,26,7.6722,2.7599,-0.6817
12,27,7.9429,2.5402,-0.9099
12,28,8.1572,2.2646,-1.0855
12,29,8.3201,1.9557,-1.2914
12,30,8.4162,1.6208,-1.4646
12,31,8.4532,1.2735,-1.4390
12,32,8.4991,0.9272,-1.2892
12,33,8.5961,0.5920,-1.4196
12,34,8.6485,0.2481,-1.4950
12,35,8.6750,-0.1008,-1.5708
12,36,8.6750,-0.4508,-1.5708
12,37,8.6750,-0.8009,-1.6317
12,38,8.6537,-1.1500,-1.6626
12,39,8.6217,-1.4983,-1.8638
12,40,8.5206,-1.8334,-1.7021
12,41,8.4750,-2.1787,-1.8827
12,42,8.3681,-2.5101,-2.0580
12,43,8.2046,-2.8187,-2.2338
12,44,7.9898,-3.0938,-2.4865
12,45,7.7129,-3.3065,-2.6392
12,46,7.4064,-3.4749,-2.8486
12,47,7.0741,-3.5752,-2.9982
12,48,6.7292,-3.6250,3.1416
12,49,6.3792,-3.6250,-2.7399
12,50,6.0697,-3.7565,-1.7817
12,51,6.0042,-4.0625,-1.2803
12,52,6.1030,-4.3932,-0.9083
12,53,6.3150,-4.6650,-0.8939
12,54,6.5336,-4.9371,-1.0930
12,55,6.6940,-5.2468,-1.3548
12,56,6.7688,-5.5876,-1.4832
12,57,6.7993,-5.9356,-1.4897
12,58,6.8276,-6.2838,-1.3609
12,59,6.9005,-6.6261,-1.1217
12,60,7.0522,-6.9407,-1.4344
12,61,7.0998,-7.2875,-1.4573
12,62,7.1394,-7.6349,-1.5452
12,63,7.1483,-7.9849,-1.5452
12,64,7.1573,-8.3348,-1.6136
12,65,7.1424,-8.6834,-1.7079
12,66,7.0945,-9.0301,-1.8082
12,67,7.0131,-9.3669,-2.0132
12,68,6.8632,-9.6832,-2.1606
12,69,6.6690,-9.9735,-2.2393
12,70,6.4526,-10.2474,-2.3562
12,71,6.2051,-10.4949,-1.9886
12,72,6.0676,-10.8047,-1.8158
12,73,5.9827,-11.1443,-1.6906
12,74,5.9412,-11.4887,-1.5481
12,75,5.9492,-11.8387,-1.5481
12,76,5.9571,-12.1886,-1.5410
12,77,5.9675,-12.5385,-1.5264
12,78,5.9831,-12.8882,-1.4844
12,79,6.0125,-13.2278,-1.5736
12,80,6.0115,-13.5778,-1.5952
12,81,6.0030,-13.9278,-1.5952
12,82,5.9944,-14.2777,-1.5831
12,83,5.9902,-14.6276,-1.5300
12,84,6.0044,-14.9774,-1.3919
12,85,6.0660,-15.3176,-1.4665
12,86,6.1022,-15.6633,-1.5200
12,87,6.1199,-16.0129,-1.5563
12,88,6.1250,-16.3628,-1.5708
12,89,6.1250,-16.7129,-1.5708
12,90,6.1250,-17.0629,-1.5746
12,91,6.1237,-17.4129,-1.6234
12,92,6.1053,-17.7625,-1.6372
12,93,6.0821,-18.1108,-1.8350
12,94,5.9921,-18.4433,-1.5170
12,95,6.0109,-18.7922,-1.4121
12,96,6.0650,-19.1300,-1.5495
12,97,6.0724,-19.4800,-1.5635
12,98,6.0750,-19.8300,-1.5708
12,99,6.0750,-20.1801,-1.5708
12,100,6.0750,-20.5301,-1.5787
12,101,6.0722,-20.8801,-1.5921
12,102,6.0648,-21.2301,-1.6877
12,103,6.0250,-21.5689,-1.9166
12,104,5.9071,-21.8960,-2.0608
12,105,5.7424,-22.2049,-2.1578
12,106,5.5486,-22.4962,-2.3792
12,107,5.2962,-22.7372,-2.5694
12,108,5.0027,-22.9263,-0.2206
12,109,5.2128,-22.9734,-0.0397
12,110,5.5626,-22.9873,-0.0397
12,111,5.9123,-23.0012,-0.0397
12,112,6.2621,-23.0151,-0.0284
12,113,6.6119,-23.0250,0.0000
12,114,6.9620,-23.0250,0.0000
12,115,7.3120,-23.0250,0.0000
12,116,7.6621,-23.0250,0.0000
12,117,8.0121,-23.0250,0.0000
12,118,8.3622,-23.0250,0.0000
12,119,8.7122,-23.0250,0.0000
12,120,9.0622,-23.0250,0.0000
12,121,9.4123,-23.0250,0.0000
12,122,9.7623,-23.0250,0.8830
12,123,9.9417,-22.8067,1.3275
12,124,10.0260,-22.4670,1.3275
12,125,10.1103,-22.1273,1.3275
12,126,10.1946,-21.7875,1.3275
12,127,10.2789,-21.4478,1.3275
12,128,10.3632,-21.1081,1.3275
12,129,10.4475,-20.7683,1.3275
12,130,10.5318,-20.4286,1.3275
12,131,10.6161,-20.0888,1.3275
12,132,10.7005,-19.7491,1.3275
12,133,10.7848,-19.4094,1.3275
12,134,10.8691,-19.0696,1.3275
12,135,10.9534,-18.7299,1.3275
12,136,11.0377,-18.3901,1.3275
12,137,11.1220,-18.0504,1.3275
12,138,11.2063,-17.7107,1.3275
12,139,11.2906,-17.3709,1.3275
12,140,11.3749,-17.0312,1.3275
12,141,11.4592,-16.6915,1.3275
12,142,11.5436,-16.3517,1.4802
12,143,11.5750,-16.0055,1.5708
12,144,11.5750,-15.6555,1.5708
12,145,11.5750,-15.3054,1.5708
12,146,11.5750,-14.9554,1.5708
12,147,11.5750,-14.6053,1.5708
12,148,11.5750,-14.2553,1.5708
12,149,11.5750,-13.9053,1.5708
12,150,11.5750,-13.5552,1.5708
12,151,11.5750,-13.2052,1.5708
12,152,11.5750,-12.8551,1.5708
12,153,11.5750,-12.5051,1.5708
12,154,11.5750,-12.1550,1.5708
12,155,11.5750,-11.8050,1.5708
12,156,11.5750,-11.4550,1.5708
12,157,11.5750,-11.1049,1.5708
12,158,11.5750,-10.7549,1.5708
12,159,11.5750,-10.4048,1.5708
12,160,11.5750,-10.0548,1.5708
12,161,11.5750,-9.7047,1.5708
12,162,11.5750,-9.3547,1.5708
12,163,11.5750,-9.0047,1.5708
12,164,11.5750,-8.6546,1.5708
12,165,11.5750,-8.3046,1.5708
12,166,11.5750,-7.9545,1.5708
12,167,11.5750,-7.6045,1.5708
12,168,11.5750,-7.2544,1.5708
12,169,11.5750,-6.9044,1.5708
12,170,11.5750,-6.5543,1.5708
12,171,11.5750,-6.2043,1.5708
12,172,11.5750,-5.8543,1.5708
12,173,11.5750,-5.5042,1.5708
12,174,11.5750,-5.1542,1.5708
12,175,11.5750,-4.8041,1.5708
12,176,11.5750,-4.4541,1.5708
12,177,11.5750,-4.1040,1.5708
12,178,11.5750,-3.7540,1.5708
12,179,11.5750,-3.4040,1.5708
12,180,11.5750,-3.0539,1.5708
12,181,11.5750,-2.7039,2.1931
12,182,11.3819,-2.4347,2.3635
12,183,11.1325,-2.1890,2.3635
12,184,10.8832,-1.9432,2.3635
12,185,10.6339,-1.6975,2.3635
12,186,10.3846,-1.4518,2.3635
12,187,10.1353,-1.2061,2.3635
12,188,9.8859,-0.9604,2.3635
12,189,9.6366,-0.7147,2.3635
12,190,9.3873,-0.4690,2.3635
12,191,9.1380,-0.2233,2.3635
12,192,8.8887,0.0224,2.3635
12,193,8.6394,0.2681,2.3635
12,194,8.3900,0.5138,2.3635
12,195,8.1407,0.7595,2.3635
12,196,7.8914,1.0052,2.3635
12,197,7.6421,1.2509,2.3635
12,198,7.3928,1.4966,2.3635
12,199,7.1435,1.7423,2.3635
12,200,6.8941,1.9880,2.3635
12,201,6.6448,2.2337,2.3635
12,202,6.3955,2.4794,2.3635
12,203,6.1462,2.7251,2.3635
12,204,5.8969,2.9708,2.3635
12,205,5.6475,3.2166,2.3635
12,206,5.3982,3.4623,2.3635
12,207,5.1489,3.7080,2.3635
12,208,4.8996,3.9537,2.4350
12,209,4.6403,4.1750,3.1416
12,210,4.2902,4.1750,3.1416
12,211,3.9402,4.1750,3.1416
12,212,3.5901,4.1750,3.1416
12,213,3.2401,4.1750,3.1416
12,214,2.8901,4.1750,3.1416
12,215,2.5400,4.1750,3.1416
12,216,2.1900,4.1750,3.1416
12,217,1.8399,4.1750,3.1416
12,218,1.4899,4.1750,3.1416
12,219,1.1398,4.1750,3.1416
12,220,0.7898,4.1750,3.1416
12,221,0.4398,4.1750,3.1416
12,222,0.0897,4.1750,3.1416
12,223,-0.2603,4.1750,3.1416
12,224,-0.6104,4.1750,3.1416
12,225,-0.9604,4.1750,3.1416
12,226,-1.3105,4.1750,3.1416
12,227,-1.6605,4.1750,3.1416
12,228,-2.0105,4.1750,3.1416
12,229,-2.3606,4.1750,3.1416
12,230,-2.7106,4.1750,3.1416
12,231,-3.0607,4.1750,3.1416
12,232,-3.4107,4.1750,3.1416
12,233,-3.7608,4.1750,3.1416
12,234,-4.1108,4.1750,3.1416
12,235,-4.4608,4.1750,3.1416
12,236,-4.8109,4.1750,3.1416
12,237,-5.1609,4.1750,3.1416
12,238,-5.5110,4.1750,3.1416
12,239,-5.8610,4.1750,3.1416
12,240,-6.2111,4.1750,3.1416
12,241,-6.5611,4.1750,3.1416
12,242,-6.9111,4.1750,3.1416
12,243,-7.2612,4.1750,3.1416
12,244,-7.6112,4.1750,3.1416
12,245,-7.9613,4.1750,3.1416
12,246,-8.3113,4.1750,3.1416
12,247,-8.6614,4.1750,3.1416
12,248,-9.0114,4.1750,-2.6096
12,249,-9.2934,4.0090,-2.3635
12,250,-9.5427,3.7633,-2.3635
12,251,-9.7920,3.5176,-2.3635
12,252,-10.0414,3.2719,-2.3635
12,253,-10.2907,3.0262,-2.3635
12,254,-10.5400,2.7805,-2.3635
12,255,-10.7893,2.5348,-2.3635
12,256,-11.0386,2.2891,-2.3635
12,257,-11.2880,2.0434,-2.3635
12,258,-11.5373,1.7977,-2.3635
12,259,-11.7866,1.5520,-2.3635
12,260,-12.0359,1.3063,-2.3635
12,261,-12.2852,1.0606,-2.3635
12,262,-12.5345,0.8149,-2.3635
12,263,-12.7839,0.5692,-2.3635
12,264,-13.0332,0.3235,-2.3635
12,265,-13.2825,0.0778,-2.3635
12,266,-13.5318,-0.1680,-2.3635
12,267,-13.7811,-0.4137,-2.3635
12,268,-14.0305,-0.6594,-2.3635
12,269,-14.2798,-0.9051,-2.3635
12,270,-14.5291,-1.1508,-2.3635
12,271,-14.7784,-1.3965,-2.3635
12,272,-15.0277,-1.6422,-2.3635
12,273,-15.2770,-1.8879,-2.3635
12,274,-15.5264,-2.1336,-2.3635
12,275,-15.7757,-2.3793,-2.3635
12,276,-16.0250,-2.6250,-1.5708
12,277,-16.0250,-2.9750,-1.5708
12,278,-16.0250,-3.3251,-1.5708
12,279,-16.0250,-3.6751,-1.5708
12,280,-16.0250,-4.0252,-1.5708
12,281,-16.0250,-4.3752,-1.5708
12,282,-16.0250,-4.7253,-1.5708
12,283,-16.0250,-5.0753,-1.5708
12,284,-16.0250,-5.4253,-1.5708
12,285,-16.0250,-5.7754,-1.5708
12,286,-16.0250,-6.1254,-1.5708
12,287,-16.0250,-6.4755,-1.5708
12,288,-16.0250,-6.8255,-1.5708
12,289,-16.0250,-7.1756,-1.5708
12,290,-16.0250,-7.5256,-1.5708
12,291,-16.0250,-7.8756,-1.5708
12,292,-16.0250,-8.2257,-1.5708
12,293,-16.0250,-8.5757,-1.5708
12,294,-16.0250,-8.9258,-1.5708
12,295,-16.0250,-9.2758,-1.5708
12,296,-16.0250,-9.6259,-1.5708
12,297,-16.0250,-9.9759,-1.5708
12,298,-16.0250,-10.3260,-1.5708
12,299,-16.0250,-10.6760,-1.5708
12,300,-16.0250,-11.0260,-1.5708
12,301,-16.0250,-11.3761,-1.5708
12,302,-16.0250,-11.7261,-1.5708
12,303,-16.0250,-12.0762,-1.5708
12,304,-16.0250,-12.4262,-1.5708
12,305,-16.0250,-12.7763,-1.5708
12,306,-16.0250,-13.1263,-1.5708
12,307,-16.0250,-13.4763,-1.5708
12,308,-16.0250,-13.8264,-1.5708
12,309,-16.0250,-14.1764,-1.5708
12,310,-16.0250,-14.5265,-1.5708
12,311,-16.0250,-14.8765,-1.5708
12,312,-16.0250,-15.2266,-1.5708
12,313,-16.0250,-15.5766,-1.5708
12,314,-16.0250,-15.9266,-1.4909
12,315,-15.9976,-16.2688,-1.0122
12,316,-15.8121,-16.5657,-1.0122
12,317,-15.6266,-16.8625,-1.0122
12,318,-15.4410,-17.1593,-1.0122
12,319,-15.2555,-17.4562,-1.0122
12,320,-15.0700,-17.7530,-1.0122
12,321,-14.8845,-18.0498,-1.0122
12,322,-14.6989,-18.3467,-1.0122
12,323,-14.5134,-18.6435,-1.0122
12,324,-14.3279,-18.9404,-1.0122
12,325,-14.1424,-19.2372,-1.0122
12,326,-13.9569,-19.5340,-1.0122
12,327,-13.7713,-19.8309,-1.0122
12,328,-13.5858,-20.1277,-1.0122
12,329,-13.4003,-20.4245,-1.0122
12,330,-13.2148,-20.7214,-1.0122
12,331,-13.0292,-21.0182,-1.0122
12,332,-12.8437,-21.3150,-1.0122
12,333,-12.6582,-21.6119,-1.0122
12,334,-12.4727,-21.9087,-1.0122
12,335,-12.2872,-22.2056,-1.0122
12,336,-12.1016,-22.5024,-1.0122
12,337,-11.9161,-22.7992,-0.7873
12,338,-11.6912,-23.0250,0.0000
12,339,-11.3412,-23.0250,0.0000
12,340,-10.9911,-23.0250,0.0000
12,341,-10.6411,-23.0250,0.0000
12,342,-10.2910,-23.0250,0.0000
12,343,-9.9410,-23.0250,0.0000
12,344,-9.5909,-23.0250,0.0000
12,345,-9.2409,-23.0250,0.0000
12,346,-8.8909,-23.0250,0.0000
12,347,-8.5408,-23.0250,0.0000
12,348,-8.1908,-23.0250,0.0000
12,349,-7.8407,-23.0250,0.0000
12,350,-7.4907,-23.0250,0.0000
12,351,-7.1406,-23.0250,0.0000
12,352,-6.7906,-23.0250,0.0000
12,353,-6.4406,-23.0250,0.0000
12,354,-6.0905,-23.0250,0.0000
12,355,-5.7405,-23.0250,0.0000
12,356,-5.3904,-23.0250,0.0000
12,357,-5.0404,-23.0250,0.0000
12,358,-4.6903,-23.0250,0.0000
12,359,-4.3403,-23.0250,0.0000
12,360,-3.9902,-23.0250,0.0000
12,361,-3.6402,-23.0250,0.0000
12,362,-3.2902,-23.0250,0.0056
12,363,-2.9401,-23.0230,0.0058
12,364,-2.5901,-23.0210,0.0058
12,365,-2.2400,-23.0189,0.0058
12,366,-1.8900,-23.0169,0.0058
12,367,-1.5400,-23.0149,0.0058
12,368,-1.1899,-23.0128,3.1332
12,369,-1.4351,-23.0107,3.1357
12,370,-1.7851,-23.0087,3.1357
12,371,-2.1352,-23.0066,3.1357
12,372,-2.4852,-23.0045,3.1357
12,373,-2.8352,-23.0025,3.1357
12,374,-3.1853,-23.0004,3.1357
12,375,-3.5353,-22.9983,3.1357
12,376,-3.8854,-22.9962,3.1357
12,377,-4.2354,-22.9942,3.1357
12,378,-4.5854,-22.9921,3.1357
12,379,-4.9355,-22.9900,3.1357
12,380,-5.2855,-22.9880,3.1101
12,381,-5.6353,-22.9769,3.1029
12,382,-5.9851,-22.9634,3.1029
12,383,-6.3349,-22.9499,3.1029
12,384,-6.6847,-22.9364,3.1029
12,385,-7.0345,-22.9228,3.1029
12,386,-7.3843,-22.9093,2.9715
12,387,-7.7226,-22.8512,2.7107
12,388,-8.0403,-22.7051,2.8664
12,389,-8.3756,-22.6105,2.7021
12,390,-8.6914,-22.4620,2.4505
12,391,-8.9608,-22.2392,2.3430
12,392,-9.2049,-21.9886,2.1769
12,393,-9.4039,-21.7015,1.9089
12,394,-9.5186,-21.3752,1.6405
12,395,-9.5430,-21.0260,1.6405
12,396,-9.5673,-20.6768,1.6308
12,397,-9.5883,-20.3275,1.5841
12,398,-9.5930,-19.9775,1.5841
12,399,-9.5976,-19.6275,1.5841
12,400,-9.6023,-19.2775,1.5841
12,401,-9.6070,-18.9275,1.5841
12,402,-9.6116,-18.5774,1.6050
12,403,-9.6236,-18.2276,1.6097
12,404,-9.6372,-17.8778,1.6530
12,405,-9.6655,-17.5345,2.0825
12,406,-9.8358,-17.2312,1.8829
12,407,-9.9425,-16.9006,1.6642
12,408,-9.9750,-16.5535,1.5238
12,409,-9.9586,-16.2046,1.2824
12,410,-9.8604,-15.8738,1.4920
12,411,-9.8329,-15.5248,1.5483
12,412,-9.8250,-15.1751,1.5708
12,413,-9.8250,-14.8250,1.5387
12,414,-9.8138,-14.4754,1.4959
12,415,-9.7876,-14.1263,1.3130
12,416,-9.6991,-13.7906,1.5019
12,417,-9.6750,-13.4417,1.5708
12,418,-9.6750,-13.0917,1.6275
12,419,-9.6948,-12.7424,1.7816
12,420,-9.7670,-12.4052,1.5937
12,421,-9.7750,-12.0556,1.5083
12,422,-9.7532,-11.7066,1.3653
12,423,-9.6829,-11.3692,1.5483
12,424,-9.6750,-11.0195,1.6135
12,425,-9.6899,-10.6705,2.2236
12,426,-9.8787,-10.4236,2.3906
12,427,-10.1330,-10.1863,2.1517
12,428,-10.3248,-9.8942,2.0312
12,429,-10.4796,-9.5820,1.7206
12,430,-10.5318,-9.2359,1.6946
12,431,-10.5750,-8.8891,1.5708
12,432,-10.5750,-8.5391,1.5708
12,433,-10.5750,-8.1890,1.5019
12,434,-10.5510,-7.8408,1.4210
12,435,-10.4987,-7.4947,1.2351
12,436,-10.3851,-7.1689,1.0252
12,437,-10.2040,-6.8706,0.8277
12,438,-9.9688,-6.6146,1.0395
12,439,-9.8028,-6.3321,1.3808
12,440,-9.7367,-5.9884,1.4872
12,441,-9.7076,-5.6407,1.5486
12,442,-9.6998,-5.2908,1.5486
12,443,-9.6920,-4.9408,1.7169
12,444,-9.7420,-4.6013,1.9513
12,445,-9.8720,-4.2763,2.7961
12,446,-10.1534,-4.1750,3.0647
12,447,-10.5004,-4.1483,2.9090
12,448,-10.8410,-4.0676,2.7124
12,449,-11.1589,-3.9221,2.6640
12,450,-11.4695,-3.7614,2.5510
12,451,-11.7591,-3.5672,2.5431
12,452,-12.0475,-3.3706,2.6450
12,453,-12.3533,-3.2048,2.4410
12,454,-12.6204,-2.9796,2.3535
12,455,-12.8672,-2.7315,2.2348
12,456,-13.0830,-2.4558,2.0165
12,457,-13.2336,-2.1405,1.9114
12,458,-13.3506,-1.8105,1.8491
12,459,-13.4467,-1.4740,1.7755
12,460,-13.5176,-1.1324,1.6839
12,461,-13.5572,-0.7846,1.5485
12,462,-13.5494,-0.4351,1.5451
12,463,-13.5404,-0.0854,1.7157
12,464,-13.5900,0.2550,1.6714
12,465,-13.6250,0.6017,1.5708
12,466,-13.6250,0.9517,1.4161
12,467,-13.5714,1.2953,1.2609
12,468,-13.4653,1.6266,1.0839
12,469,-13.3015,1.9360,0.9461
12,470,-13.0970,2.2197,0.7935
12,471,-12.8525,2.4682,0.6342
12,472,-12.5713,2.6750,0.5017
12,473,-12.2651,2.8429,0.3568
12,474,-11.9390,2.9645,0.1743
12,475,-11.5955,3.0250,0.0000
12,476,-11.2455,3.0250,0.1172
12,477,-10.9062,3.0650,0.0287
12,478,-10.5563,3.0750,0.0000
12,479,-10.2062,3.0750,0.0000
12,480,-9.8562,3.0750,0.1661
12,481,-9.5124,3.1326,0.3665
12,482,-9.1959,3.2541,0.7181
12,483,-8.9333,3.4835,0.5305
12,484,-8.6324,3.6600,0.3030
12,485,-8.3028,3.7631,0.0969
12,486,-7.9544,3.7970,0.0969
12,487,-7.6060,3.8308,0.0327
12,488,-7.2563,3.8423,0.0169
12,489,-6.9063,3.8482,0.0169
12,490,-6.5563,3.8541,0.0169
12,491,-6.2063,3.8601,-0.0333
12,492,-5.8568,3.8484,-0.0684
12,493,-5.5076,3.8245,-0.0684
12,494,-5.1583,3.8006,-0.3970
12,495,-4.8359,3.6654,-0.5586
12,496,-4.5395,3.4801,-0.7664
12,497,-4.2878,3.2378,-0.1211
12,498,-3.9404,3.1955,-0.1203
12,499,-3.5929,3.1535,-0.1203
12,500,-3.2454,3.1115,-0.0507
12,501,-2.8961,3.0938,-0.0244
12,502,-2.5462,3.0853,-0.0244
12,503,-2.1962,3.0767,-0.0244
12,504,-1.8463,3.0682,-0.0244
12,505,-1.4964,3.0597,-0.0244
12,506,-1.1464,3.0511,3.1172
13,0,-1.2654,3.3051,-0.0199
13,1,-0.9148,3.2982,-0.0125
13,2,-0.5643,3.2938,-0.0125
13,3,-0.2137,3.2894,0.0907
13,4,0.1264,3.3203,0.0134
13,5,0.4769,3.3250,0.0127
13,6,0.8274,3.3295,0.2697
13,7,1.1524,3.4193,0.8136
13,8,1.3927,3.6735,0.6327
13,9,1.6743,3.8800,0.4153
13,10,1.9948,4.0214,0.3004
13,11,2.3287,4.1248,0.1438
13,12,2.6754,4.1750,0.0000
13,13,3.0260,4.1750,-0.1099
13,14,3.3659,4.1375,0.0130
13,15,3.7164,4.1421,0.0500
13,16,4.0666,4.1596,3.1259
13,17,3.8329,4.1633,3.1390
13,18,3.4823,4.1642,3.1390
13,19,3.1317,4.1651,3.1390
13,20,2.7811,4.1660,3.1390
13,21,2.4305,4.1669,3.1390
13,22,2.0799,4.1678,3.1390
13,23,1.7292,4.1687,3.1390
13,24,1.3786,4.1696,3.1390
13,25,1.0280,4.1705,3.1390
13,26,0.6774,4.1714,3.1390
13,27,0.3268,4.1723,3.1390
13,28,-0.0238,4.1732,3.1390
13,29,-0.3744,4.1741,3.1390
13,30,-0.7250,4.1750,3.1416
13,31,-1.0756,4.1750,3.1416
13,32,-1.4262,4.1750,3.1416
13,33,-1.7768,4.1750,3.1416
13,34,-2.1274,4.1750,3.1416
13,35,-2.4780,4.1750,3.1416
13,36,-2.8286,4.1750,3.1416
13,37,-3.1793,4.1750,3.1416
13,38,-3.5299,4.1750,3.1416
13,39,-3.8805,4.1750,3.1416
13,40,-4.2311,4.1750,3.1416
13,41,-4.5817,4.1750,3.1416
13,42,-4.9323,4.1750,3.1416
13,43,-5.2829,4.1750,3.1416
13,44,-5.6335,4.1750,3.1416
13,45,-5.9841,4.1750,3.1416
13,46,-6.3347,4.1750,3.1416
13,47,-6.6853,4.1750,3.1416
13,48,-7.0359,4.1750,3.1416
13,49,-7.3866,4.1750,3.1416
13,50,-7.7372,4.1750,3.1416
13,51,-8.0878,4.1750,3.1416
13,52,-8.4384,4.1750,3.1416
13,53,-8.7890,4.1750,3.1416
13,54,-9.1396,4.1750,3.1416
13,55,-9.4902,4.1750,3.1416
13,56,-9.8408,4.1750,3.1416
13,57,-10.1914,4.1750,3.1416
13,58,-10.5420,4.1750,3.1416
13,59,-10.8926,4.1750,-2.2908
13,60,-11.1159,3.9204,-2.2143
13,61,-11.3263,3.6399,-2.2143
13,62,-11.5367,3.3594,-2.2143
13,63,-11.7470,3.0789,-2.2143
13,64,-11.9574,2.7985,-2.2143
13,65,-12.1678,2.5180,-2.2143
13,66,-12.3781,2.2375,-2.2143
13,67,-12.5885,1.9570,-2.2143
13,68,-12.7989,1.6765,-2.2143
13,69,-13.0092,1.3960,-2.2143
13,70,-13.2196,1.1155,-2.2143
13,71,-13.4300,0.8351,-2.2143
13,72,-13.6403,0.5546,-2.2143
13,73,-13.8507,0.2741,-2.2143
13,74,-14.0611,-0.0064,-2.2143
13,75,-14.2714,-0.2869,-2.2143
13,76,-14.4818,-0.5674,-2.2143
13,77,-14.6922,-0.8479,-2.2143
13,78,-14.9025,-1.1284,-2.2143
13,79,-15.1129,-1.4088,-2.2143
13,80,-15.3232,-1.6893,-2.2143
13,81,-15.5336,-1.9698,-2.2143
13,82,-15.7440,-2.2503,-2.2143
13,83,-15.9543,-2.5308,-1.7836
13,84,-16.0250,-2.8578,-1.5708
13,85,-16.0250,-3.2084,-1.5708
13,86,-16.0250,-3.5591,-1.5708
13,87,-16.0250,-3.9097,-1.5708
13,88,-16.0250,-4.2603,-1.5708
13,89,-16.0250,-4.6109,-1.5708
13,90,-16.0250,-4.9615,-1.5708
13,91,-16.0250,-5.3121,-1.5708
13,92,-16.0250,-5.6627,-1.5708
13,93,-16.0250,-6.0133,-1.5708
13,94,-16.0250,-6.3639,-1.5708
13,95,-16.0250,-6.7145,-1.5708
13,96,-16.0250,-7.0651,-1.5708
13,97,-16.0250,-7.4157,-1.5708
13,98,-16.0250,-7.7664,-1.5708
13,99,-16.0250,-8.1170,-1.5708
13,100,-16.0250,-8.4676,-1.5708
13,101,-16.0250,-8.8182,-1.5708
13,102,-16.0250,-9.1688,-1.5708
13,103,-16.0250,-9.5194,-1.5708
13,104,-16.0250,-9.8700,-1.5708
13,105,-16.0250,-10.2206,-1.5708
13,106,-16.0250,-10.5712,-1.5708
13,107,-16.0250,-10.9218,-1.5708
13,108,-16.0250,-11.2724,-1.5708
13,109,-16.0250,-11.6230,-1.5708
13,110,-16.0250,-11.9737,-1.5708
13,111,-16.0250,-12.3243,-1.5708
13,112,-16.0250,-12.6749,-1.5708
13,113,-16.0250,-13.0255,-1.5708
13,114,-16.0250,-13.3761,-1.5708
13,115,-16.0250,-13.7267,-1.5708
13,116,-16.0250,-14.0773,-1.5708
13,117,-16.0250,-14.4279,-1.5708
13,118,-16.0250,-14.7785,-1.5708
13,119,-16.0250,-15.1291,-1.5708
13,120,-16.0250,-15.4797,-1.5708
13,121,-16.0250,-15.8303,-1.5708
13,122,-16.0250,-16.1810,-1.3189
13,123,-15.9380,-16.5190,-1.2831
13,124,-15.8385,-16.8552,-1.2831
13,125,-15.7390,-17.1913,-1.2831
13,126,-15.6395,-17.5275,-1.2831
13,127,-15.5400,-17.8637,-1.2831
13,128,-15.4405,-18.1999,-1.2831
13,129,-15.3410,-18.5361,-1.2831
13,130,-15.2415,-18.8723,-1.2831
13,131,-15.1420,-19.2085,-1.2831
13,132,-15.0425,-19.5447,-1.2831
13,133,-14.9430,-19.8809,-1.2831
13,134,-14.8435,-20.2171,-1.2831
13,135,-14.7440,-20.5533,-1.2831
13,136,-14.6445,-20.8895,-1.2831
13,137,-14.5450,-21.2257,-1.2831
13,138,-14.4455,-21.5619,-1.2831
13,139,-14.3460,-21.8981,-1.2831
13,140,-14.2465,-22.2342,-1.2831
13,141,-14.1470,-22.5704,-1.2831
13,142,-14.0475,-22.9066,-0.4240
13,143,-13.7853,-23.0250,0.0000
13,144,-13.4347,-23.0250,0.0000
13,145,-13.0841,-23.0250,0.0000
13,146,-12.7335,-23.0250,0.0000
13,147,-12.3829,-23.0250,0.0000
13,148,-12.0323,-23.0250,0.0000
13,149,-11.6817,-23.0250,0.0000
13,150,-11.3311,-23.0250,0.0000
13,151,-10.9805,-23.0250,0.0000
13,152,-10.6299,-23.0250,0.0000
13,153,-10.2792,-23.0250,0.0021
13,154,-9.9286,-23.0243,0.0127
13,155,-9.5781,-23.0198,0.0127
13,156,-9.2275,-23.0154,0.0127
13,157,-8.8769,-23.0109,0.0127
13,158,-8.5263,-23.0065,0.0127
13,159,-8.1757,-23.0021,1.6097
13,160,-8.1790,-22.9173,2.8559
13,161,-8.5153,-22.8186,2.7039
13,162,-8.8319,-22.6704,2.4887
13,163,-9.1095,-22.4581,2.3305
13,164,-9.3505,-22.2043,2.2161
13,165,-9.5609,-21.9249,2.0436
13,166,-9.7198,-21.6142,1.7634
13,167,-9.7862,-21.2737,1.6302
13,168,-9.8071,-20.9237,1.6302
13,169,-9.8279,-20.5737,1.6056
13,170,-9.8401,-20.2234,1.5845
13,171,-9.8449,-19.8728,1.5845
13,172,-9.8497,-19.5222,1.5845
13,173,-9.8545,-19.1716,1.5845
13,174,-9.8593,-18.8211,1.6010
13,175,-9.8699,-18.4707,1.6340
13,176,-9.8920,-18.1208,1.6340
13,177,-9.9142,-17.7709,1.9026
13,178,-10.0245,-17.4508,1.9610
13,179,-10.1577,-17.1270,1.7446
13,180,-10.2180,-16.7831,1.5907
13,181,-10.2250,-16.4329,1.4810
13,182,-10.1936,-16.0843,1.3079
13,183,-10.1036,-15.7499,1.4920
13,184,-10.0760,-15.4004,1.5679
13,185,-10.0750,-15.0498,1.5708
13,186,-10.0750,-14.6992,1.5144
13,187,-10.0553,-14.3493,1.4165
13,188,-10.0017,-14.0052,1.3905
13,189,-9.9392,-13.6621,1.5303
13,190,-9.9250,-13.3123,1.5852
13,191,-9.9301,-12.9619,1.7364
13,192,-9.9873,-12.6192,1.6790
13,193,-10.0250,-12.2723,1.5699
13,194,-10.0247,-11.9217,1.4027
13,195,-9.9665,-11.5787,1.4516
13,196,-9.9250,-11.2324,1.5708
13,197,-9.9250,-10.8818,2.0325
13,198,-10.0717,-10.5870,2.3956
13,199,-10.3281,-10.3501,2.1922
13,200,-10.5313,-10.0662,2.0253
13,201,-10.6849,-9.7518,1.8223
13,202,-10.7713,-9.4158,1.6857
13,203,-10.8114,-9.0675,1.6095
13,204,-10.8250,-8.7177,1.5708
13,205,-10.8250,-8.3671,1.5708
13,206,-10.8250,-8.0165,1.4613
13,207,-10.7867,-7.6681,1.4310
13,208,-10.7380,-7.3220,1.1658
13,209,-10.5999,-6.9998,0.9736
13,210,-10.4027,-6.7099,0.7999
13,211,-10.1587,-6.4587,1.2276
13,212,-10.0433,-6.1358,1.3366
13,213,-9.9620,-5.7951,1.5438
13,214,-9.9526,-5.4446,1.5438
13,215,-9.9431,-5.0941,1.6932
13,216,-9.9852,-4.7517,1.9203
13,217,-10.1043,-4.4250,3.1383
13,218,-10.4548,-4.4238,2.9038
13,219,-10.7955,-4.3412,2.7746
13,220,-11.1221,-4.2157,2.7120
13,221,-11.4405,-4.0698,2.6159
13,222,-11.7431,-3.8943,2.5203
13,223,-12.0278,-3.6904,2.6733
13,224,-12.3399,-3.5326,2.5621
13,225,-12.6329,-3.3408,2.3569
13,226,-12.8809,-3.0931,2.2794
13,227,-13.1091,-2.8269,2.1565
13,228,-13.3023,-2.5356,2.0433
13,229,-13.4613,-2.2244,1.9412
13,230,-13.5882,-1.8976,1.8628
13,231,-13.6891,-1.5620,1.7425
13,232,-13.7490,-1.2170,1.7419
13,233,-13.8078,-0.8763,1.5551
13,234,-13.8023,-0.5260,1.5311
13,235,-13.7884,-0.1758,1.6437
13,236,-13.8138,0.1720,1.7338
13,237,-13.8702,0.5148,1.5845
13,238,-13.8750,0.8652,1.5294
13,239,-13.8605,1.2151,1.3886
13,240,-13.7973,1.5580,1.1801
13,241,-13.6640,1.8817,0.9788
13,242,-13.4689,2.1719,0.8565
13,243,-13.2394,2.4366,0.7954
13,244,-12.9941,2.6868,0.6774
13,245,-12.7215,2.9061,0.4610
13,246,-12.4077,3.0619,0.3805
13,247,-12.0822,3.1921,0.1971
13,248,-11.7388,3.2607,0.0409
13,249,-11.3895,3.2750,0.0314
13,250,-11.0392,3.2860,0.1048
13,251,-10.6991,3.3218,0.0091
13,252,-10.3486,3.3250,0.0000
13,253,-9.9979,3.3250,0.0844
13,254,-9.6495,3.3545,0.4057
13,255,-9.3477,3.4841,0.7111
13,256,-9.0830,3.7121,0.5023
13,257,-8.7764,3.8805,0.3714
13,258,-8.4498,4.0078,0.0937
13,259,-8.1012,4.0405,0.0831
13,260,-7.7518,4.0696,0.0576
13,261,-7.4020,4.0898,0.0169
13,262,-7.0514,4.0957,0.0169
13,263,-6.7009,4.1017,0.0169
13,264,-6.3503,4.1076,0.0041
13,265,-5.9998,4.1091,-0.0547
13,266,-5.6497,4.0899,-0.0547
13,267,-5.2997,4.0707,-0.2199
13,268,-4.9610,3.9950,-0.4354
13,269,-4.6444,3.8477,-0.5991
13,270,-4.3559,3.6507,-0.5119
13,271,-4.0608,3.4849,-0.1311
13,272,-3.7132,3.4391,-0.1311
13,273,-3.3656,3.3933,-0.1252
13,274,-3.0179,3.3495,-0.0253
13,275,-2.6674,3.3406,-0.0253
13,276,-2.3169,3.3318,-0.0253
13,277,-1.9664,3.3229,-0.0253
13,278,-1.6159,3.3140,3.1163
14,0,-8.6717,4.1261,3.0770
14,1,-8.9514,4.1442,3.1203
14,2,-9.3014,4.1516,3.1203
14,3,-9.6514,4.1591,3.1203
14,4,-10.0014,4.1665,3.1203
14,5,-10.3514,4.1740,3.1386
14,6,-10.7015,4.1750,3.1416
14,7,-11.0515,4.1750,3.1416
14,8,-11.4016,4.1750,3.1416
14,9,-11.7517,4.1750,3.1416
14,10,-12.1018,4.1750,3.1416
14,11,-12.4518,4.1750,3.1416
14,12,-12.8019,4.1750,3.1416
14,13,-13.1520,4.1750,3.1416
14,14,-13.5021,4.1750,3.1416
14,15,-13.8522,4.1750,-2.9814
14,16,-14.1639,4.1246,-1.8398
14,17,-14.2569,3.7872,-1.8398
14,18,-14.3500,3.4497,-1.8398
14,19,-14.4431,3.1122,-1.8398
14,20,-14.5361,2.7747,-1.8398
14,21,-14.6292,2.4372,-1.8398
14,22,-14.7222,2.0998,-1.8398
14,23,-14.8153,1.7623,-1.8398
14,24,-14.9083,1.4248,-1.8398
14,25,-15.0014,1.0873,-1.8398
14,26,-15.0944,0.7498,-1.8398
14,27,-15.1875,0.4123,-1.8398
14,28,-15.2806,0.0749,-1.8398
14,29,-15.3736,-0.2626,-1.8398
14,30,-15.4667,-0.6001,-1.8398
14,31,-15.5597,-0.9376,-1.8398
14,32,-15.6528,-1.2751,-1.8398
14,33,-15.7458,-1.6126,-1.8398
14,34,-15.8389,-1.9500,-1.8398
14,35,-15.9319,-2.2875,-1.8398
14,36,-16.0250,-2.6250,-1.5708
14,37,-16.0250,-2.9751,-1.5708
14,38,-16.0250,-3.3252,-1.5708
14,39,-16.0250,-3.6752,-1.5708
14,40,-16.0250,-4.0253,-1.5708
14,41,-16.0250,-4.3754,-1.5708
14,42,-16.0250,-4.7255,-1.5708
14,43,-16.0250,-5.0755,-1.5708
14,44,-16.0250,-5.4256,-1.5708
14,45,-16.0250,-5.7757,-1.5708
14,46,-16.0250,-6.1258,-1.5708
14,47,-16.0250,-6.4758,-1.5708
14,48,-16.0250,-6.8259,-1.5708
14,49,-16.0250,-7.1760,-1.5708
14,50,-16.0250,-7.5261,-1.5708
14,51,-16.0250,-7.8762,-1.5708
14,52,-16.0250,-8.2262,-1.5708
14,53,-16.0250,-8.5763,-1.5708
14,54,-16.0250,-8.9264,-1.5708
14,55,-16.0250,-9.2765,-1.5708
14,56,-16.0250,-9.6265,-1.5708
14,57,-16.0250,-9.9766,-1.5708
14,58,-16.0250,-10.3267,-1.5708
14,59,-16.0250,-10.6768,-1.5708
14,60,-16.0250,-11.0268,-1.5708
14,61,-16.0250,-11.3769,-1.5708
14,62,-16.0250,-11.7270,-1.5708
14,63,-16.0250,-12.0771,-1.5708
14,64,-16.0250,-12.4271,-1.5708
14,65,-16.0250,-12.7772,-1.5708
14,66,-16.0250,-13.1273,-1.5708
14,67,-16.0250,-13.4774,-1.5708
14,68,-16.0250,-13.8275,-1.5708
14,69,-16.0250,-14.1775,-1.5708
14,70,-16.0250,-14.5276,-1.5708
14,71,-16.0250,-14.8777,-1.5708
14,72,-16.0250,-15.2278,-1.5708
14,73,-16.0250,-15.5778,-1.5708
14,74,-16.0250,-15.9279,-1.5301
14,75,-16.0108,-16.2761,-1.3000
14,76,-15.9172,-16.6134,-1.3000
14,77,-15.8236,-16.9507,-1.3000
14,78,-15.7299,-17.2880,-1.3000
14,79,-15.6363,-17.6254,-1.3000
14,80,-15.5427,-17.9627,-1.3000
14,81,-15.4490,-18.3000,-1.3000
14,82,-15.3554,-18.6373,-1.3000
14,83,-15.2618,-18.9746,-1.3000
14,84,-15.1681,-19.3120,-1.3000
14,85,-15.0745,-19.6493,-1.3000
14,86,-14.9809,-19.9866,-1.3000
14,87,-14.8872,-20.3239,-1.3000
14,88,-14.7936,-20.6613,-1.3000
14,89,-14.7000,-20.9986,-1.3000
14,90,-14.6063,-21.3359,-1.3000
14,91,-14.5127,-21.6732,-1.3000
14,92,-14.4191,-22.0106,-1.3000
14,93,-14.3255,-22.3479,-1.3000
14,94,-14.2318,-22.6852,-1.3000
14,95,-14.1382,-23.0225,-0.0071
14,96,-13.7900,-23.0250,0.0000
14,97,-13.4399,-23.0250,0.0000
14,98,-13.0898,-23.0250,0.0000
14,99,-12.7398,-23.0250,0.0000
14,100,-12.3897,-23.0250,0.0000
14,101,-12.0396,-23.0250,0.0000
14,102,-11.6895,-23.0250,0.0000
14,103,-11.3395,-23.0250,0.0000
14,104,-10.9894,-23.0250,0.0000
14,105,-10.6393,-23.0250,0.0014
14,106,-10.2892,-23.0245,0.0068
14,107,-9.9392,-23.0221,0.0068
14,108,-9.5891,-23.0197,0.0068
14,109,-9.2390,-23.0173,0.0068
14,110,-8.8890,-23.0149,0.0068
14,111,-8.5389,-23.0125,2.7783
14,112,-8.8608,-22.8901,2.5222
14,113,-9.1452,-22.6873,2.3915
14,114,-9.4011,-22.4489,2.3018
14,115,-9.6346,-22.1885,2.1508
14,116,-9.8259,-21.8965,1.9611
14,117,-9.9589,-21.5733,1.6897
14,118,-10.0002,-21.2282,1.6195
14,119,-10.0172,-20.8785,1.6195
14,120,-10.0343,-20.5288,1.5911
14,121,-10.0414,-20.1789,1.5845
14,122,-10.0462,-19.8288,1.5845
14,123,-10.0510,-19.4788,1.5845
14,124,-10.0558,-19.1287,1.5845
14,125,-10.0606,-18.7787,1.6140
14,126,-10.0757,-18.4290,1.6340
14,127,-10.0978,-18.0797,1.6340
14,128,-10.1199,-17.7303,2.0011
14,129,-10.2628,-17.4190,1.9311
14,130,-10.3860,-17.0919,1.6824
14,131,-10.4250,-16.7442,1.5708
14,132,-10.4250,-16.3941,1.4834
14,133,-10.3945,-16.0458,1.3077
14,134,-10.3046,-15.7119,1.4920
14,135,-10.2770,-15.3629,1.5651
14,136,-10.2750,-15.0129,1.5708
14,137,-10.2750,-14.6628,1.5160
14,138,-10.2558,-14.3135,1.4050
14,139,-10.1986,-13.9712,1.3904
14,140,-10.1361,-13.6290,1.5389
14,141,-10.1250,-13.2795,1.5935
14,142,-10.1329,-12.9298,1.7754
14,143,-10.2030,-12.5924,1.6338
14,144,-10.2250,-12.2433,1.5690
14,145,-10.2244,-11.8932,1.3950
14,146,-10.1639,-11.5528,1.4587
14,147,-10.1250,-11.2074,1.6783
14,148,-10.1620,-10.8650,2.1381
14,149,-10.3461,-10.5760,2.3618
14,150,-10.5946,-10.3303,2.1953
14,151,-10.7986,-10.0472,1.9895
14,152,-10.9407,-9.7280,1.7421
14,153,-10.9998,-9.3859,1.6319
14,154,-11.0212,-9.0365,1.5816
14,155,-11.0250,-8.6865,1.5708
14,156,-11.0250,-8.3364,1.5708
14,157,-11.0250,-7.9864,1.4951
14,158,-10.9985,-7.6373,1.4547
14,159,-10.9581,-7.2911,1.1943
14,160,-10.8295,-6.9659,1.0220
14,161,-10.6477,-6.6685,0.8274
14,162,-10.4109,-6.4109,1.0564
14,163,-10.2449,-6.1172,1.3320
14,164,-10.1622,-5.7773,1.5385
14,165,-10.1509,-5.4274,1.5385
14,166,-10.1396,-5.0775,1.8196
14,167,-10.2250,-4.7412,2.7291
14,168,-10.4905,-4.6250,2.9157
14,169,-10.8303,-4.5469,2.7765
14,170,-11.1568,-4.4221,2.7165
14,171,-11.4754,-4.2779,2.6244
14,172,-11.7791,-4.1051,2.5123
14,173,-12.0619,-3.8993,2.6044
14,174,-12.3624,-3.7202,2.5930
14,175,-12.6603,-3.5382,2.4606
14,176,-12.9319,-3.3181,2.3544
14,177,-13.1789,-3.0702,2.2561
14,178,-13.4005,-2.7991,2.0882
14,179,-13.5734,-2.4953,1.9689
14,180,-13.7091,-2.1727,1.8925
14,181,-13.8198,-1.8406,1.8522
14,182,-13.9170,-1.5043,1.7796
14,183,-13.9888,-1.1656,1.6748
14,184,-14.0250,-0.8187,1.5708
14,185,-14.0250,-0.4686,1.5405
14,186,-14.0144,-0.1188,1.6642
14,187,-14.0458,0.2166,1.6545
14,188,-14.0750,0.5647,1.5708
14,189,-14.0750,0.9148,1.5254
14,190,-14.0591,1.2641,1.3936
14,191,-13.9978,1.6067,1.1668
14,192,-13.8604,1.9281,1.0225
14,193,-13.6782,2.2264,0.8772
14,194,-13.4544,2.4956,0.7854
14,195,-13.2069,2.7431,0.7057
14,196,-12.9407,2.9699,0.5901
14,197,-12.6506,3.1642,0.4792
14,198,-12.3402,3.3255,0.3329
14,199,-12.0108,3.4394,0.0713
14,200,-11.6616,3.4644,0.0677
14,201,-11.3123,3.4880,0.0213
14,202,-10.9623,3.4955,0.0213
14,203,-10.6123,3.5029,0.0213
14,204,-10.2623,3.5104,0.1379
14,205,-9.9165,3.5584,0.1843
14,206,-9.5724,3.6225,0.4770
14,207,-9.2712,3.7781,0.6307
14,208,-8.9892,3.9841,-2.5109
15,0,-9.4273,4.0830,3.0787
15,1,-9.7766,4.1050,3.0787
15,2,-10.1259,4.1270,3.0787
15,3,-10.4752,4.1490,3.0787
15,4,-10.8245,4.1710,3.1303
15,5,-11.1744,4.1750,3.1416
15,6,-11.5244,4.1750,3.1416
15,7,-11.8745,4.1750,3.1416
15,8,-12.2245,4.1750,3.1416
15,9,-12.5745,4.1750,3.1416
15,10,-12.9245,4.1750,3.1416
15,11,-13.2745,4.1750,3.1416
15,12,-13.6245,4.1750,3.1416
15,13,-13.9745,4.1750,-3.1073
15,14,-14.3154,4.1633,-1.8175
15,15,-14.4009,3.8239,-1.8175
15,16,-14.4864,3.4845,-1.8175
15,17,-14.5719,3.1451,-1.8175
15,18,-14.6574,2.8057,-1.8175
15,19,-14.7428,2.4662,-1.8175
15,20,-14.8283,2.1268,-1.8175
15,21,-14.9138,1.7874,-1.8175
15,22,-14.9993,1.4480,-1.8175
15,23,-15.0847,1.1086,-1.8175
15,24,-15.1702,0.7692,-1.8175
15,25,-15.2557,0.4297,-1.8175
15,26,-15.3412,0.0903,-1.8175
15,27,-15.4267,-0.2491,-1.8175
15,28,-15.5121,-0.5885,-1.8175
15,29,-15.5976,-0.9279,-1.8175
15,30,-15.6831,-1.2673,-1.8175
15,31,-15.7686,-1.6068,-1.8175
15,32,-15.8540,-1.9462,-1.8175
15,33,-15.9395,-2.2856,-1.8175
15,34,-16.0250,-2.6250,-1.5708
15,35,-16.0250,-2.9750,-1.5708
15,36,-16.0250,-3.3250,-1.5708
15,37,-16.0250,-3.6750,-1.5708
15,38,-16.0250,-4.0251,-1.5708
15,39,-16.0250,-4.3751,-1.5708
15,40,-16.0250,-4.7251,-1.5708
15,41,-16.0250,-5.0751,-1.5708
15,42,-16.0250,-5.4251,-1.5708
15,43,-16.0250,-5.7751,-1.5708
15,44,-16.0250,-6.1251,-1.5708
15,45,-16.0250,-6.4751,-1.5708
15,46,-16.0250,-6.8252,-1.5708
15,47,-16.0250,-7.1752,-1.5708
15,48,-16.0250,-7.5252,-1.5708
15,49,-16.0250,-7.8752,-1.5708
15,50,-16.0250,-8.2252,-1.5708
15,51,-16.0250,-8.5752,-1.5708
15,52,-16.0250,-8.9252,-1.5708
15,53,-16.0250,-9.2753,-1.5708
15,54,-16.0250,-9.6253,-1.5708
15,55,-16.0250,-9.9753,-1.5708
15,56,-16.0250,-10.3253,-1.5708
15,57,-16.0250,-10.6753,-1.5708
15,58,-16.0250,-11.0253,-1.5708
15,59,-16.0250,-11.3753,-1.5708
15,60,-16.0250,-11.7254,-1.5708
15,61,-16.0250,-12.0754,-1.5708
15,62,-16.0250,-12.4254,-1.5708
15,63,-16.0250,-12.7754,-1.5708
15,64,-16.0250,-13.1254,-1.5708
15,65,-16.0250,-13.4754,-1.5708
15,66,-16.0250,-13.8254,-1.5708
15,67,-16.0250,-14.1754,-1.5708
15,68,-16.0250,-14.5255,-1.5708
15,69,-16.0250,-14.8755,-1.5708
15,70,-16.0250,-15.2255,-1.5708
15,71,-16.0250,-15.5755,-1.5708
15,72,-16.0250,-15.9255,-1.5349
15,73,-16.0125,-16.2740,-1.3206
15,74,-15.9258,-16.6131,-1.3206
15,75,-15.8392,-16.9522,-1.3206
15,76,-15.7525,-17.2913,-1.3206
15,77,-15.6659,-17.6304,-1.3206
15,78,-15.5792,-17.9695,-1.3206
15,79,-15.4926,-18.3087,-1.3206
15,80,-15.4059,-18.6478,-1.3206
15,81,-15.3193,-18.9869,-1.3206
15,82,-15.2326,-19.3260,-1.3206
15,83,-15.1460,-19.6651,-1.3206
15,84,-15.0593,-20.0043,-1.3206
15,85,-14.9727,-20.3434,-1.3206
15,86,-14.8860,-20.6825,-1.3206
15,87,-14.7994,-21.0216,-1.3206
15,88,-14.7127,-21.3607,-1.3206
15,89,-14.6261,-21.6998,-1.3206
15,90,-14.5394,-22.0390,-1.3206
15,91,-14.4528,-22.3781,-1.3206
15,92,-14.3661,-22.7172,-1.2248
15,93,-14.2552,-23.0250,0.0000
15,94,-13.9052,-23.0250,0.0000
15,95,-13.5551,-23.0250,0.0000
15,96,-13.2051,-23.0250,0.0000
15,97,-12.8551,-23.0250,0.0000
15,98,-12.5051,-23.0250,0.0000
15,99,-12.1551,-23.0250,0.0000
15,100,-11.8051,-23.0250,0.0000
15,101,-11.4551,-23.0250,0.0000
15,102,-11.1051,-23.0250,0.0024
15,103,-10.7550,-23.0241,0.0148
15,104,-10.4051,-23.0190,0.0148
15,105,-10.0551,-23.0138,0.0148
15,106,-9.7051,-23.0086,0.0148
15,107,-9.3551,-23.0034,0.4418
15,108,-9.2311,-22.9447,2.4051
15,109,-9.4902,-22.7098,2.3349
15,110,-9.7322,-22.4573,2.2180
15,111,-9.9429,-22.1786,2.0636
15,112,-10.1082,-21.8707,1.9119
15,113,-10.2250,-21.5415,1.6494
15,114,-10.2524,-21.1937,1.6195
15,115,-10.2695,-20.8441,1.6195
15,116,-10.2865,-20.4945,1.5866
15,117,-10.2921,-20.1445,1.5847
15,118,-10.2970,-19.7946,1.5847
15,119,-10.3018,-19.4446,1.5847
15,120,-10.3067,-19.0946,1.5847
15,121,-10.3115,-18.7446,1.6248
15,122,-10.3304,-18.3952,1.6348
15,123,-10.3528,-18.0459,1.6397
15,124,-10.3769,-17.6972,2.0719
15,125,-10.5444,-17.3914,1.8548
15,126,-10.6422,-17.0564,1.6648
15,127,-10.6750,-16.7081,1.5708
15,128,-10.6750,-16.3581,1.4750
15,129,-10.6415,-16.0100,1.3173
15,130,-10.5545,-15.6742,1.4920
15,131,-10.5270,-15.3252,1.5651
15,132,-10.5250,-14.9753,1.5708
15,133,-10.5250,-14.6253,1.5105
15,134,-10.5039,-14.2761,1.3991
15,135,-10.4446,-13.9337,1.3991
15,136,-10.3850,-13.5904,1.5421
15,137,-10.3750,-13.2409,1.6102
15,138,-10.3888,-12.8915,1.7703
15,139,-10.4574,-12.5519,1.6210
15,140,-10.4750,-12.2027,1.5591
15,141,-10.4709,-11.8529,1.3931
15,142,-10.4096,-11.5115,1.4712
15,143,-10.3750,-11.1650,1.8689
15,144,-10.4756,-10.8376,2.3285
15,145,-10.7151,-10.5845,2.2468
15,146,-10.9337,-10.3119,2.0283
15,147,-11.0880,-9.9986,1.9138
15,148,-11.2057,-9.6690,1.6774
15,149,-11.2429,-9.3215,1.6626
15,150,-11.2750,-8.9730,1.5708
15,151,-11.2750,-8.6230,1.5708
15,152,-11.2750,-8.2730,1.5571
15,153,-11.2702,-7.9232,1.4785
15,154,-11.2379,-7.5747,1.4256
15,155,-11.1876,-7.2301,1.2158
15,156,-11.0659,-6.9021,1.0874
15,157,-10.9038,-6.5932,0.8652
15,158,-10.6772,-6.3272,0.9811
15,159,-10.4885,-6.0452,1.3425
15,160,-10.4096,-5.7057,1.5292
15,161,-10.3950,-5.3560,1.7158
15,162,-10.4447,-5.0162,2.5213
15,163,-10.6858,-4.8439,2.8694
15,164,-11.0218,-4.7501,2.7485
15,165,-11.3448,-4.6162,2.6915
15,166,-11.6596,-4.4641,2.5953
15,167,-11.9580,-4.2826,2.5221
15,168,-12.2427,-4.0797,2.6120
15,169,-12.5445,-3.9029,2.5741
15,170,-12.8387,-3.7154,2.4492
15,171,-13.1077,-3.4923,2.3562
15,172,-13.3552,-3.2448,2.2488
15,173,-13.5747,-2.9723,2.1242
15,174,-13.7584,-2.6750,1.9895
15,175,-13.9005,-2.3556,1.9100
15,176,-14.0168,-2.0258,1.8660
15,177,-14.1186,-1.6910,1.7505
15,178,-14.1808,-1.3489,1.8026
15,179,-14.2605,-1.0110,1.6122
15,180,-14.2750,-0.6616,1.5642
15,181,-14.2727,-0.3117,1.4858
15,182,-14.2433,0.0337,1.7702
15,183,-14.3119,0.3732,1.6082
15,184,-14.3250,0.7228,1.5708
15,185,-14.3250,1.0728,1.4846
15,186,-14.2949,1.4214,1.3200
15,187,-14.2083,1.7591,1.1274
15,188,-14.0583,2.0751,1.0165
15,189,-13.8744,2.3722,0.8914
15,190,-13.6544,2.6445,0.7875
15,191,-13.4075,2.8925,0.7178
15,192,-13.1443,3.1223,0.6229
15,193,-12.8607,3.3260,0.5064
15,194,-12.5547,3.4957,0.4022
15,195,-12.2332,3.6326,0.1922
15,196,-11.8916,3.6990,0.0726
15,197,-11.5425,3.7244,0.0482
15,198,-11.1930,3.7413,0.0222
15,199,-10.8431,3.7490,0.0222
15,200,-10.4932,3.7568,0.0599
15,201,-10.1445,3.7777,0.1622
15,202,-9.7990,3.8342,0.3032
15,203,-9.4737,3.9360,-2.8384
16,0,-9.6830,4.0486,2.5792
16,1,-9.8159,4.1323,3.1096
16,2,-10.1665,4.1435,3.1096
16,3,-10.5171,4.1547,3.1096
16,4,-10.8677,4.1660,3.1158
16,5,-11.2184,4.1750,3.1416
16,6,-11.5692,4.1750,3.1416
16,7,-11.9200,4.1750,3.1416
16,8,-12.2707,4.1750,3.1416
16,9,-12.6215,4.1750,3.1416
16,10,-12.9723,4.1750,3.1416
16,11,-13.3231,4.1750,3.1416
16,12,-13.6739,4.1750,3.1416
16,13,-14.0247,4.1750,3.1416
16,14,-14.3755,4.1750,-1.8769
16,15,-14.4758,3.8576,-1.8054
16,16,-14.5574,3.5164,-1.8054
16,17,-14.6389,3.1752,-1.8054
16,18,-14.7204,2.8340,-1.8054
16,19,-14.8020,2.4929,-1.8054
16,20,-14.8835,2.1517,-1.8054
16,21,-14.9651,1.8105,-1.8054
16,22,-15.0466,1.4693,-1.8054
16,23,-15.1281,1.1281,-1.8054
16,24,-15.2097,0.7869,-1.8054
16,25,-15.2912,0.4457,-1.8054
16,26,-15.3727,0.1045,-1.8054
16,27,-15.4543,-0.2367,-1.8054
16,28,-15.5358,-0.5779,-1.8054
16,29,-15.6173,-0.9190,-1.8054
16,30,-15.6989,-1.2602,-1.8054
16,31,-15.7804,-1.6014,-1.8054
16,32,-15.8619,-1.9426,-1.8054
16,33,-15.9435,-2.2838,-1.8054
16,34,-16.0250,-2.6250,-1.5708
16,35,-16.0250,-2.9758,-1.5708
16,36,-16.0250,-3.3266,-1.5708
16,37,-16.0250,-3.6774,-1.5708
16,38,-16.0250,-4.0282,-1.5708
16,39,-16.0250,-4.3790,-1.5708
16,40,-16.0250,-4.7298,-1.5708
16,41,-16.0250,-5.0806,-1.5708
16,42,-16.0250,-5.4314,-1.5708
16,43,-16.0250,-5.7822,-1.5708
16,44,-16.0250,-6.1330,-1.5708
16,45,-16.0250,-6.4838,-1.5708
16,46,-16.0250,-6.8346,-1.5708
16,47,-16.0250,-7.1854,-1.5708
16,48,-16.0250,-7.5362,-1.5708
16,49,-16.0250,-7.8870,-1.5708
16,50,-16.0250,-8.2378,-1.5708
16,51,-16.0250,-8.5885,-1.5708
16,52,-16.0250,-8.9393,-1.5708
16,53,-16.0250,-9.2901,-1.5708
16,54,-16.0250,-9.6409,-1.5708
16,55,-16.0250,-9.9917,-1.5708
16,56,-16.0250,-10.3425,-1.5708
16,57,-16.0250,-10.6933,-1.5708
16,58,-16.0250,-11.0441,-1.5708
16,59,-16.0250,-11.3949,-1.5708
16,60,-16.0250,-11.7457,-1.5708
16,61,-16.0250,-12.0965,-1.5708
16,62,-16.0250,-12.4473,-1.5708
16,63,-16.0250,-12.7981,-1.5708
16,64,-16.0250,-13.1489,-1.5708
16,65,-16.0250,-13.4997,-1.5708
16,66,-16.0250,-13.8505,-1.5708
16,67,-16.0250,-14.2013,-1.5708
16,68,-16.0250,-14.5521,-1.5708
16,69,-16.0250,-14.9029,-1.5708
16,70,-16.0250,-15.2537,-1.5708
16,71,-16.0250,-15.6045,-1.5708
16,72,-16.0250,-15.9553,-1.5160
16,73,-16.0059,-16.3038,-1.3327
16,74,-15.9232,-16.6447,-1.3327
16,75,-15.8404,-16.9856,-1.3327
16,76,-15.7577,-17.3265,-1.3327
16,77,-15.6750,-17.6674,-1.3327
16,78,-15.5923,-18.0083,-1.3327
16,79,-15.5096,-18.3492,-1.3327
16,80,-15.4268,-18.6901,-1.3327
16,81,-15.3441,-19.0310,-1.3327
16,82,-15.2614,-19.3719,-1.3327
16,83,-15.1787,-19.7128,-1.3327
16,84,-15.0960,-20.0537,-1.3327
16,85,-15.0132,-20.3947,-1.3327
16,86,-14.9305,-20.7356,-1.3327
16,87,-14.8478,-21.0765,-1.3327
16,88,-14.7651,-21.4174,-1.3327
16,89,-14.6824,-21.7583,-1.3327
16,90,-14.5996,-22.0992,-1.3327
16,91,-14.5169,-22.4401,-1.3327
16,92,-14.4342,-22.7810,-0.9936
16,93,-14.2753,-23.0250,0.0000
16,94,-13.9245,-23.0250,0.0000
16,95,-13.5737,-23.0250,0.0000
16,96,-13.2229,-23.0250,0.0000
16,97,-12.8721,-23.0250,0.0000
16,98,-12.5213,-23.0250,0.0000
16,99,-12.1705,-23.0250,0.0000
16,100,-11.8197,-23.0250,0.0000
16,101,-11.4689,-23.0250,0.0000
16,102,-11.1181,-23.0250,0.0646
16,103,-10.7682,-23.0024,0.0736
16,104,-10.4183,-22.9766,0.0736
16,105,-10.0685,-22.9507,0.0736
16,106,-9.7186,-22.9249,1.3254
16,107,-9.6851,-22.7909,2.3613
16,108,-9.9342,-22.5444,2.1920
16,109,-10.1374,-22.2604,1.9945
16,110,-10.2816,-21.9409,1.9190
16,111,-10.4011,-21.6116,1.6511
16,112,-10.4292,-21.2619,1.6511
16,113,-10.4573,-20.9122,1.6511
16,114,-10.4855,-20.5626,1.5896
16,115,-10.4921,-20.2119,1.5849
16,116,-10.4970,-19.8611,1.5849
16,117,-10.5020,-19.5104,1.5849
16,118,-10.5069,-19.1596,1.5849
16,119,-10.5118,-18.8088,1.6183
16,120,-10.5285,-18.4585,1.6234
16,121,-10.5469,-18.1082,1.6977
16,122,-10.5907,-17.7656,1.9944
16,123,-10.7345,-17.4466,1.8564
16,124,-10.8330,-17.1110,1.6908
16,125,-10.8750,-16.7628,1.5708
16,126,-10.8750,-16.4120,1.5057
16,127,-10.8522,-16.0624,1.3112
16,128,-10.7629,-15.7260,1.4912
16,129,-10.7350,-15.3763,1.5423
16,130,-10.7250,-15.0259,1.5708
16,131,-10.7250,-14.6751,1.5323
16,132,-10.7115,-14.3248,1.4680
16,133,-10.6756,-13.9769,1.3362
16,134,-10.5945,-13.6374,1.5151
16,135,-10.5750,-13.2878,1.6081
16,136,-10.5881,-12.9376,1.7712
16,137,-10.6572,-12.5973,1.6215
16,138,-10.6750,-12.2472,1.5708
16,139,-10.6750,-11.8964,1.4824
16,140,-10.6441,-11.5477,1.3704
16,141,-10.5750,-11.2075,1.9515
16,142,-10.7019,-10.8904,2.2544
16,143,-10.9230,-10.6190,2.1863
16,144,-11.1249,-10.3336,2.0556
16,145,-11.2878,-10.0243,1.9070
16,146,-11.4032,-9.6940,1.6739
16,147,-11.4393,-9.3451,1.6727
16,148,-11.4750,-8.9961,1.5708
16,149,-11.4750,-8.6453,1.5708
16,150,-11.4750,-8.2945,1.5690
16,151,-11.4744,-7.9438,1.4677
16,152,-11.4383,-7.5948,1.4677
16,153,-11.4022,-7.2459,1.2272
16,154,-11.2842,-6.9162,1.0881
16,155,-11.1219,-6.6064,0.9503
16,156,-10.9187,-6.3220,0.9715
16,157,-10.7231,-6.0358,1.2407
16,158,-10.6100,-5.7057,1.5153
16,159,-10.5906,-5.3555,1.9686
16,160,-10.7207,-5.0459,2.8918
16,161,-11.0596,-4.9594,2.7607
16,162,-11.3851,-4.8291,2.7018
16,163,-11.7025,-4.6797,2.6209
16,164,-12.0067,-4.5052,2.5033
16,165,-12.2882,-4.2965,2.6466
16,166,-12.5960,-4.1303,2.6072
16,167,-12.8972,-3.9520,2.4251
16,168,-13.1611,-3.7221,2.3423
16,169,-13.4056,-3.4708,2.3065
16,170,-13.6409,-3.2108,2.2247
16,171,-13.8541,-2.9327,2.0319
16,172,-14.0098,-2.6191,1.9388
16,173,-14.1360,-2.2919,1.8925
16,174,-14.2470,-1.9591,1.8616
16,175,-14.3475,-1.6231,1.7586
16,176,-14.4125,-1.2813,1.7346
16,177,-14.4692,-0.9384,1.5875
16,178,-14.4750,-0.5879,1.5578
16,179,-14.4704,-0.2372,1.5814
16,180,-14.4740,0.0974,1.7014
16,181,-14.5193,0.4426,1.5870
16,182,-14.5250,0.7932,1.5673
16,183,-14.5238,1.1439,1.5064
16,184,-14.5012,1.4940,1.2495
16,185,-14.3908,1.8256,1.1298
16,186,-14.2411,2.1427,1.0228
16,187,-14.0591,2.4411,0.9172
16,188,-13.8460,2.7193,0.8176
16,189,-13.6061,2.9752,0.7426
16,190,-13.3481,3.2120,0.6611
16,191,-13.0718,3.4269,0.5404
16,192,-12.7710,3.6074,0.4513
16,193,-12.4553,3.7604,0.3333
16,194,-12.1241,3.8751,0.0890
16,195,-11.7747,3.9063,0.0890
16,196,-11.4253,3.9375,0.0228
16,197,-11.0746,3.9455,0.0227
16,198,-10.7239,3.9534,0.0227
16,199,-10.3732,3.9614,0.0909
16,200,-10.0239,3.9932,-3.0507
17,0,-11.4640,4.1750,3.1416
17,1,-11.5609,4.1750,3.1416
17,2,-11.9109,4.1750,3.1416
17,3,-12.2608,4.1750,3.1416
17,4,-12.6108,4.1750,3.1416
17,5,-12.9607,4.1750,3.1416
17,6,-13.3107,4.1750,3.1416
17,7,-13.6606,4.1750,3.1416
17,8,-14.0106,4.1750,3.1416
17,9,-14.3605,4.1750,3.1416
17,10,-14.7105,4.1750,-2.0577
17,11,-14.8462,3.9187,-1.7490
17,12,-14.9082,3.5743,-1.7490
17,13,-14.9703,3.2299,-1.7490
17,14,-15.0323,2.8855,-1.7490
17,15,-15.0943,2.5411,-1.7490
17,16,-15.1564,2.1967,-1.7490
17,17,-15.2184,1.8523,-1.7490
17,18,-15.2805,1.5079,-1.7490
17,19,-15.3425,1.1635,-1.7490
17,20,-15.4046,0.8191,-1.7490
17,21,-15.4666,0.4746,-1.7490
17,22,-15.5287,0.1302,-1.7490
17,23,-15.5907,-0.2142,-1.7490
17,24,-15.6527,-0.5586,-1.7490
17,25,-15.7148,-0.9030,-1.7490
17,26,-15.7768,-1.2474,-1.7490
17,27,-15.8389,-1.5918,-1.7490
17,28,-15.9009,-1.9362,-1.7490
17,29,-15.9630,-2.2806,-1.7490
17,30,-16.0250,-2.6250,-1.5708
17,31,-16.0250,-2.9749,-1.5708
17,32,-16.0250,-3.3249,-1.5708
17,33,-16.0250,-3.6748,-1.5708
17,34,-16.0250,-4.0248,-1.5708
17,35,-16.0250,-4.3747,-1.5708
17,36,-16.0250,-4.7247,-1.5708
17,37,-16.0250,-5.0746,-1.5708
17,38,-16.0250,-5.4246,-1.5708
17,39,-16.0250,-5.7745,-1.5708
17,40,-16.0250,-6.1245,-1.5708
17,41,-16.0250,-6.4744,-1.5708
17,42,-16.0250,-6.8244,-1.5708
17,43,-16.0250,-7.1743,-1.5708
17,44,-16.0250,-7.5243,-1.5708
17,45,-16.0250,-7.8742,-1.5708
17,46,-16.0250,-8.2242,-1.5708
17,47,-16.0250,-8.5741,-1.5708
17,48,-16.0250,-8.9241,-1.5708
17,49,-16.0250,-9.2740,-1.5708
17,50,-16.0250,-9.6240,-1.5708
17,51,-16.0250,-9.9739,-1.5708
17,52,-16.0250,-10.3239,-1.5708
17,53,-16.0250,-10.6738,-1.5708
17,54,-16.0250,-11.0238,-1.5708
17,55,-16.0250,-11.3737,-1.5708
17,56,-16.0250,-11.7237,-1.5708
17,57,-16.0250,-12.0736,-1.5708
17,58,-16.0250,-12.4236,-1.5708
17,59,-16.0250,-12.7735,-1.5708
17,60,-16.0250,-13.1235,-1.5708
17,61,-16.0250,-13.4734,-1.5708
17,62,-16.0250,-13.8234,-1.5708
17,63,-16.0250,-14.1733,-1.5708
17,64,-16.0250,-14.5233,-1.5708
17,65,-16.0250,-14.8732,-1.5708
17,66,-16.0250,-15.2232,-1.5708
17,67,-16.0250,-15.5731,-1.5708
17,68,-16.0250,-15.9231,-1.5402
17,69,-16.0143,-16.2718,-1.3467
17,70,-15.9366,-16.6130,-1.3467
17,71,-15.8588,-16.9542,-1.3467
17,72,-15.7810,-17.2954,-1.3467
17,73,-15.7032,-17.6366,-1.3467
17,74,-15.6255,-17.9778,-1.3467
17,75,-15.5477,-18.3190,-1.3467
17,76,-15.4699,-18.6602,-1.3467
17,77,-15.3921,-19.0014,-1.3467
17,78,-15.3144,-19.3426,-1.3467
17,79,-15.2366,-19.6838,-1.3467
17,80,-15.1588,-20.0250,-1.3467
17,81,-15.0811,-20.3662,-1.3467
17,82,-15.0033,-20.7074,-1.3467
17,83,-14.9255,-21.0486,-1.3467
17,84,-14.8477,-21.3898,-1.3467
17,85,-14.7700,-21.7310,-1.3467
17,86,-14.6922,-22.0722,-1.3467
17,87,-14.6144,-22.4134,-1.3467
17,88,-14.5366,-22.7546,-1.1100
17,89,-14.4024,-23.0250,0.0000
17,90,-14.0525,-23.0250,0.0000
17,91,-13.7025,-23.0250,0.0000
17,92,-13.3526,-23.0250,0.0000
17,93,-13.0026,-23.0250,0.0000
17,94,-12.6527,-23.0250,0.0000
17,95,-12.3027,-23.0250,0.0000
17,96,-11.9528,-23.0250,0.0000
17,97,-11.6028,-23.0250,0.0400
17,98,-11.2537,-23.0110,0.1145
17,99,-10.9060,-22.9710,0.1145
17,100,-10.5583,-22.9310,0.1145
17,101,-10.2107,-22.8911,0.5196
17,102,-10.0272,-22.7861,2.2651
17,103,-10.2510,-22.5173,2.1525
17,104,-10.4432,-22.2250,1.9845
17,105,-10.5838,-21.9047,1.8749
17,106,-10.6884,-21.5713,1.6373
17,107,-10.7116,-21.2230,1.6092
17,108,-10.7251,-20.8733,1.6074
17,109,-10.7379,-20.5236,1.5851
17,110,-10.7429,-20.1737,1.5851
17,111,-10.7479,-19.8238,1.5851
17,112,-10.7529,-19.4738,1.5851
17,113,-10.7579,-19.1239,1.5896
17,114,-10.7644,-18.7741,1.6457
17,115,-10.7906,-18.4251,1.6457
17,116,-10.8168,-18.0761,1.7258
17,117,-10.8702,-17.7347,1.9964
17,118,-11.0145,-17.4163,1.8283
17,119,-11.1033,-17.0793,1.6330
17,120,-11.1250,-16.7301,1.5708
17,121,-11.1250,-16.3801,1.4987
17,122,-11.0998,-16.0315,1.3237
17,123,-11.0147,-15.6940,1.4873
17,124,-10.9855,-15.3455,1.5408
17,125,-10.9750,-14.9959,1.5708
17,126,-10.9750,-14.6460,1.5277
17,127,-10.9599,-14.2966,1.4472
17,128,-10.9170,-13.9509,1.3518
17,129,-10.8413,-13.6111,1.5240
17,130,-10.8250,-13.2621,1.6150
17,131,-10.8404,-12.9129,1.7704
17,132,-10.9091,-12.5734,1.6162
17,133,-10.9250,-12.2240,1.5706
17,134,-10.9249,-11.8741,1.4592
17,135,-10.8861,-11.5278,1.3935
17,136,-10.8251,-11.1873,2.1573
17,137,-11.0183,-10.8965,2.2696
17,138,-11.2434,-10.6286,2.1588
17,139,-11.4375,-10.3374,1.9873
17,140,-11.5791,-10.0175,1.8791
17,141,-11.6851,-9.6845,1.6466
17,142,-11.7115,-9.3366,1.6093
17,143,-11.7250,-8.9870,1.5708
17,144,-11.7250,-8.6370,1.5708
17,145,-11.7250,-8.2871,1.5693
17,146,-11.7245,-7.9371,1.5308
17,147,-11.7105,-7.5875,1.4798
17,148,-11.6788,-7.2403,1.2545
17,149,-11.5701,-6.9082,1.1377
17,150,-11.4234,-6.5909,0.9820
17,151,-11.2292,-6.3000,0.8761
17,152,-11.0051,-6.0312,1.1466
17,153,-10.8615,-5.7131,1.5645
17,154,-10.8593,-5.3682,2.5995
17,155,-11.1286,-5.2061,2.7438
17,156,-11.4511,-5.0706,2.6992
17,157,-11.7673,-4.9207,2.6395
17,158,-12.0739,-4.7524,2.5336
17,159,-12.3605,-4.5530,2.5848
17,160,-12.6568,-4.3685,2.6671
17,161,-12.9675,-4.2089,2.4772
17,162,-13.2426,-3.9934,2.3844
17,163,-13.4969,-3.7531,2.3407
17,164,-13.7404,-3.5020,2.2602
17,165,-13.9626,-3.2323,2.1024
17,166,-14.1398,-2.9310,2.0075
17,167,-14.2878,-2.6140,1.9017
17,168,-14.4014,-2.2832,1.8662
17,169,-14.5033,-1.9485,1.8338
17,170,-14.5943,-1.6106,1.7734
17,171,-14.6646,-1.2684,1.7186
17,172,-14.7161,-0.9222,1.5963
17,173,-14.7250,-0.5729,1.5559
17,174,-14.7198,-0.2231,1.5981
17,175,-14.7289,0.1097,1.6898
17,176,-14.7702,0.4549,1.5846
17,177,-14.7750,0.8047,1.5617
17,178,-14.7718,1.1545,1.4631
17,179,-14.7342,1.5024,1.3189
17,180,-14.6473,1.8402,1.1968
17,181,-14.5195,2.1657,1.0866
17,182,-14.3567,2.4752,0.9115
17,183,-14.1425,2.7516,0.8435
17,184,-13.9100,3.0128,0.8131
17,185,-13.6695,3.2670,0.6857
17,186,-13.3987,3.4886,0.6092
17,187,-13.1125,3.6882,0.5233
17,188,-12.8095,3.8631,0.4366
17,189,-12.4924,4.0110,0.3115
17,190,-12.1596,4.1182,0.1435
17,191,-11.8135,4.1682,-2.9981
18,0,-12.9484,4.1203,3.0509
18,1,-13.2971,4.1520,3.0758
18,2,-13.6462,4.1750,3.1416
18,3,-13.9964,4.1750,3.1416
18,4,-14.3465,4.1750,3.1416
18,5,-14.6967,4.1750,3.1416
18,6,-15.0468,4.1750,-2.3062
18,7,-15.2237,3.9795,-1.6915
18,8,-15.2659,3.6319,-1.6915
18,9,-15.3081,3.2843,-1.6915
18,10,-15.3502,2.9367,-1.6915
18,11,-15.3924,2.5891,-1.6915
18,12,-15.4346,2.2415,-1.6915
18,13,-15.4768,1.8938,-1.6915
18,14,-15.5189,1.5462,-1.6915
18,15,-15.5611,1.1986,-1.6915
18,16,-15.6033,0.8510,-1.6915
18,17,-15.6454,0.5034,-1.6915
18,18,-15.6876,0.1558,-1.6915
18,19,-15.7298,-0.1918,-1.6915
18,20,-15.7720,-0.5394,-1.6915
18,21,-15.8141,-0.8870,-1.6915
18,22,-15.8563,-1.2346,-1.6915
18,23,-15.8985,-1.5822,-1.6915
18,24,-15.9407,-1.9298,-1.6915
18,25,-15.9828,-2.2774,-1.6915
18,26,-16.0250,-2.6250,-1.5708
18,27,-16.0250,-2.9752,-1.5708
18,28,-16.0250,-3.3253,-1.5708
18,29,-16.0250,-3.6755,-1.5708
18,30,-16.0250,-4.0256,-1.5708
18,31,-16.0250,-4.3758,-1.5708
18,32,-16.0250,-4.7259,-1.5708
18,33,-16.0250,-5.0761,-1.5708
18,34,-16.0250,-5.4262,-1.5708
18,35,-16.0250,-5.7764,-1.5708
18,36,-16.0250,-6.1265,-1.5708
18,37,-16.0250,-6.4767,-1.5708
18,38,-16.0250,-6.8268,-1.5708
18,39,-16.0250,-7.1770,-1.5708
18,40,-16.0250,-7.5271,-1.5708
18,41,-16.0250,-7.8773,-1.5708
18,42,-16.0250,-8.2274,-1.5708
18,43,-16.0250,-8.5776,-1.5708
18,44,-16.0250,-8.9277,-1.5708
18,45,-16.0250,-9.2779,-1.5708
18,46,-16.0250,-9.6281,-1.5708
18,47,-16.0250,-9.9782,-1.5708
18,48,-16.0250,-10.3284,-1.5708
18,49,-16.0250,-10.6785,-1.5708
18,50,-16.0250,-11.0287,-1.5708
18,51,-16.0250,-11.3788,-1.5708
18,52,-16.0250,-11.7290,-1.5708
18,53,-16.0250,-12.0791,-1.5708
18,54,-16.0250,-12.4293,-1.5708
18,55,-16.0250,-12.7794,-1.5708
18,56,-16.0250,-13.1296,-1.5708
18,57,-16.0250,-13.4797,-1.5708
18,58,-16.0250,-13.8299,-1.5708
18,59,-16.0250,-14.1800,-1.5708
18,60,-16.0250,-14.5302,-1.5708
18,61,-16.0250,-14.8803,-1.5708
18,62,-16.0250,-15.2305,-1.5708
18,63,-16.0250,-15.5806,-1.5708
18,64,-16.0250,-15.9308,-1.5371
18,65,-16.0132,-16.2797,-1.3589
18,66,-15.9396,-16.6220,-1.3589
18,67,-15.8660,-16.9643,-1.3589
18,68,-15.7924,-17.3067,-1.3589
18,69,-15.7187,-17.6490,-1.3589
18,70,-15.6451,-17.9913,-1.3589
18,71,-15.5715,-18.3336,-1.3589
18,72,-15.4979,-18.6760,-1.3589
18,73,-15.4242,-19.0183,-1.3589
18,74,-15.3506,-19.3606,-1.3589
18,75,-15.2770,-19.7029,-1.3589
18,76,-15.2034,-20.0453,-1.3589
18,77,-15.1297,-20.3876,-1.3589
18,78,-15.0561,-20.7299,-1.3589
18,79,-14.9825,-21.0722,-1.3589
18,80,-14.9089,-21.4146,-1.3589
18,81,-14.8352,-21.7569,-1.3589
18,82,-14.7616,-22.0992,-1.3589
18,83,-14.6880,-22.4415,-1.3589
18,84,-14.6144,-22.7839,-0.9984
18,85,-14.4590,-23.0250,0.0000
18,86,-14.1088,-23.0250,0.0000
18,87,-13.7587,-23.0250,0.0000
18,88,-13.4085,-23.0250,0.0000
18,89,-13.0584,-23.0250,0.0000
18,90,-12.7082,-23.0250,0.0000
18,91,-12.3581,-23.0250,0.0000
18,92,-12.0079,-23.0250,0.0000
18,93,-11.6578,-23.0250,0.0862
18,94,-11.3090,-22.9949,0.0915
18,95,-10.9603,-22.9629,0.0915
18,96,-10.6116,-22.9309,0.1220
18,97,-10.2826,-22.8905,2.2302
18,98,-10.4969,-22.6140,2.0994
18,99,-10.6733,-22.3119,1.9938
18,100,-10.8171,-21.9927,1.8950
18,101,-10.9284,-21.6614,1.6616
18,102,-10.9600,-21.3141,1.6092
18,103,-10.9735,-20.9642,1.6092
18,104,-10.9870,-20.6143,1.5861
18,105,-10.9923,-20.2642,1.5851
18,106,-10.9973,-19.9140,1.5851
18,107,-11.0023,-19.5639,1.5851
18,108,-11.0073,-19.2138,1.5851
18,109,-11.0123,-18.8637,1.6433
18,110,-11.0377,-18.5145,1.6457
18,111,-11.0639,-18.1653,1.6827
18,112,-11.1027,-17.8196,2.0067
18,113,-11.2504,-17.5025,1.8613
18,114,-11.3505,-17.1678,1.6374
18,115,-11.3738,-16.8185,1.5743
18,116,-11.3750,-16.4683,1.5345
18,117,-11.3623,-16.1188,1.4149
18,118,-11.3082,-15.7746,1.3918
18,119,-11.2463,-15.4325,1.5098
18,120,-11.2250,-15.0832,1.5708
18,121,-11.2250,-14.7330,1.5585
18,122,-11.2207,-14.3831,1.4920
18,123,-11.1931,-14.0340,1.3213
18,124,-11.1072,-13.6966,1.4787
18,125,-11.0750,-13.3485,1.6012
18,126,-11.0856,-12.9989,1.7745
18,127,-11.1558,-12.6594,1.6257
18,128,-11.1750,-12.3099,1.5708
18,129,-11.1750,-11.9598,1.5235
18,130,-11.1585,-11.6102,1.4507
18,131,-11.1175,-11.2709,2.0855
18,132,-11.2881,-10.9693,2.2307
18,133,-11.5024,-10.6931,2.1103
18,134,-11.6820,-10.3931,1.9898
18,135,-11.8244,-10.0734,1.8879
18,136,-11.9334,-9.7413,1.6494
18,137,-11.9608,-9.3934,1.6092
18,138,-11.9743,-9.0435,1.5728
18,139,-11.9750,-8.6933,1.5708
18,140,-11.9750,-8.3432,1.5708
18,141,-11.9750,-7.9930,1.5398
18,142,-11.9642,-7.6431,1.5324
18,143,-11.9507,-7.2932,1.2937
18,144,-11.8552,-6.9574,1.1687
18,145,-11.7183,-6.6354,1.0709
18,146,-11.5508,-6.3287,0.9455
18,147,-11.3462,-6.0454,0.9864
18,148,-11.1540,-5.7548,1.8525
18,149,-11.2368,-5.4687,2.5984
18,150,-11.5350,-5.2886,2.7150
18,151,-11.8538,-5.1437,2.6626
18,152,-12.1643,-4.9825,2.5705
18,153,-12.4580,-4.7938,2.5443
18,154,-12.7472,-4.5971,2.6825
18,155,-13.0605,-4.4422,2.5145
18,156,-13.3434,-4.2372,2.3954
18,157,-13.6005,-3.9995,2.3562
18,158,-13.8481,-3.7519,2.3067
18,159,-14.0831,-3.4924,2.1488
18,160,-14.2740,-3.1997,2.0405
18,161,-14.4324,-2.8876,1.9762
18,162,-14.5704,-2.5663,1.8998
18,163,-14.6835,-2.2349,1.8507
18,164,-14.7802,-1.8985,1.8338
18,165,-14.8712,-1.5604,1.7006
18,166,-14.9165,-1.2138,1.6717
18,167,-14.9518,-0.8655,1.6717
18,168,-14.9870,-0.5171,1.5907
18,169,-14.9940,-0.1670,1.5897
18,170,-15.0006,0.1831,1.5897
18,171,-15.0072,0.5331,1.5767
18,172,-15.0093,0.8832,1.5254
18,173,-14.9934,1.2330,1.5254
18,174,-14.9775,1.5828,1.3117
18,175,-14.8881,1.9198,1.1518
18,176,-14.7458,2.2393,1.0685
18,177,-14.5774,2.5459,1.0032
18,178,-14.3895,2.8407,0.9120
18,179,-14.1751,3.1176,0.8002
18,180,-13.9314,3.3686,0.7620
18,181,-13.6782,3.6102,0.6827
18,182,-13.4069,3.8308,0.5160
18,183,-13.1028,4.0033,-2.6256
19,0,-13.3963,4.0857,2.9617
19,1,-13.7411,4.1484,3.0653
19,2,-14.0892,4.1750,3.1416
19,3,-14.4397,4.1750,3.1416
19,4,-14.7901,4.1750,3.1416
19,5,-15.1406,4.1750,-2.3914
19,6,-15.3311,3.9974,-1.6752
19,7,-15.3676,3.6489,-1.6752
19,8,-15.4041,3.3003,-1.6752
19,9,-15.4407,2.9518,-1.6752
19,10,-15.4772,2.6032,-1.6752
19,11,-15.5137,2.2547,-1.6752
19,12,-15.5502,1.9061,-1.6752
19,13,-15.5868,1.5576,-1.6752
19,14,-15.6233,1.2090,-1.6752
19,15,-15.6598,0.8605,-1.6752
19,16,-15.6963,0.5119,-1.6752
19,17,-15.7328,0.1634,-1.6752
19,18,-15.7694,-0.1852,-1.6752
19,19,-15.8059,-0.5337,-1.6752
19,20,-15.8424,-0.8823,-1.6752
19,21,-15.8789,-1.2308,-1.6752
19,22,-15.9154,-1.5794,-1.6752
19,23,-15.9520,-1.9279,-1.6752
19,24,-15.9885,-2.2765,-1.6752
19,25,-16.0250,-2.6250,-1.5708
19,26,-16.0250,-2.9755,-1.5708
19,27,-16.0250,-3.3259,-1.5708
19,28,-16.0250,-3.6764,-1.5708
19,29,-16.0250,-4.0268,-1.5708
19,30,-16.0250,-4.3773,-1.5708
19,31,-16.0250,-4.7277,-1.5708
19,32,-16.0250,-5.0782,-1.5708
19,33,-16.0250,-5.4287,-1.5708
19,34,-16.0250,-5.7791,-1.5708
19,35,-16.0250,-6.1296,-1.5708
19,36,-16.0250,-6.4800,-1.5708
19,37,-16.0250,-6.8305,-1.5708
19,38,-16.0250,-7.1810,-1.5708
19,39,-16.0250,-7.5314,-1.5708
19,40,-16.0250,-7.8819,-1.5708
19,41,-16.0250,-8.2323,-1.5708
19,42,-16.0250,-8.5828,-1.5708
19,43,-16.0250,-8.9332,-1.5708
19,44,-16.0250,-9.2837,-1.5708
19,45,-16.0250,-9.6342,-1.5708
19,46,-16.0250,-9.9846,-1.5708
19,47,-16.0250,-10.3351,-1.5708
19,48,-16.0250,-10.6855,-1.5708
19,49,-16.0250,-11.0360,-1.5708
19,50,-16.0250,-11.3864,-1.5708
19,51,-16.0250,-11.7369,-1.5708
19,52,-16.0250,-12.0874,-1.5708
19,53,-16.0250,-12.4378,-1.5708
19,54,-16.0250,-12.7883,-1.5708
19,55,-16.0250,-13.1387,-1.5708
19,56,-16.0250,-13.4892,-1.5708
19,57,-16.0250,-13.8396,-1.5708
19,58,-16.0250,-14.1901,-1.5708
19,59,-16.0250,-14.5406,-1.5708
19,60,-16.0250,-14.8910,-1.5708
19,61,-16.0250,-15.2415,-1.5708
19,62,-16.0250,-15.5919,-1.5708
19,63,-16.0250,-15.9424,-1.5316
19,64,-16.0113,-16.2915,-1.3678
19,65,-15.9406,-16.6347,-1.3678
19,66,-15.8700,-16.9780,-1.3678
19,67,-15.7993,-17.3212,-1.3678
19,68,-15.7286,-17.6645,-1.3678
19,69,-15.6580,-18.0077,-1.3678
19,70,-15.5873,-18.3510,-1.3678
19,71,-15.5166,-18.6943,-1.3678
19,72,-15.4460,-19.0375,-1.3678
19,73,-15.3753,-19.3808,-1.3678
19,74,-15.3046,-19.7240,-1.3678
19,75,-15.2339,-20.0673,-1.3678
19,76,-15.1633,-20.4106,-1.3678
19,77,-15.0926,-20.7538,-1.3678
19,78,-15.0219,-21.0971,-1.3678
19,79,-14.9513,-21.4403,-1.3678
19,80,-14.8806,-21.7836,-1.3678
19,81,-14.8099,-22.1268,-1.3678
19,82,-14.7392,-22.4701,-1.3678
19,83,-14.6686,-22.8134,-0.8716
19,84,-14.4906,-23.0250,0.0000
19,85,-14.1402,-23.0250,0.0000
19,86,-13.7897,-23.0250,0.0000
19,87,-13.4392,-23.0250,0.0000
19,88,-13.0888,-23.0250,0.0000
19,89,-12.7383,-23.0250,0.0000
19,90,-12.3879,-23.0250,0.0000
19,91,-12.0374,-23.0250,0.0337
19,92,-11.6875,-23.0132,0.0855
19,93,-11.3383,-22.9833,0.0855
19,94,-10.9891,-22.9534,0.0855
19,95,-10.6399,-22.9234,1.6201
19,96,-10.6491,-22.7368,2.1496
19,97,-10.8406,-22.4438,1.9814
19,98,-10.9803,-22.1230,1.8754
19,99,-11.0853,-21.7889,1.7208
19,100,-11.1374,-21.4444,1.6310
19,101,-11.1585,-21.0945,1.6310
19,102,-11.1795,-20.7447,1.6026
19,103,-11.1907,-20.3945,1.5853
19,104,-11.1957,-20.0441,1.5853
19,105,-11.2008,-19.6937,1.5853
19,106,-11.2059,-19.3433,1.5853
19,107,-11.2110,-18.9928,1.6129
19,108,-11.2257,-18.6427,1.6248
19,109,-11.2446,-18.2928,1.6512
19,110,-11.2726,-17.9456,1.9912
19,111,-11.4151,-17.6270,1.8552
19,112,-11.5134,-17.2907,1.7016
19,113,-11.5590,-16.9437,1.6164
19,114,-11.5750,-16.5941,1.5691
19,115,-11.5744,-16.2437,1.4743
19,116,-11.5406,-15.8949,1.3258
19,117,-11.4561,-15.5570,1.4920
19,118,-11.4286,-15.2076,1.5606
19,119,-11.4250,-14.8573,1.5708
19,120,-11.4250,-14.5069,1.5092
19,121,-11.4034,-14.1572,1.4067
19,122,-11.3465,-13.8134,1.3826
19,123,-11.2811,-13.4701,1.5548
19,124,-11.2755,-13.1201,1.7591
19,125,-11.3408,-12.7776,1.6242
19,126,-11.3594,-12.4287,1.5544
19,127,-11.3537,-12.0785,1.5351
19,128,-11.3412,-11.7283,1.6997
19,129,-11.3860,-11.3827,1.8784
19,130,-11.4901,-11.0548,2.2022
19,131,-11.6969,-10.7720,2.1101
19,132,-11.8766,-10.4717,1.9550
19,133,-12.0078,-10.1473,1.8592
19,134,-12.1075,-9.8114,1.6777
19,135,-12.1447,-9.4641,1.6397
19,136,-12.1688,-9.1145,1.5884
19,137,-12.1750,-8.7642,1.5708
19,138,-12.1750,-8.4138,1.5708
19,139,-12.1750,-8.0633,1.5584
19,140,-12.1707,-7.7129,1.5504
19,141,-12.1635,-7.3625,1.3238
19,142,-12.0784,-7.0250,1.1945
19,143,-11.9496,-6.6991,1.1457
19,144,-11.8053,-6.3802,1.0653
19,145,-11.6357,-6.0738,0.9708
19,146,-11.4384,-5.7854,2.0937
19,147,-11.6083,-5.4908,2.6992
19,148,-11.9250,-5.3408,2.6497
19,149,-12.2337,-5.1754,2.5523
19,150,-12.5243,-4.9811,2.5516
19,151,-12.8151,-4.7864,2.6777
19,152,-13.1279,-4.6299,2.5497
19,153,-13.4186,-4.4345,2.4437
19,154,-13.6870,-4.2094,2.3635
19,155,-13.9366,-3.9634,2.2952
19,156,-14.1687,-3.7011,2.2003
19,157,-14.3749,-3.4180,2.1075
19,158,-14.5540,-3.1170,2.0070
19,159,-14.7019,-2.7996,1.9328
19,160,-14.8260,-2.4720,1.8925
19,161,-14.9368,-2.1395,1.8257
19,162,-15.0250,-1.8012,1.7580
19,163,-15.0899,-1.4587,1.7420
19,164,-15.1492,-1.1156,1.6342
19,165,-15.1714,-0.7659,1.6219
19,166,-15.1893,-0.4160,1.5897
19,167,-15.1959,-0.0656,1.5897
19,168,-15.2025,0.2848,1.5897
19,169,-15.2092,0.6352,1.5582
19,170,-15.2048,0.9855,1.5261
19,171,-15.1891,1.3356,1.5024
19,172,-15.1652,1.6844,1.2874
19,173,-15.0672,2.0208,1.1964
19,174,-14.9391,2.3467,1.0802
19,175,-14.7741,2.6556,0.9938
19,176,-14.5831,2.9492,0.8941
19,177,-14.3639,3.2221,0.8137
19,178,-14.1233,3.4767,0.7410
19,179,-13.8651,3.7129,0.6428
19,180,-13.5850,3.9227,-2.4988
20,0,-13.9299,3.9982,1.2162
20,1,-13.8784,4.1375,3.0443
20,2,-14.2261,4.1715,3.1314
20,3,-14.5754,4.1750,3.1416
20,4,-14.9248,4.1750,3.1416
20,5,-15.2743,4.1750,-2.3391
20,6,-15.4535,3.9895,-1.6570
20,7,-15.4836,3.6414,-1.6570
20,8,-15.5137,3.2932,-1.6570
20,9,-15.5438,2.9451,-1.6570
20,10,-15.5738,2.5970,-1.6570
20,11,-15.6039,2.2488,-1.6570
20,12,-15.6340,1.9007,-1.6570
20,13,-15.6641,1.5526,-1.6570
20,14,-15.6941,1.2045,-1.6570
20,15,-15.7242,0.8563,-1.6570
20,16,-15.7543,0.5082,-1.6570
20,17,-15.7844,0.1601,-1.6570
20,18,-15.8145,-0.1881,-1.6570
20,19,-15.8445,-0.5362,-1.6570
20,20,-15.8746,-0.8843,-1.6570
20,21,-15.9047,-1.2325,-1.6570
20,22,-15.9348,-1.5806,-1.6570
20,23,-15.9648,-1.9287,-1.6570
20,24,-15.9949,-2.2769,-1.6570
20,25,-16.0250,-2.6250,-1.5708
20,26,-16.0250,-2.9744,-1.5708
20,27,-16.0250,-3.3239,-1.5708
20,28,-16.0250,-3.6733,-1.5708
20,29,-16.0250,-4.0227,-1.5708
20,30,-16.0250,-4.3721,-1.5708
20,31,-16.0250,-4.7216,-1.5708
20,32,-16.0250,-5.0710,-1.5708
20,33,-16.0250,-5.4204,-1.5708
20,34,-16.0250,-5.7699,-1.5708
20,35,-16.0250,-6.1193,-1.5708
20,36,-16.0250,-6.4687,-1.5708
20,37,-16.0250,-6.8181,-1.5708
20,38,-16.0250,-7.1676,-1.5708
20,39,-16.0250,-7.5170,-1.5708
20,40,-16.0250,-7.8664,-1.5708
20,41,-16.0250,-8.2159,-1.5708
20,42,-16.0250,-8.5653,-1.5708
20,43,-16.0250,-8.9147,-1.5708
20,44,-16.0250,-9.2641,-1.5708
20,45,-16.0250,-9.6136,-1.5708
20,46,-16.0250,-9.9630,-1.5708
20,47,-16.0250,-10.3124,-1.5708
20,48,-16.0250,-10.6619,-1.5708
20,49,-16.0250,-11.0113,-1.5708
20,50,-16.0250,-11.3607,-1.5708
20,51,-16.0250,-11.7102,-1.5708
20,52,-16.0250,-12.0596,-1.5708
20,53,-16.0250,-12.4090,-1.5708
20,54,-16.0250,-12.7584,-1.5708
20,55,-16.0250,-13.1079,-1.5708
20,56,-16.0250,-13.4573,-1.5708
20,57,-16.0250,-13.8067,-1.5708
20,58,-16.0250,-14.1562,-1.5708
20,59,-16.0250,-14.5056,-1.5708
20,60,-16.0250,-14.8550,-1.5708
20,61,-16.0250,-15.2044,-1.5708
20,62,-16.0250,-15.5539,-1.5708
20,63,-16.0250,-15.9033,-1.5557
20,64,-16.0197,-16.2522,-1.3801
20,65,-15.9535,-16.5953,-1.3801
20,66,-15.8873,-16.9384,-1.3801
20,67,-15.8211,-17.2815,-1.3801
20,68,-15.7549,-17.6246,-1.3801
20,69,-15.6886,-17.9677,-1.3801
20,70,-15.6224,-18.3108,-1.3801
20,71,-15.5562,-18.6539,-1.3801
20,72,-15.4900,-18.9970,-1.3801
20,73,-15.4237,-19.3401,-1.3801
20,74,-15.3575,-19.6832,-1.3801
20,75,-15.2913,-20.0263,-1.3801
20,76,-15.2251,-20.3694,-1.3801
20,77,-15.1589,-20.7125,-1.3801
20,78,-15.0926,-21.0556,-1.3801
20,79,-15.0264,-21.3987,-1.3801
20,80,-14.9602,-21.7418,-1.3801
20,81,-14.8940,-22.0849,-1.3801
20,82,-14.8277,-22.4280,-1.3801
20,83,-14.7615,-22.7711,-1.0675
20,84,-14.6217,-23.0250,0.0000
20,85,-14.2723,-23.0250,0.0000
20,86,-13.9228,-23.0250,0.0000
20,87,-13.5734,-23.0250,0.0000
20,88,-13.2240,-23.0250,0.0000
20,89,-12.8746,-23.0250,0.0000
20,90,-12.5251,-23.0250,0.0000
20,91,-12.1757,-23.0250,0.1235
20,92,-11.8298,-22.9821,0.1651
20,93,-11.4852,-22.9246,0.1651
20,94,-11.1405,-22.8672,0.5360
20,95,-10.9331,-22.7440,2.0832
20,96,-11.1044,-22.4394,1.9733
20,97,-11.2412,-22.1180,1.8655
20,98,-11.3425,-21.7842,1.7031
20,99,-11.3884,-21.4395,1.6310
20,100,-11.4094,-21.0907,1.6310
20,101,-11.4305,-20.7419,1.6007
20,102,-11.4409,-20.3927,1.5855
20,103,-11.4461,-20.0433,1.5855
20,104,-11.4512,-19.6939,1.5855
20,105,-11.4563,-19.3445,1.5855
20,106,-11.4615,-18.9951,1.6175
20,107,-11.4778,-18.6461,1.6255
20,108,-11.4969,-18.2972,1.7131
20,109,-11.5456,-17.9574,1.9542
20,110,-11.6758,-17.6345,1.8314
20,111,-11.7658,-17.2969,1.6940
20,112,-11.8087,-16.9505,1.6174
20,113,-11.8250,-16.6019,1.5708
20,114,-11.8250,-16.2525,1.4780
20,115,-11.7926,-15.9046,1.3307
20,116,-11.7099,-15.5665,1.4920
20,117,-11.6824,-15.2182,1.5497
20,118,-11.6750,-14.8690,1.5708
20,119,-11.6750,-14.5196,1.5133
20,120,-11.6549,-14.1710,1.4143
20,121,-11.6008,-13.8276,1.3759
20,122,-11.5333,-13.4858,1.5470
20,123,-11.5250,-13.1369,1.7447
20,124,-11.5851,-12.7946,1.6756
20,125,-11.6215,-12.4483,1.5807
20,126,-11.6250,-12.0990,1.5598
20,127,-11.6211,-11.7497,1.4996
20,128,-11.5966,-11.4055,2.0976
20,129,-11.7715,-11.1048,2.1626
20,130,-11.9663,-10.8150,2.0695
20,131,-12.1333,-10.5085,1.9384
20,132,-12.2587,-10.1827,1.8431
20,133,-12.3526,-9.8463,1.6863
20,134,-12.3928,-9.5004,1.6385
20,135,-12.4164,-9.1518,1.5954
20,136,-12.4250,-8.8027,1.5708
20,137,-12.4250,-8.4532,1.5708
20,138,-12.4250,-8.1038,1.5377
20,139,-12.4135,-7.7548,1.5031
20,140,-12.3898,-7.4061,1.4312
20,141,-12.3414,-7.0616,1.2879
20,142,-12.2440,-6.7263,1.1885
20,143,-12.1138,-6.4026,1.0637
20,144,-11.9442,-6.0974,0.9906
20,145,-11.7575,-5.8125,2.3567
20,146,-11.9942,-5.5760,2.6838
20,147,-12.3074,-5.4217,2.5819
20,148,-12.6031,-5.2365,2.5203
20,149,-12.8869,-5.0333,2.6105
20,150,-13.1880,-4.8565,2.5806
20,151,-13.4830,-4.6711,2.4790
20,152,-13.7583,-4.4563,2.3884
20,153,-14.0132,-4.2173,2.3469
20,154,-14.2578,-3.9681,2.2685
20,155,-14.4819,-3.7009,2.1451
20,156,-14.6716,-3.4077,2.0653
20,157,-14.8373,-3.1003,1.9494
20,158,-14.9662,-2.7764,1.8925
20,159,-15.0767,-2.4449,1.8425
20,160,-15.1704,-2.1084,1.8370
20,161,-15.2624,-1.7713,1.7848
20,162,-15.3365,-1.4304,1.7222
20,163,-15.3892,-1.0849,1.6738
20,164,-15.4250,-0.7382,1.5708
20,165,-15.4250,-0.3888,1.5878
20,166,-15.4309,-0.0395,1.6785
20,167,-15.4676,0.2994,1.5921
20,168,-15.4750,0.6487,1.5708
20,169,-15.4750,0.9981,1.5385
20,170,-15.4637,1.3472,1.4635
20,171,-15.4264,1.6937,1.2635
20,172,-15.3209,2.0260,1.1766
20,173,-15.1868,2.3485,1.1370
20,174,-15.0400,2.6654,1.0700
20,175,-14.8723,2.9718,0.9388
20,176,-14.6660,3.2535,0.8472
20,177,-14.4347,3.5153,0.7854
20,178,-14.1876,3.7624,-2.3562
21,0,-14.4430,3.8315,1.1750
21,1,-14.3510,4.0516,2.7695
21,2,-14.6671,4.1750,3.1416
21,3,-15.0166,4.1750,3.1416
21,4,-15.3660,4.1750,-2.3746
21,5,-15.5502,3.9975,-1.6424
21,6,-15.5752,3.6489,-1.6424
21,7,-15.6002,3.3004,-1.6424
21,8,-15.6252,2.9518,-1.6424
21,9,-15.6502,2.6033,-1.6424
21,10,-15.6752,2.2547,-1.6424
21,11,-15.7002,1.9062,-1.6424
21,12,-15.7251,1.5576,-1.6424
21,13,-15.7501,1.2091,-1.6424
21,14,-15.7751,0.8605,-1.6424
21,15,-15.8001,0.5120,-1.6424
21,16,-15.8251,0.1634,-1.6424
21,17,-15.8501,-0.1851,-1.6424
21,18,-15.8751,-0.5337,-1.6424
21,19,-15.9001,-0.8822,-1.6424
21,20,-15.9250,-1.2308,-1.6424
21,21,-15.9500,-1.5793,-1.6424
21,22,-15.9750,-1.9279,-1.6424
21,23,-16.0000,-2.2764,-1.6424
21,24,-16.0250,-2.6250,-1.5708
21,25,-16.0250,-2.9744,-1.5708
21,26,-16.0250,-3.3239,-1.5708
21,27,-16.0250,-3.6733,-1.5708
21,28,-16.0250,-4.0228,-1.5708
21,29,-16.0250,-4.3722,-1.5708
21,30,-16.0250,-4.7217,-1.5708
21,31,-16.0250,-5.0711,-1.5708
21,32,-16.0250,-5.4206,-1.5708
21,33,-16.0250,-5.7700,-1.5708
21,34,-16.0250,-6.1195,-1.5708
21,35,-16.0250,-6.4689,-1.5708
21,36,-16.0250,-6.8184,-1.5708
21,37,-16.0250,-7.1678,-1.5708
21,38,-16.0250,-7.5172,-1.5708
21,39,-16.0250,-7.8667,-1.5708
21,40,-16.0250,-8.2161,-1.5708
21,41,-16.0250,-8.5656,-1.5708
21,42,-16.0250,-8.9150,-1.5708
21,43,-16.0250,-9.2645,-1.5708
21,44,-16.0250,-9.6139,-1.5708
21,45,-16.0250,-9.9634,-1.5708
21,46,-16.0250,-10.3128,-1.5708
21,47,-16.0250,-10.6623,-1.5708
21,48,-16.0250,-11.0117,-1.5708
21,49,-16.0250,-11.3612,-1.5708
21,50,-16.0250,-11.7106,-1.5708
21,51,-16.0250,-12.0600,-1.5708
21,52,-16.0250,-12.4095,-1.5708
21,53,-16.0250,-12.7589,-1.5708
21,54,-16.0250,-13.1084,-1.5708
21,55,-16.0250,-13.4578,-1.5708
21,56,-16.0250,-13.8073,-1.5708
21,57,-16.0250,-14.1567,-1.5708
21,58,-16.0250,-14.5062,-1.5708
21,59,-16.0250,-14.8556,-1.5708
21,60,-16.0250,-15.2051,-1.5708
21,61,-16.0250,-15.5545,-1.5708
21,62,-16.0250,-15.9039,-1.5562
21,63,-16.0199,-16.2529,-1.3908
21,64,-15.9573,-16.5967,-1.3908
21,65,-15.8948,-16.9405,-1.3908
21,66,-15.8322,-17.2843,-1.3908
21,67,-15.7697,-17.6281,-1.3908
21,68,-15.7071,-17.9719,-1.3908
21,69,-15.6445,-18.3157,-1.3908
21,70,-15.5820,-18.6595,-1.3908
21,71,-15.5194,-19.0033,-1.3908
21,72,-15.4568,-19.3471,-1.3908
21,73,-15.3943,-19.6909,-1.3908
21,74,-15.3317,-20.0347,-1.3908
21,75,-15.2691,-20.3785,-1.3908
21,76,-15.2066,-20.7223,-1.3908
21,77,-15.1440,-21.0661,-1.3908
21,78,-15.0814,-21.4099,-1.3908
21,79,-15.0189,-21.7537,-1.3908
21,80,-14.9563,-22.0975,-1.3908
21,81,-14.8937,-22.4413,-1.3908
21,82,-14.8312,-22.7851,-1.0141
21,83,-14.6819,-23.0250,0.0000
21,84,-14.3324,-23.0250,0.0000
21,85,-13.9830,-23.0250,0.0000
21,86,-13.6335,-23.0250,0.0000
21,87,-13.2841,-23.0250,0.0000
21,88,-12.9346,-23.0250,0.0000
21,89,-12.5852,-23.0250,0.0358
21,90,-12.2368,-23.0125,0.1634
21,91,-11.8920,-22.9557,0.1634
21,92,-11.5472,-22.8988,0.1634
21,93,-11.2024,-22.8420,1.9769
21,94,-11.3264,-22.5537,1.9836
21,95,-11.4664,-22.2340,1.8855
21,96,-11.5744,-21.9023,1.7437
21,97,-11.6342,-21.5597,1.6310
21,98,-11.6552,-21.2109,1.6310
21,99,-11.6762,-20.8621,1.6099
21,100,-11.6899,-20.5130,1.5855
21,101,-11.6950,-20.1636,1.5855
21,102,-11.7002,-19.8142,1.5855
21,103,-11.7053,-19.4648,1.5855
21,104,-11.7104,-19.1154,1.6095
21,105,-11.7239,-18.7663,1.6255
21,106,-11.7431,-18.4174,1.6255
21,107,-11.7622,-18.0684,1.9877
21,108,-11.9028,-17.7509,1.8460
21,109,-11.9977,-17.4147,1.7209
21,110,-12.0499,-17.0701,1.6429
21,111,-12.0750,-16.7220,1.5708
21,112,-12.0750,-16.3725,1.5199
21,113,-12.0573,-16.0239,1.4103
21,114,-12.0017,-15.6805,1.4092
21,115,-11.9457,-15.3375,1.5114
21,116,-11.9250,-14.9889,1.5708
21,117,-11.9250,-14.6394,1.5516
21,118,-11.9183,-14.2902,1.4920
21,119,-11.8908,-13.9419,1.3237
21,120,-11.8056,-13.6041,1.4828
21,121,-11.7750,-13.2569,1.6801
21,122,-11.8130,-12.9111,1.7227
21,123,-11.8655,-12.5682,1.5981
21,124,-11.8750,-12.2191,1.5708
21,125,-11.8750,-11.8696,1.5373
21,126,-11.8633,-11.5204,1.9535
21,127,-11.9840,-11.2206,2.1766
21,128,-12.1827,-10.9337,2.0676
21,129,-12.3491,-10.6268,1.9610
21,130,-12.4818,-10.3040,1.8649
21,131,-12.5830,-9.9699,1.7272
21,132,-12.6372,-9.6264,1.6363
21,133,-12.6601,-9.2777,1.6136
21,134,-12.6750,-8.9287,1.5708
21,135,-12.6750,-8.5793,1.5708
21,136,-12.6750,-8.2298,1.5671
21,137,-12.6737,-7.8804,1.5053
21,138,-12.6509,-7.5317,1.5053
21,139,-12.6280,-7.1830,1.3356
21,140,-12.5467,-6.8439,1.2192
21,141,-12.4265,-6.5163,1.1243
21,142,-12.2758,-6.2016,1.3070
21,143,-12.1884,-5.8780,2.3571
21,144,-12.4087,-5.6581,2.5852
21,145,-12.7052,-5.4737,2.5060
21,146,-12.9861,-5.2665,2.6675
21,147,-13.2961,-5.1074,2.5843
21,148,-13.5925,-4.9228,2.4703
21,149,-13.8655,-4.7059,2.3832
21,150,-14.1191,-4.4656,2.3259
21,151,-14.3586,-4.2112,2.2618
21,152,-14.5809,-3.9424,2.2012
21,153,-14.7869,-3.6601,2.0895
21,154,-14.9599,-3.3569,2.0557
21,155,-15.1227,-3.0479,1.9996
21,156,-15.2680,-2.7301,1.9069
21,157,-15.3832,-2.4004,1.8518
21,158,-15.4801,-2.0648,1.8127
21,159,-15.5638,-1.7256,1.7607
21,160,-15.6296,-1.3830,1.6392
21,161,-15.6535,-1.0344,1.6392
21,162,-15.6773,-0.6858,1.6103
21,163,-15.6912,-0.3367,1.5890
21,164,-15.6975,0.0127,1.5890
21,165,-15.7039,0.3621,1.5890
21,166,-15.7102,0.7114,1.5500
21,167,-15.7029,1.0607,1.5280
21,168,-15.6880,1.4098,1.4992
21,169,-15.6630,1.7574,1.3079
21,170,-15.5722,2.0948,1.2083
21,171,-15.4483,2.4215,1.1159
21,172,-15.2948,2.7353,1.0561
21,173,-15.1229,3.0394,0.9767
21,174,-14.9274,3.3288,0.8386
21,175,-14.6939,3.5885,-2.3030
22,0,-14.8522,3.7328,0.8157
22,1,-14.6132,3.9868,2.3111
22,2,-14.7629,4.1507,3.0711
22,3,-15.1073,4.1750,3.1416
22,4,-15.4563,4.1750,-2.3540
22,5,-15.6356,3.9950,-1.6296
22,6,-15.6561,3.6465,-1.6296
22,7,-15.6766,3.2981,-1.6296
22,8,-15.6971,2.9497,-1.6296
22,9,-15.7176,2.6013,-1.6296
22,10,-15.7381,2.2529,-1.6296
22,11,-15.7586,1.9044,-1.6296
22,12,-15.7791,1.5560,-1.6296
22,13,-15.7996,1.2076,-1.6296
22,14,-15.8200,0.8592,-1.6296
22,15,-15.8405,0.5108,-1.6296
22,16,-15.8610,0.1624,-1.6296
22,17,-15.8815,-0.1861,-1.6296
22,18,-15.9020,-0.5345,-1.6296
22,19,-15.9225,-0.8829,-1.6296
22,20,-15.9430,-1.2313,-1.6296
22,21,-15.9635,-1.5797,-1.6296
22,22,-15.9840,-1.9282,-1.6296
22,23,-16.0045,-2.2766,-1.6296
22,24,-16.0250,-2.6250,-1.5708
22,25,-16.0250,-2.9740,-1.5708
22,26,-16.0250,-3.3230,-1.5708
22,27,-16.0250,-3.6721,-1.5708
22,28,-16.0250,-4.0211,-1.5708
22,29,-16.0250,-4.3701,-1.5708
22,30,-16.0250,-4.7191,-1.5708
22,31,-16.0250,-5.0681,-1.5708
22,32,-16.0250,-5.4172,-1.5708
22,33,-16.0250,-5.7662,-1.5708
22,34,-16.0250,-6.1152,-1.5708
22,35,-16.0250,-6.4642,-1.5708
22,36,-16.0250,-6.8133,-1.5708
22,37,-16.0250,-7.1623,-1.5708
22,38,-16.0250,-7.5113,-1.5708
22,39,-16.0250,-7.8603,-1.5708
22,40,-16.0250,-8.2093,-1.5708
22,41,-16.0250,-8.5584,-1.5708
22,42,-16.0250,-8.9074,-1.5708
22,43,-16.0250,-9.2564,-1.5708
22,44,-16.0250,-9.6054,-1.5708
22,45,-16.0250,-9.9544,-1.5708
22,46,-16.0250,-10.3035,-1.5708
22,47,-16.0250,-10.6525,-1.5708
22,48,-16.0250,-11.0015,-1.5708
22,49,-16.0250,-11.3505,-1.5708
22,50,-16.0250,-11.6996,-1.5708
22,51,-16.0250,-12.0486,-1.5708
22,52,-16.0250,-12.3976,-1.5708
22,53,-16.0250,-12.7466,-1.5708
22,54,-16.0250,-13.0956,-1.5708
22,55,-16.0250,-13.4447,-1.5708
22,56,-16.0250,-13.7937,-1.5708
22,57,-16.0250,-14.1427,-1.5708
22,58,-16.0250,-14.4917,-1.5708
22,59,-16.0250,-14.8407,-1.5708
22,60,-16.0250,-15.1898,-1.5708
22,61,-16.0250,-15.5388,-1.5708
22,62,-16.0250,-15.8878,-1.5650
22,63,-16.0230,-16.2367,-1.3997
22,64,-15.9636,-16.5806,-1.3997
22,65,-15.9041,-16.9245,-1.3997
22,66,-15.8447,-17.2684,-1.3997
22,67,-15.7853,-17.6124,-1.3997
22,68,-15.7258,-17.9563,-1.3997
22,69,-15.6664,-18.3002,-1.3997
22,70,-15.6070,-18.6441,-1.3997
22,71,-15.5476,-18.9881,-1.3997
22,72,-15.4881,-19.3320,-1.3997
22,73,-15.4287,-19.6759,-1.3997
22,74,-15.3693,-20.0198,-1.3997
22,75,-15.3098,-20.3638,-1.3997
22,76,-15.2504,-20.7077,-1.3997
22,77,-15.1910,-21.0516,-1.3997
22,78,-15.1316,-21.3955,-1.3997
22,79,-15.0721,-21.7395,-1.3997
22,80,-15.0127,-22.0834,-1.3997
22,81,-14.9533,-22.4273,-1.3997
22,82,-14.8938,-22.7712,-1.0808
22,83,-14.7585,-23.0250,0.0000
22,84,-14.4095,-23.0250,0.0000
22,85,-14.0605,-23.0250,0.0000
22,86,-13.7114,-23.0250,0.0000
22,87,-13.3624,-23.0250,0.0000
22,88,-13.0134,-23.0250,0.0000
22,89,-12.6644,-23.0250,0.0717
22,90,-12.3171,-23.0001,0.1355
22,91,-11.9712,-22.9529,0.1355
22,92,-11.6254,-22.9057,0.6839
22,93,-11.4543,-22.7663,1.9910
22,94,-11.5965,-22.4481,1.9027
22,95,-11.7102,-22.1183,1.8417
22,96,-11.8036,-21.7821,1.6603
22,97,-11.8347,-21.4350,1.6413
22,98,-11.8593,-21.0869,1.6413
22,99,-11.8839,-20.7387,1.5939
22,100,-11.8919,-20.3899,1.5857
22,101,-11.8972,-20.0409,1.5857
22,102,-11.9024,-19.6919,1.5857
22,103,-11.9076,-19.3429,1.5872
22,104,-11.9133,-18.9939,1.6136
22,105,-11.9282,-18.6452,1.6136
22,106,-11.9432,-18.2965,1.8334
22,107,-12.0315,-17.9679,1.8675
22,108,-12.1335,-17.6343,1.8182
22,109,-12.2189,-17.2964,1.6893
22,110,-12.2601,-16.9498,1.6134
22,111,-12.2750,-16.6017,1.5708
22,112,-12.2750,-16.2526,1.4898
22,113,-12.2468,-15.9049,1.3406
22,114,-12.1675,-15.5665,1.4816
22,115,-12.1364,-15.2193,1.5381
22,116,-12.1250,-14.8707,1.5708
22,117,-12.1250,-14.5217,1.5251
22,118,-12.1091,-14.1733,1.4465
22,119,-12.0660,-13.8283,1.3459
22,120,-11.9883,-13.4889,1.5357
22,121,-11.9761,-13.1409,1.7837
22,122,-12.0495,-12.8014,1.6343
22,123,-12.0717,-12.4532,1.5803
22,124,-12.0750,-12.1043,1.5708
22,125,-12.0750,-11.7552,1.7235
22,126,-12.1281,-11.4103,2.1340
22,127,-12.3108,-11.1209,2.0760
22,128,-12.4796,-10.8158,1.9728
22,129,-12.6160,-10.4951,1.8897
22,130,-12.7253,-10.1639,1.8290
22,131,-12.8143,-9.8268,1.6488
22,132,-12.8415,-9.4789,1.6488
22,133,-12.8687,-9.1309,1.5889
22,134,-12.8750,-8.7821,1.5708
22,135,-12.8750,-8.4331,1.5708
22,136,-12.8750,-8.0841,1.5340
22,137,-12.8622,-7.7356,1.4928
22,138,-12.8350,-7.3876,1.4595
22,139,-12.7963,-7.0417,1.2998
22,140,-12.7029,-6.7054,1.2299
22,141,-12.5862,-6.3766,1.0989
22,142,-12.4279,-6.0663,1.9225
22,143,-12.5211,-5.8124,2.6387
22,144,-12.8260,-5.6447,2.4993
22,145,-13.1053,-5.4358,2.6550
22,146,-13.4129,-5.2730,2.5809
22,147,-13.7081,-5.0877,2.4927
22,148,-13.9861,-4.8768,2.3744
22,149,-14.2373,-4.6346,2.3243
22,150,-14.4760,-4.3802,2.2974
22,151,-14.7078,-4.1193,2.1989
22,152,-14.9128,-3.8370,2.1397
22,153,-15.1005,-3.5436,2.0571
22,154,-15.2636,-3.2350,1.9757
22,155,-15.4010,-2.9142,1.9221
22,156,-15.5211,-2.5868,1.8781
22,157,-15.6266,-2.2542,1.8417
22,158,-15.7200,-1.9179,1.7922
22,159,-15.7967,-1.5774,1.6954
22,160,-15.8399,-1.2320,1.6392
22,161,-15.8638,-0.8838,1.6389
22,162,-15.8875,-0.5356,1.5890
22,163,-15.8939,-0.1867,1.5890
22,164,-15.9002,0.1623,1.5890
22,165,-15.9066,0.5113,1.5842
22,166,-15.9113,0.8602,1.5161
22,167,-15.8922,1.2087,1.5161
22,168,-15.8731,1.5572,1.4195
22,169,-15.8208,1.9002,1.2903
22,170,-15.7242,2.2355,1.2120
22,171,-15.6016,2.5623,1.1192
22,172,-15.4494,2.8762,1.0399
22,173,-15.2728,3.1769,0.9576
22,174,-15.0722,3.4621,-2.1840
23,0,-15.9945,-1.7580,-1.5956
23,1,-16.0015,-2.0413,-1.5756
23,2,-16.0032,-2.3910,-1.5756
23,3,-16.0049,-2.7407,-1.5756
23,4,-16.0065,-3.0905,-1.5756
23,5,-16.0082,-3.4402,-1.5756
23,6,-16.0099,-3.7899,-1.5756
23,7,-16.0116,-4.1397,-1.5756
23,8,-16.0133,-4.4894,-1.5756
23,9,-16.0149,-4.8391,-1.5756
23,10,-16.0166,-5.1888,-1.5756
23,11,-16.0183,-5.5386,-1.5756
23,12,-16.0200,-5.8883,-1.5756
23,13,-16.0216,-6.2380,-1.5756
23,14,-16.0233,-6.5878,-1.5756
23,15,-16.0250,-6.9375,-1.5708
23,16,-16.0250,-7.2872,-1.5708
23,17,-16.0250,-7.6370,-1.5708
23,18,-16.0250,-7.9867,-1.5708
23,19,-16.0250,-8.3364,-1.5708
23,20,-16.0250,-8.6862,-1.5708
23,21,-16.0250,-9.0359,-1.5708
23,22,-16.0250,-9.3856,-1.5708
23,23,-16.0250,-9.7354,-1.5708
23,24,-16.0250,-10.0851,-1.5708
23,25,-16.0250,-10.4348,-1.5708
23,26,-16.0250,-10.7846,-1.5708
23,27,-16.0250,-11.1343,-1.5708
23,28,-16.0250,-11.4840,-1.5708
23,29,-16.0250,-11.8338,-1.5708
23,30,-16.0250,-12.1835,-1.5708
23,31,-16.0250,-12.5332,-1.5708
23,32,-16.0250,-12.8830,-1.5708
23,33,-16.0250,-13.2327,-1.5708
23,34,-16.0250,-13.5824,-1.5708
23,35,-16.0250,-13.9322,-1.5708
23,36,-16.0250,-14.2819,-1.5708
23,37,-16.0250,-14.6316,-1.5708
23,38,-16.0250,-14.9814,-1.5708
23,39,-16.0250,-15.3311,-1.5708
23,40,-16.0250,-15.6809,-1.5708
23,41,-16.0250,-16.0306,-1.5708
23,42,-16.0250,-16.3803,-1.5708
23,43,-16.0250,-16.7301,-1.5708
23,44,-16.0250,-17.0798,-1.5708
23,45,-16.0250,-17.4295,-1.5026
23,46,-16.0013,-17.7768,-1.3662
23,47,-15.9302,-18.1193,-1.3662
23,48,-15.8592,-18.4617,-1.3662
23,49,-15.7882,-18.8041,-1.3662
23,50,-15.7171,-19.1466,-1.3662
23,51,-15.6461,-19.4890,-1.3662
23,52,-15.5750,-19.8315,-1.3662
23,53,-15.5040,-20.1739,-1.3662
23,54,-15.4329,-20.5164,-1.3662
23,55,-15.3619,-20.8588,-1.3662
23,56,-15.2909,-21.2012,-1.3662
23,57,-15.2198,-21.5437,-1.3662
23,58,-15.1488,-21.8861,-1.3662
23,59,-15.0777,-22.2286,-1.3662
23,60,-15.0067,-22.5710,-1.3662
23,61,-14.9356,-22.9135,-0.4067
23,62,-14.6767,-23.0250,0.0000
23,63,-14.3269,-23.0250,0.0000
23,64,-13.9772,-23.0250,0.0000
23,65,-13.6275,-23.0250,0.0000
23,66,-13.2777,-23.0250,0.0000
23,67,-12.9280,-23.0250,0.0411
23,68,-12.5792,-23.0107,0.1318
23,69,-12.2325,-22.9647,0.1318
23,70,-11.8858,-22.9188,0.6176
23,71,-11.7036,-22.7893,2.0074
23,72,-11.8511,-22.4732,1.8957
23,73,-11.9626,-22.1421,1.8281
23,74,-12.0516,-21.8039,1.6640
23,75,-12.0841,-21.4563,1.6413
23,76,-12.1087,-21.1074,1.6413
23,77,-12.1334,-20.7586,1.5952
23,78,-12.1419,-20.4090,1.5859
23,79,-12.1472,-20.0593,1.5859
23,80,-12.1525,-19.7096,1.5859
23,81,-12.1578,-19.3599,1.5929
23,82,-12.1655,-19.0104,1.6476
23,83,-12.1924,-18.6617,1.6476
23,84,-12.2192,-18.3130,1.7481
23,85,-12.2802,-17.9725,1.9319
23,86,-12.4037,-17.6456,1.8165
23,87,-12.4886,-17.3069,1.6525
23,88,-12.5171,-16.9588,1.5933
23,89,-12.5250,-16.6093,1.5708
23,90,-12.5250,-16.2595,1.4937
23,91,-12.4981,-15.9109,1.3685
23,92,-12.4281,-15.5696,1.4604
23,93,-12.3896,-15.2229,1.5289
23,94,-12.3750,-14.8737,1.5708
23,95,-12.3750,-14.5240,1.5284
23,96,-12.3602,-14.1748,1.4591
23,97,-12.3213,-13.8282,1.3441
23,98,-12.2428,-13.4878,1.5331
23,99,-12.2297,-13.1398,1.7765
23,100,-12.3009,-12.7985,1.6352
23,101,-12.3234,-12.4495,1.5753
23,102,-12.3250,-12.0998,1.6001
23,103,-12.3352,-11.7507,1.7958
23,104,-12.4117,-11.4166,2.1390
23,105,-12.5995,-11.1225,2.0390
23,106,-12.7573,-10.8105,1.9417
23,107,-12.8839,-10.4848,1.8691
23,108,-12.9866,-10.1509,1.8016
23,109,-13.0665,-9.8111,1.6476
23,110,-13.0933,-9.4624,1.6476
23,111,-13.1201,-9.1137,1.5848
23,112,-13.1250,-8.7642,1.5708
23,113,-13.1250,-8.4144,1.5708
23,114,-13.1250,-8.0647,1.5519
23,115,-13.1184,-7.7151,1.5351
23,116,-13.1059,-7.3656,1.4500
23,117,-13.0639,-7.0195,1.2742
23,118,-12.9618,-6.6855,1.1748
23,119,-12.8270,-6.3629,1.2723
23,120,-12.7250,-6.0316,2.4655
23,121,-12.9920,-5.8174,2.5736
23,122,-13.2866,-5.6294,2.5899
23,123,-13.5845,-5.4461,2.5230
23,124,-13.8690,-5.2435,2.4805
23,125,-14.1451,-5.0288,2.4091
23,126,-14.4046,-4.7954,2.3562
23,127,-14.6519,-4.5481,2.3027
23,128,-14.8855,-4.2881,2.2603
23,129,-15.1078,-4.0185,2.1421
23,130,-15.2969,-3.7243,2.0899
23,131,-15.4704,-3.4207,1.9745
23,132,-15.6077,-3.0993,1.9176
23,133,-15.7265,-2.7704,1.8925
23,134,-15.8371,-2.4386,1.8385
23,135,-15.9296,-2.1014,-1.3031
24,0,-15.9880,-2.7803,-1.5783
24,1,-15.9907,-3.1308,-1.5783
24,2,-15.9933,-3.4813,-1.5783
24,3,-15.9959,-3.8318,-1.5783
24,4,-15.9986,-4.1823,-1.5783
24,5,-16.0012,-4.5328,-1.5783
24,6,-16.0039,-4.8834,-1.5783
24,7,-16.0065,-5.2339,-1.5783
24,8,-16.0091,-5.5844,-1.5783
24,9,-16.0118,-5.9349,-1.5783
24,10,-16.0144,-6.2854,-1.5783
24,11,-16.0171,-6.6359,-1.5783
24,12,-16.0197,-6.9865,-1.5783
24,13,-16.0224,-7.3370,-1.5783
24,14,-16.0250,-7.6875,-1.5708
24,15,-16.0250,-8.0380,-1.5708
24,16,-16.0250,-8.3886,-1.5708
24,17,-16.0250,-8.7391,-1.5708
24,18,-16.0250,-9.0896,-1.5708
24,19,-16.0250,-9.4401,-1.5708
24,20,-16.0250,-9.7907,-1.5708
24,21,-16.0250,-10.1412,-1.5708
24,22,-16.0250,-10.4917,-1.5708
24,23,-16.0250,-10.8422,-1.5708
24,24,-16.0250,-11.1928,-1.5708
24,25,-16.0250,-11.5433,-1.5708
24,26,-16.0250,-11.8938,-1.5708
24,27,-16.0250,-12.2444,-1.5708
24,28,-16.0250,-12.5949,-1.5708
24,29,-16.0250,-12.9454,-1.5708
24,30,-16.0250,-13.2959,-1.5708
24,31,-16.0250,-13.6465,-1.5708
24,32,-16.0250,-13.9970,-1.5708
24,33,-16.0250,-14.3475,-1.5708
24,34,-16.0250,-14.6981,-1.5708
24,35,-16.0250,-15.0486,-1.5708
24,36,-16.0250,-15.3991,-1.5708
24,37,-16.0250,-15.7496,-1.5708
24,38,-16.0250,-16.1002,-1.5708
24,39,-16.0250,-16.4507,-1.5708
24,40,-16.0250,-16.8012,-1.5708
24,41,-16.0250,-17.1517,-1.5708
24,42,-16.0250,-17.5023,-1.5708
24,43,-16.0250,-17.8528,-1.4046
24,44,-15.9672,-18.1975,-1.3706
24,45,-15.8974,-18.5410,-1.3706
24,46,-15.8277,-18.8846,-1.3706
24,47,-15.7580,-19.2281,-1.3706
24,48,-15.6883,-19.5716,-1.3706
24,49,-15.6186,-19.9151,-1.3706
24,50,-15.5489,-20.2587,-1.3706
24,51,-15.4792,-20.6022,-1.3706
24,52,-15.4095,-20.9457,-1.3706
24,53,-15.3397,-21.2892,-1.3706
24,54,-15.2700,-21.6328,-1.3706
24,55,-15.2003,-21.9763,-1.3706
24,56,-15.1306,-22.3198,-1.3706
24,57,-15.0609,-22.6634,-1.3706
24,58,-14.9912,-23.0069,-0.0539
24,59,-14.6555,-23.0250,0.0000
24,60,-14.3049,-23.0250,0.0000
24,61,-13.9544,-23.0250,0.0000
24,62,-13.6039,-23.0250,0.0000
24,63,-13.2534,-23.0250,0.0035
24,64,-12.9029,-23.0238,0.1275
24,65,-12.5552,-22.9792,0.1275
24,66,-12.2075,-22.9346,0.4188
24,67,-11.9725,-22.8300,1.9784
24,68,-12.1112,-22.5089,1.8780
24,69,-12.2171,-22.1750,1.8281
24,70,-12.3063,-21.8360,1.6541
24,71,-12.3355,-21.4871,1.6413
24,72,-12.3602,-21.1374,1.6413
24,73,-12.3848,-20.7877,1.5919
24,74,-12.3922,-20.4373,1.5859
24,75,-12.3975,-20.0869,1.5859
24,76,-12.4029,-19.7364,1.5859
24,77,-12.4082,-19.3859,1.5973
24,78,-12.4175,-19.0356,1.6476
24,79,-12.4443,-18.6861,1.6476
24,80,-12.4712,-18.3366,1.7728
24,81,-12.5407,-17.9973,1.9250
24,82,-12.6622,-17.6689,1.8076
24,83,-12.7443,-17.3286,1.6381
24,84,-12.7678,-16.9791,1.5913
24,85,-12.7750,-16.6288,1.5708
24,86,-12.7750,-16.2783,1.5079
24,87,-12.7530,-15.9286,1.4060
24,88,-12.6957,-15.5843,1.4245
24,89,-12.6449,-15.2389,1.5141
24,90,-12.6250,-14.8892,1.5708
24,91,-12.6250,-14.5387,1.5429
24,92,-12.6152,-14.1885,1.4920
24,93,-12.5876,-13.8391,1.3238
24,94,-12.5020,-13.4995,1.4983
24,95,-12.4767,-13.1513,1.7903
24,96,-12.5527,-12.8108,1.6345
24,97,-12.5750,-12.4610,1.5708
24,98,-12.5750,-12.1105,1.6719
24,99,-12.6102,-11.7641,1.8163
24,100,-12.6952,-11.4247,2.1112
24,101,-12.8755,-11.1241,2.0391
24,102,-13.0336,-10.8116,1.9515
24,103,-13.1637,-10.4865,1.8791
24,104,-13.2700,-10.1527,1.7945
24,105,-13.3478,-9.8112,1.6105
24,106,-13.3617,-9.4611,1.6053
24,107,-13.3738,-9.1107,1.5743
24,108,-13.3750,-8.7602,1.5708
24,109,-13.3750,-8.4097,1.5708
24,110,-13.3750,-8.0592,1.5544
24,111,-13.3693,-7.7088,1.5363
24,112,-13.3572,-7.3584,1.4704
24,113,-13.3222,-7.0108,1.3069
24,114,-13.2308,-6.6727,1.2165
24,115,-13.1093,-6.3441,1.6949
24,116,-13.1496,-6.0212,2.5572
24,117,-13.4403,-5.8289,2.6392
24,118,-13.7468,-5.6605,2.5490
24,119,-14.0375,-5.4648,2.4539
24,120,-14.3083,-5.2423,2.4046
24,121,-14.5678,-5.0068,2.3697
24,122,-14.8188,-4.7625,2.2896
24,123,-15.0496,-4.4987,2.2195
24,124,-15.2611,-4.2197,2.1714
24,125,-15.4591,-3.9306,2.1112
24,126,-15.6395,-3.6300,2.0095
24,127,-15.7883,-3.3128,1.9348
24,128,-15.9131,-2.9853,-1.2068
25,0,-15.9224,-3.4712,-1.8516
25,1,-15.9657,-3.6211,-1.5838
25,2,-15.9703,-3.9714,-1.5838
25,3,-15.9748,-4.3217,-1.5838
25,4,-15.9794,-4.6720,-1.5838
25,5,-15.9839,-5.0223,-1.5838
25,6,-15.9885,-5.3726,-1.5838
25,7,-15.9931,-5.7229,-1.5838
25,8,-15.9976,-6.0732,-1.5838
25,9,-16.0022,-6.4235,-1.5838
25,10,-16.0068,-6.7738,-1.5838
25,11,-16.0113,-7.1241,-1.5838
25,12,-16.0159,-7.4744,-1.5838
25,13,-16.0204,-7.8247,-1.5838
25,14,-16.0250,-8.1750,-1.5708
25,15,-16.0250,-8.5253,-1.5708
25,16,-16.0250,-8.8757,-1.5708
25,17,-16.0250,-9.2260,-1.5708
25,18,-16.0250,-9.5763,-1.5708
25,19,-16.0250,-9.9266,-1.5708
25,20,-16.0250,-10.2770,-1.5708
25,21,-16.0250,-10.6273,-1.5708
25,22,-16.0250,-10.9776,-1.5708
25,23,-16.0250,-11.3279,-1.5708
25,24,-16.0250,-11.6783,-1.5708
25,25,-16.0250,-12.0286,-1.5708
25,26,-16.0250,-12.3789,-1.5708
25,27,-16.0250,-12.7292,-1.5708
25,28,-16.0250,-13.0796,-1.5708
25,29,-16.0250,-13.4299,-1.5708
25,30,-16.0250,-13.7802,-1.5708
25,31,-16.0250,-14.1305,-1.5708
25,32,-16.0250,-14.4809,-1.5708
25,33,-16.0250,-14.8312,-1.5708
25,34,-16.0250,-15.1815,-1.5708
25,35,-16.0250,-15.5319,-1.5708
25,36,-16.0250,-15.8822,-1.5708
25,37,-16.0250,-16.2325,-1.5708
25,38,-16.0250,-16.5828,-1.5708
25,39,-16.0250,-16.9332,-1.5708
25,40,-16.0250,-17.2835,-1.5708
25,41,-16.0250,-17.6338,-1.5708
25,42,-16.0250,-17.9841,-1.4266
25,43,-15.9749,-18.3296,-1.3763
25,44,-15.9072,-18.6733,-1.3763
25,45,-15.8395,-19.0170,-1.3763
25,46,-15.7717,-19.3607,-1.3763
25,47,-15.7040,-19.7045,-1.3763
25,48,-15.6363,-20.0482,-1.3763
25,49,-15.5686,-20.3919,-1.3763
25,50,-15.5009,-20.7356,-1.3763
25,51,-15.4332,-21.0794,-1.3763
25,52,-15.3655,-21.4231,-1.3763
25,53,-15.2978,-21.7668,-1.3763
25,54,-15.2301,-22.1105,-1.3763
25,55,-15.1624,-22.4542,-1.3763
25,56,-15.0947,-22.7980,-0.9462
25,57,-14.9311,-23.0250,0.0000
25,58,-14.5807,-23.0250,0.0000
25,59,-14.2304,-23.0250,0.0000
25,60,-13.8801,-23.0250,0.0000
25,61,-13.5298,-23.0250,0.0000
25,62,-13.1794,-23.0250,0.1590
25,63,-12.8348,-22.9698,0.2054
25,64,-12.4918,-22.8983,0.3815
25,65,-12.2194,-22.7890,1.9513
25,66,-12.3495,-22.4637,1.8720
25,67,-12.4534,-22.1292,1.7897
25,68,-12.5295,-21.7873,1.6388
25,69,-12.5533,-21.4383,1.6214
25,70,-12.5710,-21.0884,1.6190
25,71,-12.5879,-20.7385,1.5862
25,72,-12.5933,-20.3882,1.5862
25,73,-12.5986,-20.0379,1.5862
25,74,-12.6040,-19.6876,1.5862
25,75,-12.6094,-19.3373,1.6085
25,76,-12.6226,-18.9874,1.6383
25,77,-12.6463,-18.6379,1.6383
25,78,-12.6699,-18.2883,1.9037
25,79,-12.7832,-17.9606,1.8475
25,80,-12.8788,-17.6238,1.7546
25,81,-12.9428,-17.2799,1.6457
25,82,-12.9690,-16.9306,1.5881
25,83,-12.9750,-16.5805,1.5708
25,84,-12.9750,-16.2301,1.4968
25,85,-12.9491,-15.8808,1.3806
25,86,-12.8832,-15.5383,1.4501
25,87,-12.8411,-15.1916,1.5248
25,88,-12.8250,-14.8419,1.5708
25,89,-12.8250,-14.4915,1.5323
25,90,-12.8115,-14.1417,1.4679
25,91,-12.7756,-13.7940,1.3334
25,92,-12.6933,-13.4538,1.5597
25,93,-12.6894,-13.1061,1.7651
25,94,-12.7568,-12.7639,1.6228
25,95,-12.7750,-12.4142,1.5708
25,96,-12.7750,-12.0638,1.6999
25,97,-12.8199,-11.7178,1.9799
25,98,-12.9566,-11.4026,2.0927
25,99,-13.1311,-11.0991,1.9889
25,100,-13.2732,-10.7792,1.8828
25,101,-13.3808,-10.4458,1.8200
25,102,-13.4672,-10.1063,1.7358
25,103,-13.5245,-9.7620,1.6442
25,104,-13.5502,-9.4127,1.6417
25,105,-13.5750,-9.0632,1.5708
25,106,-13.5750,-8.7129,1.5708
25,107,-13.5750,-8.3626,1.5708
25,108,-13.5750,-8.0123,1.5188
25,109,-13.5568,-7.6627,1.4853
25,110,-13.5269,-7.3137,1.4670
25,111,-13.4907,-6.9657,1.3045
25,112,-13.3985,-6.6278,1.6283
25,113,-13.4174,-6.2982,2.0273
25,114,-13.5702,-5.9871,2.5749
25,115,-13.8658,-5.7991,2.5525
25,116,-14.1568,-5.6046,2.4669
25,117,-14.4303,-5.3857,2.4248
25,118,-14.6941,-5.1559,2.3562
25,119,-14.9418,-4.9082,2.3101
25,120,-15.1776,-4.6496,2.2722
25,121,-15.4037,-4.3820,2.1588
25,122,-15.5980,-4.0905,2.0995
25,123,-15.7746,-3.7882,-1.0421
26,0,-15.9267,-4.0806,-1.5924
26,1,-15.9343,-4.4302,-1.5924
26,2,-15.9419,-4.7797,-1.5924
26,3,-15.9494,-5.1293,-1.5924
26,4,-15.9570,-5.4789,-1.5924
26,5,-15.9645,-5.8284,-1.5924
26,6,-15.9721,-6.1780,-1.5924
26,7,-15.9797,-6.5276,-1.5924
26,8,-15.9872,-6.8772,-1.5924
26,9,-15.9948,-7.2267,-1.5924
26,10,-16.0023,-7.5763,-1.5924
26,11,-16.0099,-7.9259,-1.5924
26,12,-16.0174,-8.2754,-1.5924
26,13,-16.0250,-8.6250,-1.5708
26,14,-16.0250,-8.9747,-1.5708
26,15,-16.0250,-9.3243,-1.5708
26,16,-16.0250,-9.6740,-1.5708
26,17,-16.0250,-10.0236,-1.5708
26,18,-16.0250,-10.3733,-1.5708
26,19,-16.0250,-10.7229,-1.5708
26,20,-16.0250,-11.0726,-1.5708
26,21,-16.0250,-11.4222,-1.5708
26,22,-16.0250,-11.7719,-1.5708
26,23,-16.0250,-12.1215,-1.5708
26,24,-16.0250,-12.4712,-1.5708
26,25,-16.0250,-12.8208,-1.5708
26,26,-16.0250,-13.1705,-1.5708
26,27,-16.0250,-13.5201,-1.5708
26,28,-16.0250,-13.8698,-1.5708
26,29,-16.0250,-14.2194,-1.5708
26,30,-16.0250,-14.5691,-1.5708
26,31,-16.0250,-14.9187,-1.5708
26,32,-16.0250,-15.2684,-1.5708
26,33,-16.0250,-15.6180,-1.5708
26,34,-16.0250,-15.9677,-1.5708
26,35,-16.0250,-16.3173,-1.5708
26,36,-16.0250,-16.6670,-1.5708
26,37,-16.0250,-17.0166,-1.5708
26,38,-16.0250,-17.3663,-1.5708
26,39,-16.0250,-17.7159,-1.5708
26,40,-16.0250,-18.0656,-1.4686
26,41,-15.9895,-18.4119,-1.3829
26,42,-15.9242,-18.7554,-1.3829
26,43,-15.8589,-19.0989,-1.3829
26,44,-15.7936,-19.4424,-1.3829
26,45,-15.7283,-19.7859,-1.3829
26,46,-15.6630,-20.1294,-1.3829
26,47,-15.5977,-20.4729,-1.3829
26,48,-15.5324,-20.8164,-1.3829
26,49,-15.4671,-21.1599,-1.3829
26,50,-15.4018,-21.5034,-1.3829
26,51,-15.3365,-21.8469,-1.3829
26,52,-15.2712,-22.1904,-1.3829
26,53,-15.2059,-22.5339,-1.3829
26,54,-15.1406,-22.8774,-0.5758
26,55,-14.9131,-23.0250,0.0000
26,56,-14.5635,-23.0250,0.0000
26,57,-14.2138,-23.0250,0.0000
26,58,-13.8642,-23.0250,0.0000
26,59,-13.5145,-23.0250,0.0562
26,60,-13.1664,-23.0054,0.1604
26,61,-12.8213,-22.9496,0.1604
26,62,-12.4761,-22.8937,1.8691
26,63,-12.5651,-22.6045,1.8818
26,64,-12.6721,-22.2716,1.8041
26,65,-12.7529,-21.9314,1.6786
26,66,-12.7904,-21.5848,1.6317
26,67,-12.8117,-21.2358,1.6317
26,68,-12.8330,-20.8868,1.5959
26,69,-12.8417,-20.5373,1.5862
26,70,-12.8471,-20.1877,1.5862
26,71,-12.8525,-19.8381,1.5862
26,72,-12.8579,-19.4885,1.5919
26,73,-12.8652,-19.1390,1.6271
26,74,-12.8849,-18.7899,1.6271
26,75,-12.9046,-18.4408,1.8507
26,76,-12.9994,-18.1108,1.8497
26,77,-13.0956,-17.7748,1.8006
26,78,-13.1753,-17.4344,1.6595
26,79,-13.2062,-17.0861,1.6245
26,80,-13.2250,-16.7373,1.5708
26,81,-13.2250,-16.3876,1.5407
26,82,-13.2145,-16.0384,1.4940
26,83,-13.1877,-15.6898,1.3391
26,84,-13.1076,-15.3504,1.4920
26,85,-13.0801,-15.0018,1.5563
26,86,-13.0750,-14.6523,1.5708
26,87,-13.0750,-14.3027,1.5011
26,88,-13.0506,-13.9540,1.3941
26,89,-12.9894,-13.6113,1.3848
26,90,-12.9250,-13.2687,1.7612
26,91,-12.9907,-12.9279,1.6630
26,92,-13.0228,-12.5806,1.5771
26,93,-13.0250,-12.2310,1.6469
26,94,-13.0514,-11.8844,1.8134
26,95,-13.1352,-11.5459,2.1225
26,96,-13.3185,-11.2481,2.0505
26,97,-13.4798,-10.9380,1.9267
26,98,-13.6015,-10.6106,1.8440
26,99,-13.6958,-10.2740,1.7999
26,100,-13.7752,-9.9335,1.6304
26,101,-13.7961,-9.5845,1.6304
26,102,-13.8169,-9.2355,1.5939
26,103,-13.8250,-8.8861,1.5708
26,104,-13.8250,-8.5364,1.5708
26,105,-13.8250,-8.1868,1.5681
26,106,-13.8241,-7.8372,1.4985
26,107,-13.7988,-7.4884,1.4985
26,108,-13.7735,-7.1397,1.3942
26,109,-13.7123,-6.7969,1.4055
26,110,-13.6562,-6.4602,1.9760
26,111,-13.7913,-6.1452,2.6012
26,112,-14.0911,-5.9653,2.5396
26,113,-14.3792,-5.7674,2.4742
26,114,-14.6536,-5.5512,2.3972
26,115,-14.9105,-5.3145,2.3407
26,116,-15.1538,-5.0635,2.2896
26,117,-15.3840,-4.8004,2.2282
26,118,-15.5975,-4.5238,2.1600
26,119,-15.7915,-4.2336,-0.9816
27,0,-15.9291,-4.4757,-1.6171
27,1,-15.9440,-4.7971,-1.5901
27,2,-15.9507,-5.1473,-1.5901
27,3,-15.9575,-5.4975,-1.5901
27,4,-15.9642,-5.8478,-1.5901
27,5,-15.9710,-6.1980,-1.5901
27,6,-15.9777,-6.5483,-1.5901
27,7,-15.9845,-6.8985,-1.5901
27,8,-15.9912,-7.2488,-1.5901
27,9,-15.9980,-7.5990,-1.5901
27,10,-16.0047,-7.9493,-1.5901
27,11,-16.0115,-8.2995,-1.5901
27,12,-16.0182,-8.6498,-1.5901
27,13,-16.0250,-9.0000,-1.5708
27,14,-16.0250,-9.3503,-1.5708
27,15,-16.0250,-9.7006,-1.5708
27,16,-16.0250,-10.0509,-1.5708
27,17,-16.0250,-10.4012,-1.5708
27,18,-16.0250,-10.7516,-1.5708
27,19,-16.0250,-11.1019,-1.5708
27,20,-16.0250,-11.4522,-1.5708
27,21,-16.0250,-11.8025,-1.5708
27,22,-16.0250,-12.1528,-1.5708
27,23,-16.0250,-12.5031,-1.5708
27,24,-16.0250,-12.8534,-1.5708
27,25,-16.0250,-13.2037,-1.5708
27,26,-16.0250,-13.5540,-1.5708
27,27,-16.0250,-13.9043,-1.5708
27,28,-16.0250,-14.2547,-1.5708
27,29,-16.0250,-14.6050,-1.5708
27,30,-16.0250,-14.9553,-1.5708
27,31,-16.0250,-15.3056,-1.5708
27,32,-16.0250,-15.6559,-1.5708
27,33,-16.0250,-16.0062,-1.5708
27,34,-16.0250,-16.3565,-1.5708
27,35,-16.0250,-16.7068,-1.5708
27,36,-16.0250,-17.0571,-1.5708
27,37,-16.0250,-17.4074,-1.5708
27,38,-16.0250,-17.7578,-1.5708
27,39,-16.0250,-18.1081,-1.5160
27,40,-16.0059,-18.4567,-1.3935
27,41,-15.9441,-18.8015,-1.3935
27,42,-15.8823,-19.1463,-1.3935
27,43,-15.8206,-19.4911,-1.3935
27,44,-15.7588,-19.8360,-1.3935
27,45,-15.6970,-20.1808,-1.3935
27,46,-15.6353,-20.5256,-1.3935
27,47,-15.5735,-20.8704,-1.3935
27,48,-15.5117,-21.2152,-1.3935
27,49,-15.4499,-21.5601,-1.3935
27,50,-15.3882,-21.9049,-1.3935
27,51,-15.3264,-22.2497,-1.3935
27,52,-15.2646,-22.5945,-1.3935
27,53,-15.2028,-22.9393,-0.2982
27,54,-14.9242,-23.0250,0.0000
27,55,-14.5739,-23.0250,0.0000
27,56,-14.2236,-23.0250,0.0000
27,57,-13.8733,-23.0250,0.0000
27,58,-13.5230,-23.0250,0.2155
27,59,-13.1810,-22.9501,0.2221
27,60,-12.8393,-22.8730,1.4960
27,61,-12.8202,-22.6184,1.8723
27,62,-12.9242,-22.2840,1.8086
27,63,-13.0067,-21.9438,1.6891
27,64,-13.0479,-21.5970,1.6220
27,65,-13.0659,-21.2471,1.6220
27,66,-13.0838,-20.8973,1.5938
27,67,-13.0918,-20.5471,1.5864
27,68,-13.0973,-20.1968,1.5864
27,69,-13.1028,-19.8466,1.5864
27,70,-13.1083,-19.4963,1.5981
27,71,-13.1178,-19.1462,1.6383
27,72,-13.1414,-18.7967,1.6383
27,73,-13.1651,-18.4472,1.8197
27,74,-13.2503,-18.1117,1.8729
27,75,-13.3545,-17.7775,1.7878
27,76,-13.4299,-17.4355,1.6566
27,77,-13.4599,-17.0868,1.6140
27,78,-13.4750,-16.7370,1.5708
27,79,-13.4750,-16.3867,1.5404
27,80,-13.4644,-16.0368,1.4940
27,81,-13.4375,-15.6875,1.3394
27,82,-13.3574,-15.3475,1.4920
27,83,-13.3298,-14.9982,1.5571
27,84,-13.3250,-14.6481,1.5708
27,85,-13.3250,-14.2978,1.4999
27,86,-13.3002,-13.9485,1.3909
27,87,-13.2378,-13.6053,1.4289
27,88,-13.1884,-13.2595,1.6857
27,89,-13.2285,-12.9120,1.7072
27,90,-13.2750,-12.5731,1.5708
27,91,-13.2750,-12.2228,1.7160
27,92,-13.3253,-11.8788,1.8546
27,93,-13.4231,-11.5437,2.0553
27,94,-13.5862,-11.2337,1.9819
27,95,-13.7260,-10.9131,1.9342
27,96,-13.8505,-10.5857,1.8260
27,97,-13.9389,-10.2467,1.7725
27,98,-14.0089,-9.9046,1.6528
27,99,-14.0376,-9.5555,1.6528
27,100,-14.0663,-9.2063,1.5958
27,101,-14.0750,-8.8564,1.5708
27,102,-14.0750,-8.5061,1.5708
27,103,-14.0750,-8.1557,1.5632
27,104,-14.0723,-7.8055,1.5112
27,105,-14.0515,-7.4558,1.5112
27,106,-14.0306,-7.1061,1.3855
27,107,-13.9663,-6.7628,1.6081
27,108,-13.9788,-6.4260,2.3157
27,109,-14.2015,-6.1846,2.5663
27,110,-14.4952,-5.9941,2.4877
27,111,-14.7730,-5.7812,2.4106
27,112,-15.0336,-5.5475,2.3546
27,113,-15.2808,-5.2995,2.3171
27,114,-15.5187,-5.0423,2.2455
27,115,-15.7375,-4.7688,-0.8961
28,0,-15.9182,-4.8746,-1.7935
28,1,-15.9663,-5.0873,-1.5847
28,2,-15.9712,-5.4383,-1.5847
28,3,-15.9761,-5.7894,-1.5847
28,4,-15.9810,-6.1405,-1.5847
28,5,-15.9859,-6.4915,-1.5847
28,6,-15.9908,-6.8426,-1.5847
28,7,-15.9957,-7.1936,-1.5847
28,8,-16.0006,-7.5447,-1.5847
28,9,-16.0054,-7.8958,-1.5847
28,10,-16.0103,-8.2468,-1.5847
28,11,-16.0152,-8.5979,-1.5847
28,12,-16.0201,-8.9489,-1.5847
28,13,-16.0250,-9.3000,-1.5708
28,14,-16.0250,-9.6511,-1.5708
28,15,-16.0250,-10.0022,-1.5708
28,16,-16.0250,-10.3533,-1.5708
28,17,-16.0250,-10.7044,-1.5708
28,18,-16.0250,-11.0555,-1.5708
28,19,-16.0250,-11.4066,-1.5708
28,20,-16.0250,-11.7577,-1.5708
28,21,-16.0250,-12.1087,-1.5708
28,22,-16.0250,-12.4598,-1.5708
28,23,-16.0250,-12.8109,-1.5708
28,24,-16.0250,-13.1620,-1.5708
28,25,-16.0250,-13.5131,-1.5708
28,26,-16.0250,-13.8642,-1.5708
28,27,-16.0250,-14.2153,-1.5708
28,28,-16.0250,-14.5664,-1.5708
28,29,-16.0250,-14.9175,-1.5708
28,30,-16.0250,-15.2686,-1.5708
28,31,-16.0250,-15.6197,-1.5708
28,32,-16.0250,-15.9708,-1.5708
28,33,-16.0250,-16.3219,-1.5708
28,34,-16.0250,-16.6730,-1.5708
28,35,-16.0250,-17.0241,-1.5708
28,36,-16.0250,-17.3751,-1.5708
28,37,-16.0250,-17.7262,-1.5708
28,38,-16.0250,-18.0773,-1.5708
28,39,-16.0250,-18.4284,-1.4108
28,40,-15.9691,-18.7747,-1.4003
28,41,-15.9095,-19.1207,-1.4003
28,42,-15.8500,-19.4667,-1.4003
28,43,-15.7904,-19.8128,-1.4003
28,44,-15.7309,-20.1588,-1.4003
28,45,-15.6713,-20.5048,-1.4003
28,46,-15.6118,-20.8508,-1.4003
28,47,-15.5522,-21.1968,-1.4003
28,48,-15.4926,-21.5428,-1.4003
28,49,-15.4331,-21.8888,-1.4003
28,50,-15.3735,-22.2348,-1.4003
28,51,-15.3140,-22.5808,-1.4003
28,52,-15.2544,-22.9268,-0.3508
28,53,-14.9861,-23.0250,0.0000
28,54,-14.6350,-23.0250,0.0000
28,55,-14.2839,-23.0250,0.0000
28,56,-13.9328,-23.0250,0.0506
28,57,-13.5836,-23.0073,0.2205
28,58,-13.2410,-22.9305,0.3495
28,59,-12.9519,-22.8252,1.9271
28,60,-13.0743,-22.4963,1.8422
28,61,-13.1684,-22.1581,1.7682
28,62,-13.2372,-21.8138,1.6226
28,63,-13.2554,-21.4632,1.6220
28,64,-13.2734,-21.1126,1.6144
28,65,-13.2887,-20.7619,1.5867
28,66,-13.2943,-20.4108,1.5867
28,67,-13.2998,-20.0598,1.5867
28,68,-13.3054,-19.7087,1.5867
28,69,-13.3110,-19.3577,1.6249
28,70,-13.3300,-19.0072,1.6392
28,71,-13.3540,-18.6569,1.6774
28,72,-13.3911,-18.3096,1.9130
28,73,-13.5088,-17.9793,1.8111
28,74,-13.5923,-17.6386,1.7244
28,75,-13.6459,-17.2922,1.6405
28,76,-13.6703,-16.9420,1.5841
28,77,-13.6750,-16.5911,1.5708
28,78,-13.6750,-16.2400,1.5098
28,79,-13.6536,-15.8897,1.4302
28,80,-13.6046,-15.5433,1.4099
28,81,-13.5485,-15.1979,1.5037
28,82,-13.5250,-14.8477,1.5708
28,83,-13.5250,-14.4966,1.5474
28,84,-13.5168,-14.1459,1.4920
28,85,-13.4891,-13.7959,1.3475
28,86,-13.4115,-13.4541,1.5921
28,87,-13.4190,-13.1051,1.6976
28,88,-13.4633,-12.7576,1.6042
28,89,-13.4750,-12.4069,1.6121
28,90,-13.4894,-12.0577,1.8281
28,91,-13.5788,-11.7181,2.0015
28,92,-13.7247,-11.4006,2.0253
28,93,-13.8786,-11.0856,1.9270
28,94,-14.0011,-10.7565,1.8602
28,95,-14.1011,-10.4206,1.8158
28,96,-14.1863,-10.0799,1.6781
28,97,-14.2238,-9.7315,1.6517
28,98,-14.2522,-9.3816,1.6359
28,99,-14.2750,-9.0314,1.5708
28,100,-14.2750,-8.6803,1.5708
28,101,-14.2750,-8.3292,1.5708
28,102,-14.2750,-7.9781,1.5415
28,103,-14.2647,-7.6273,1.5247
28,104,-14.2485,-7.2765,1.4766
28,105,-14.2156,-6.9279,1.5168
28,106,-14.1973,-6.5900,2.1453
28,107,-14.3832,-6.3029,2.5536
28,108,-14.6753,-6.1081,2.4428
28,109,-14.9440,-5.8823,2.4038
28,110,-15.2036,-5.6464,2.3562
28,111,-15.4519,-5.3981,2.3310
28,112,-15.6938,-5.1437,-0.8106
29,0,-15.7757,-5.3999,-1.6301
29,1,-15.7965,-5.7499,-1.6301
29,2,-15.8173,-6.0999,-1.6301
29,3,-15.8381,-6.4499,-1.6301
29,4,-15.8588,-6.7999,-1.6301
29,5,-15.8796,-7.1499,-1.6301
29,6,-15.9004,-7.4999,-1.6301
29,7,-15.9211,-7.8500,-1.6301
29,8,-15.9419,-8.2000,-1.6301
29,9,-15.9627,-8.5500,-1.6301
29,10,-15.9835,-8.9000,-1.6301
29,11,-16.0042,-9.2500,-1.6301
29,12,-16.0250,-9.6000,-1.5708
29,13,-16.0250,-9.9506,-1.5708
29,14,-16.0250,-10.3012,-1.5708
29,15,-16.0250,-10.6519,-1.5708
29,16,-16.0250,-11.0025,-1.5708
29,17,-16.0250,-11.3531,-1.5708
29,18,-16.0250,-11.7037,-1.5708
29,19,-16.0250,-12.0544,-1.5708
29,20,-16.0250,-12.4050,-1.5708
29,21,-16.0250,-12.7556,-1.5708
29,22,-16.0250,-13.1062,-1.5708
29,23,-16.0250,-13.4569,-1.5708
29,24,-16.0250,-13.8075,-1.5708
29,25,-16.0250,-14.1581,-1.5708
29,26,-16.0250,-14.5087,-1.5708
29,27,-16.0250,-14.8594,-1.5708
29,28,-16.0250,-15.2100,-1.5708
29,29,-16.0250,-15.5606,-1.5708
29,30,-16.0250,-15.9112,-1.5708
29,31,-16.0250,-16.2619,-1.5708
29,32,-16.0250,-16.6125,-1.5708
29,33,-16.0250,-16.9631,-1.5708
29,34,-16.0250,-17.3137,-1.5708
29,35,-16.0250,-17.6644,-1.5708
29,36,-16.0250,-18.0150,-1.5708
29,37,-16.0250,-18.3656,-1.4947
29,38,-15.9984,-18.7141,-1.4102
29,39,-15.9423,-19.0602,-1.4102
29,40,-15.8863,-19.4063,-1.4102
29,41,-15.8302,-19.7524,-1.4102
29,42,-15.7741,-20.0985,-1.4102
29,43,-15.7180,-20.4447,-1.4102
29,44,-15.6620,-20.7908,-1.4102
29,45,-15.6059,-21.1369,-1.4102
29,46,-15.5498,-21.4830,-1.4102
29,47,-15.4937,-21.8291,-1.4102
29,48,-15.4377,-22.1752,-1.4102
29,49,-15.3816,-22.5213,-1.4102
29,50,-15.3255,-22.8674,-0.6290
29,51,-15.1090,-23.0250,0.0000
29,52,-14.7584,-23.0250,0.0000
29,53,-14.4077,-23.0250,0.0000
29,54,-14.0571,-23.0250,0.0676
29,55,-13.7084,-23.0014,0.1651
29,56,-13.3626,-22.9438,0.9680
29,57,-13.2402,-22.7659,1.8833
29,58,-13.3478,-22.4328,1.7983
29,59,-13.4268,-22.0914,1.7298
29,60,-13.4822,-21.7460,1.6324
29,61,-13.5038,-21.3961,1.6324
29,62,-13.5254,-21.0461,1.6124
29,63,-13.5400,-20.6959,1.5869
29,64,-13.5456,-20.3453,1.5869
29,65,-13.5513,-19.9947,1.5869
29,66,-13.5569,-19.6442,1.5877
29,67,-13.5629,-19.2936,1.6287
29,68,-13.5832,-18.9435,1.6287
29,69,-13.6035,-18.5935,1.8196
29,70,-13.6885,-18.2587,1.8309
29,71,-13.7787,-17.9199,1.7783
29,72,-13.8509,-17.5768,1.6965
29,73,-13.8948,-17.2295,1.6557
29,74,-13.9246,-16.8801,1.5720
29,75,-13.9250,-16.5295,1.5708
29,76,-13.9250,-16.1789,1.4968
29,77,-13.8991,-15.8293,1.4008
29,78,-13.8400,-15.4849,1.4384
29,79,-13.7938,-15.1384,1.5171
29,80,-13.7750,-14.7885,1.5708
29,81,-13.7750,-14.4379,1.5342
29,82,-13.7622,-14.0878,1.4746
29,83,-13.7286,-13.7392,1.3702
29,84,-13.6589,-13.3968,1.6317
29,85,-13.6801,-13.0494,1.6785
29,86,-13.7178,-12.7014,1.5915
29,87,-13.7250,-12.3510,1.6133
29,88,-13.7399,-12.0011,2.0048
29,89,-13.8830,-11.6922,2.0221
29,90,-14.0359,-11.3768,1.9630
29,91,-14.1697,-11.0533,1.8925
29,92,-14.2806,-10.7207,1.8214
29,93,-14.3675,-10.3812,1.8063
29,94,-14.4493,-10.0402,1.6519
29,95,-14.4777,-9.6908,1.6506
29,96,-14.5057,-9.3413,1.6259
29,97,-14.5250,-8.9914,1.5708
29,98,-14.5250,-8.6408,1.5708
29,99,-14.5250,-8.2902,1.5708
29,100,-14.5250,-7.9396,1.5348
29,101,-14.5124,-7.5892,1.5224
29,102,-14.4954,-7.2390,1.4179
29,103,-14.4423,-6.8942,1.7776
29,104,-14.5104,-6.5693,2.4448
29,105,-14.7740,-6.3487,2.4443
29,106,-15.0423,-6.1240,2.3964
29,107,-15.2999,-5.8863,2.3318
29,108,-15.5418,-5.6324,-0.8098
30,0,-15.7881,-5.7619,-1.7091
30,1,-15.8286,-6.0528,-1.6218
30,2,-15.8465,-6.4025,-1.6218
30,3,-15.8643,-6.7523,-1.6218
30,4,-15.8822,-7.1020,-1.6218
30,5,-15.9000,-7.4518,-1.6218
30,6,-15.9179,-7.8015,-1.6218
30,7,-15.9357,-8.1513,-1.6218
30,8,-15.9536,-8.5010,-1.6218
30,9,-15.9714,-8.8508,-1.6218
30,10,-15.9893,-9.2005,-1.6218
30,11,-16.0071,-9.5503,-1.6218
30,12,-16.0250,-9.9000,-1.5708
30,13,-16.0250,-10.2502,-1.5708
30,14,-16.0250,-10.6004,-1.5708
30,15,-16.0250,-10.9506,-1.5708
30,16,-16.0250,-11.3008,-1.5708
30,17,-16.0250,-11.6510,-1.5708
30,18,-16.0250,-12.0012,-1.5708
30,19,-16.0250,-12.3514,-1.5708
30,20,-16.0250,-12.7016,-1.5708
30,21,-16.0250,-13.0518,-1.5708
30,22,-16.0250,-13.4020,-1.5708
30,23,-16.0250,-13.7522,-1.5708
30,24,-16.0250,-14.1024,-1.5708
30,25,-16.0250,-14.4526,-1.5708
30,26,-16.0250,-14.8028,-1.5708
30,27,-16.0250,-15.1530,-1.5708
30,28,-16.0250,-15.5032,-1.5708
30,29,-16.0250,-15.8534,-1.5708
30,30,-16.0250,-16.2036,-1.5708
30,31,-16.0250,-16.5539,-1.5708
30,32,-16.0250,-16.9041,-1.5708
30,33,-16.0250,-17.2543,-1.5708
30,34,-16.0250,-17.6045,-1.5708
30,35,-16.0250,-17.9547,-1.5708
30,36,-16.0250,-18.3049,-1.5687
30,37,-16.0243,-18.6550,-1.4233
30,38,-15.9728,-19.0014,-1.4233
30,39,-15.9213,-19.3478,-1.4233
30,40,-15.8699,-19.6942,-1.4233
30,41,-15.8184,-20.0406,-1.4233
30,42,-15.7669,-20.3870,-1.4233
30,43,-15.7155,-20.7334,-1.4233
30,44,-15.6640,-21.0798,-1.4233
30,45,-15.6125,-21.4262,-1.4233
30,46,-15.5611,-21.7726,-1.4233
30,47,-15.5096,-22.1190,-1.4233
30,48,-15.4581,-22.4654,-1.4233
30,49,-15.4067,-22.8118,-0.9082
30,50,-15.2403,-23.0250,0.0000
30,51,-14.8901,-23.0250,0.0000
30,52,-14.5399,-23.0250,0.0000
30,53,-14.1897,-23.0250,0.1649
30,54,-13.8465,-22.9679,0.2450
30,55,-13.5068,-22.8829,1.7889
30,56,-13.5753,-22.5738,1.8240
30,57,-13.6630,-22.2348,1.7682
30,58,-13.7317,-21.8914,1.6349
30,59,-13.7541,-21.5422,1.6227
30,60,-13.7723,-21.1925,1.6168
30,61,-13.7884,-20.8427,1.5869
30,62,-13.7941,-20.4925,1.5869
30,63,-13.7997,-20.1424,1.5869
30,64,-13.8054,-19.7922,1.5869
30,65,-13.8110,-19.4420,1.6254
30,66,-13.8301,-19.0925,1.6392
30,67,-13.8541,-18.7431,1.6740
30,68,-13.8900,-18.3962,1.8947
30,69,-14.0014,-18.0645,1.8122
30,70,-14.0851,-17.7246,1.7373
30,71,-14.1430,-17.3798,1.6374
30,72,-14.1663,-17.0303,1.5956
30,73,-14.1750,-16.6804,1.5708
30,74,-14.1750,-16.3302,1.5362
30,75,-14.1629,-15.9805,1.4995
30,76,-14.1379,-15.6311,1.3453
30,77,-14.0598,-15.2903,1.4920
30,78,-14.0322,-14.9412,1.5502
30,79,-14.0250,-14.5913,1.5708
30,80,-14.0250,-14.2411,1.5012
30,81,-14.0007,-13.8918,1.4052
30,82,-13.9431,-13.5476,1.4505
30,83,-13.9013,-13.2014,1.7382
30,84,-13.9594,-12.8578,1.6155
30,85,-13.9750,-12.5082,1.6304
30,86,-13.9957,-12.1608,1.8348
30,87,-14.0871,-11.8227,2.0064
30,88,-14.2345,-11.5060,2.0024
30,89,-14.3808,-11.1883,1.9124
30,90,-14.4981,-10.8584,1.8532
30,91,-14.5956,-10.5225,1.8063
30,92,-14.6773,-10.1820,1.6923
30,93,-14.7197,-9.8352,1.6486
30,94,-14.7469,-9.4861,1.6486
30,95,-14.7741,-9.1369,1.5735
30,96,-14.7750,-8.7868,1.5708
30,97,-14.7750,-8.4366,1.5708
30,98,-14.7750,-8.0864,1.5625
30,99,-14.7721,-7.7362,1.5380
30,100,-14.7606,-7.3862,1.5241
30,101,-14.7443,-7.0368,1.6344
30,102,-14.7653,-6.7069,2.4229
30,103,-15.0234,-6.4811,2.4257
30,104,-15.2874,-6.2514,2.3787
30,105,-15.5405,-6.0095,-0.7629
31,0,-15.5866,-6.2634,2.3562
31,1,-15.8346,-6.0154,-1.7695
31,2,-15.8856,-6.2685,-1.6069
31,3,-15.8983,-6.6191,-1.6069
31,4,-15.9110,-6.9697,-1.6069
31,5,-15.9236,-7.3203,-1.6069
31,6,-15.9363,-7.6709,-1.6069
31,7,-15.9490,-8.0215,-1.6069
31,8,-15.9616,-8.3721,-1.6069
31,9,-15.9743,-8.7227,-1.6069
31,10,-15.9870,-9.0732,-1.6069
31,11,-15.9997,-9.4238,-1.6069
31,12,-16.0123,-9.7744,-1.6069
31,13,-16.0250,-10.1250,-1.5708
31,14,-16.0250,-10.4758,-1.5708
31,15,-16.0250,-10.8266,-1.5708
31,16,-16.0250,-11.1774,-1.5708
31,17,-16.0250,-11.5283,-1.5708
31,18,-16.0250,-11.8791,-1.5708
31,19,-16.0250,-12.2299,-1.5708
31,20,-16.0250,-12.5807,-1.5708
31,21,-16.0250,-12.9315,-1.5708
31,22,-16.0250,-13.2823,-1.5708
31,23,-16.0250,-13.6332,-1.5708
31,24,-16.0250,-13.9840,-1.5708
31,25,-16.0250,-14.3348,-1.5708
31,26,-16.0250,-14.6856,-1.5708
31,27,-16.0250,-15.0364,-1.5708
31,28,-16.0250,-15.3872,-1.5708
31,29,-16.0250,-15.7381,-1.5708
31,30,-16.0250,-16.0889,-1.5708
31,31,-16.0250,-16.4397,-1.5708
31,32,-16.0250,-16.7905,-1.5708
31,33,-16.0250,-17.1413,-1.5708
31,34,-16.0250,-17.4921,-1.5708
31,35,-16.0250,-17.8430,-1.5708
31,36,-16.0250,-18.1938,-1.5708
31,37,-16.0250,-18.5446,-1.5035
31,38,-16.0014,-18.8938,-1.4322
31,39,-15.9530,-19.2412,-1.4322
31,40,-15.9045,-19.5887,-1.4322
31,41,-15.8560,-19.9361,-1.4322
31,42,-15.8075,-20.2836,-1.4322
31,43,-15.7590,-20.6310,-1.4322
31,44,-15.7106,-20.9785,-1.4322
31,45,-15.6621,-21.3259,-1.4322
31,46,-15.6136,-21.6734,-1.4322
31,47,-15.5651,-22.0208,-1.4322
31,48,-15.5166,-22.3683,-1.4322
31,49,-15.4682,-22.7157,-1.3125
31,50,-15.3865,-23.0250,0.0000
31,51,-15.0356,-23.0250,0.0000
31,52,-14.6848,-23.0250,0.0000
31,53,-14.3340,-23.0250,0.1213
31,54,-13.9869,-22.9827,0.2402
31,55,-13.6700,-22.9050,1.8821
31,56,-13.7773,-22.5715,1.8033
31,57,-13.8581,-22.2303,1.7675
31,58,-13.9266,-21.8865,1.6324
31,59,-13.9482,-21.5363,1.6324
31,60,-13.9698,-21.1862,1.6241
31,61,-13.9885,-20.8359,1.5869
31,62,-13.9942,-20.4851,1.5869
31,63,-13.9998,-20.1344,1.5869
31,64,-14.0055,-19.7836,1.5869
31,65,-14.0112,-19.4328,1.6188
31,66,-14.0280,-19.0825,1.6287
31,67,-14.0483,-18.7322,1.7326
31,68,-14.1041,-18.3904,1.8680
31,69,-14.2067,-18.0556,1.7894
31,70,-14.2828,-17.7132,1.7259
31,71,-14.3369,-17.3672,1.6522
31,72,-14.3654,-17.0176,1.5982
31,73,-14.3750,-16.6672,1.5708
31,74,-14.3750,-16.3163,1.5333
31,75,-14.3619,-15.9660,1.4951
31,76,-14.3353,-15.6163,1.3497
31,77,-14.2585,-15.2746,1.4920
31,78,-14.2309,-14.9249,1.5539
31,79,-14.2250,-14.5743,1.5708
31,80,-14.2250,-14.2235,1.4973
31,81,-14.1992,-13.8737,1.3964
31,82,-14.1386,-13.5294,1.4611
31,83,-14.1004,-13.1821,1.7464
31,84,-14.1614,-12.8379,1.6095
31,85,-14.1750,-12.4876,1.6726
31,86,-14.2104,-12.1414,1.8583
31,87,-14.3096,-11.8058,2.0344
31,88,-14.4665,-11.4921,1.9433
31,89,-14.5939,-11.1659,1.9055
31,90,-14.7092,-10.8345,1.8184
31,91,-14.7951,-10.4944,1.8158
31,92,-14.8802,-10.1541,1.6715
31,93,-14.9155,-9.8054,1.6581
31,94,-14.9460,-9.4559,1.6534
31,95,-14.9750,-9.1064,1.5708
31,96,-14.9750,-8.7556,1.5708
31,97,-14.9750,-8.4047,1.5708
31,98,-14.9750,-8.0539,1.5590
31,99,-14.9709,-7.7032,1.5369
31,100,-14.9590,-7.3526,1.4775
31,101,-14.9265,-7.0052,1.9353
31,102,-15.0414,-6.7040,2.5013
31,103,-15.3226,-6.4945,-0.6403
32,0,-15.4219,-6.7072,2.4186
32,1,-15.6844,-6.4755,-2.6940
32,2,-15.8220,-6.5415,-1.6235
32,3,-15.8404,-6.8912,-1.6235
32,4,-15.8589,-7.2408,-1.6235
32,5,-15.8773,-7.5904,-1.6235
32,6,-15.8958,-7.9401,-1.6235
32,7,-15.9142,-8.2897,-1.6235
32,8,-15.9327,-8.6393,-1.6235
32,9,-15.9512,-8.9890,-1.6235
32,10,-15.9696,-9.3386,-1.6235
32,11,-15.9881,-9.6882,-1.6235
32,12,-16.0065,-10.0379,-1.6235
32,13,-16.0250,-10.3875,-1.5708
32,14,-16.0250,-10.7376,-1.5708
32,15,-16.0250,-11.0877,-1.5708
32,16,-16.0250,-11.4379,-1.5708
32,17,-16.0250,-11.7880,-1.5708
32,18,-16.0250,-12.1381,-1.5708
32,19,-16.0250,-12.4882,-1.5708
32,20,-16.0250,-12.8383,-1.5708
32,21,-16.0250,-13.1885,-1.5708
32,22,-16.0250,-13.5386,-1.5708
32,23,-16.0250,-13.8887,-1.5708
32,24,-16.0250,-14.2388,-1.5708
32,25,-16.0250,-14.5889,-1.5708
32,26,-16.0250,-14.9390,-1.5708
32,27,-16.0250,-15.2892,-1.5708
32,28,-16.0250,-15.6393,-1.5708
32,29,-16.0250,-15.9894,-1.5708
32,30,-16.0250,-16.3395,-1.5708
32,31,-16.0250,-16.6896,-1.5708
32,32,-16.0250,-17.0398,-1.5708
32,33,-16.0250,-17.3899,-1.5708
32,34,-16.0250,-17.7400,-1.5708
32,35,-16.0250,-18.0901,-1.5708
32,36,-16.0250,-18.4402,-1.5708
32,37,-16.0250,-18.7904,-1.4519
32,38,-15.9835,-19.1378,-1.4439
32,39,-15.9392,-19.4851,-1.4439
32,40,-15.8949,-19.8324,-1.4439
32,41,-15.8505,-20.1797,-1.4439
32,42,-15.8062,-20.5270,-1.4439
32,43,-15.7619,-20.8743,-1.4439
32,44,-15.7176,-21.2217,-1.4439
32,45,-15.6733,-21.5690,-1.4439
32,46,-15.6290,-21.9163,-1.4439
32,47,-15.5847,-22.2636,-1.4439
32,48,-15.5403,-22.6109,-1.4439
32,49,-15.4960,-22.9582,-0.2255
32,50,-15.2048,-23.0250,0.0000
32,51,-14.8546,-23.0250,0.0000
32,52,-14.5045,-23.0250,0.1278
32,53,-14.1583,-22.9805,0.5815
32,54,-13.9521,-22.8450,1.8632
32,55,-14.0528,-22.5105,1.7824
32,56,-14.1263,-22.1683,1.7287
32,57,-14.1813,-21.8232,1.6324
32,58,-14.2029,-21.4737,1.6324
32,59,-14.2244,-21.1243,1.6146
32,60,-14.2398,-20.7746,1.5872
32,61,-14.2455,-20.4245,1.5872
32,62,-14.2512,-20.0744,1.5872
32,63,-14.2570,-19.7243,1.5888
32,64,-14.2633,-19.3743,1.6296
32,65,-14.2838,-19.0248,1.6296
32,66,-14.3044,-18.6753,1.8301
32,67,-14.3930,-18.3415,1.8207
32,68,-14.4795,-18.0023,1.7682
32,69,-14.5482,-17.6590,1.6965
32,70,-14.5920,-17.3122,1.6506
32,71,-14.6199,-16.9632,1.5852
32,72,-14.6250,-16.6132,1.5708
32,73,-14.6250,-16.2631,1.5236
32,74,-14.6085,-15.9136,1.4795
32,75,-14.5766,-15.5654,1.3714
32,76,-14.5074,-15.2228,1.4920
32,77,-14.4798,-14.8738,1.5570
32,78,-14.4750,-14.5239,1.5684
32,79,-14.4742,-14.1738,1.5103
32,80,-14.4530,-13.8243,1.4102
32,81,-14.3973,-13.4805,1.5435
32,82,-14.3878,-13.1305,1.6078
32,83,-14.4007,-12.7806,1.6242
32,84,-14.4194,-12.4315,1.7895
32,85,-14.4954,-12.0897,1.8984
32,86,-14.6072,-11.7606,2.0336
32,87,-14.7635,-11.4474,1.9296
32,88,-14.8864,-11.1195,1.8849
32,89,-14.9945,-10.7869,1.8370
32,90,-15.0866,-10.4491,1.7899
32,91,-15.1627,-10.1074,1.7183
32,92,-15.2128,-9.7699,1.5897
32,93,-15.2194,-9.4198,1.5867
32,94,-15.2250,-9.0697,1.5708
32,95,-15.2250,-8.7196,1.5708
32,96,-15.2250,-8.3695,1.5708
32,97,-15.2250,-8.0194,1.5630
32,98,-15.2223,-7.6693,1.5533
32,99,-15.2161,-7.3192,1.5165
32,100,-15.1974,-6.9751,-1.6251
33,0,-15.4442,-6.9885,2.3912
33,1,-15.7007,-6.7494,-3.1280
33,2,-15.8682,-6.7517,-1.6114
33,3,-15.8824,-7.1027,-1.6114
33,4,-15.8967,-7.4537,-1.6114
33,5,-15.9109,-7.8046,-1.6114
33,6,-15.9252,-8.1556,-1.6114
33,7,-15.9394,-8.5066,-1.6114
33,8,-15.9537,-8.8576,-1.6114
33,9,-15.9680,-9.2086,-1.6114
33,10,-15.9822,-9.5596,-1.6114
33,11,-15.9965,-9.9105,-1.6114
33,12,-16.0107,-10.2615,-1.6114
33,13,-16.0250,-10.6125,-1.5708
33,14,-16.0250,-10.9638,-1.5708
33,15,-16.0250,-11.3150,-1.5708
33,16,-16.0250,-11.6663,-1.5708
33,17,-16.0250,-12.0176,-1.5708
33,18,-16.0250,-12.3689,-1.5708
33,19,-16.0250,-12.7201,-1.5708
33,20,-16.0250,-13.0714,-1.5708
33,21,-16.0250,-13.4227,-1.5708
33,22,-16.0250,-13.7739,-1.5708
33,23,-16.0250,-14.1252,-1.5708
33,24,-16.0250,-14.4765,-1.5708
33,25,-16.0250,-14.8278,-1.5708
33,26,-16.0250,-15.1790,-1.5708
33,27,-16.0250,-15.5303,-1.5708
33,28,-16.0250,-15.8816,-1.5708
33,29,-16.0250,-16.2328,-1.5708
33,30,-16.0250,-16.5841,-1.5708
33,31,-16.0250,-16.9354,-1.5708
33,32,-16.0250,-17.2867,-1.5708
33,33,-16.0250,-17.6379,-1.5708
33,34,-16.0250,-17.9892,-1.5708
33,35,-16.0250,-18.3405,-1.5708
33,36,-16.0250,-18.6917,-1.5202
33,37,-16.0073,-19.0420,-1.4565
33,38,-15.9672,-19.3910,-1.4565
33,39,-15.9271,-19.7400,-1.4565
33,40,-15.8871,-20.0889,-1.4565
33,41,-15.8470,-20.4379,-1.4565
33,42,-15.8069,-20.7869,-1.4565
33,43,-15.7669,-21.1359,-1.4565
33,44,-15.7268,-21.4849,-1.4565
33,45,-15.6867,-21.8338,-1.4565
33,46,-15.6467,-22.1828,-1.4565
33,47,-15.6066,-22.5318,-1.4565
33,48,-15.5666,-22.8808,-0.5748
33,49,-15.3439,-23.0250,0.0000
33,50,-14.9926,-23.0250,0.0000
33,51,-14.6414,-23.0250,0.6062
33,52,-14.3595,-22.8296,1.1344
33,53,-14.2328,-22.5579,1.7976
33,54,-14.3118,-22.2157,1.7220
33,55,-14.3645,-21.8693,1.6511
33,56,-14.3927,-21.5192,1.6511
33,57,-14.4209,-21.1690,1.6249
33,58,-14.4399,-20.8185,1.5872
33,59,-14.4456,-20.4672,1.5872
33,60,-14.4514,-20.1160,1.5872
33,61,-14.4571,-19.7648,1.5908
33,62,-14.4642,-19.4136,1.6401
33,63,-14.4885,-19.0632,1.6401
33,64,-14.5128,-18.7128,1.7798
33,65,-14.5850,-18.3725,1.8561
33,66,-14.6838,-18.0358,1.7784
33,67,-14.7562,-17.6922,1.6927
33,68,-14.7988,-17.3442,1.6332
33,69,-14.8207,-16.9936,1.5830
33,70,-14.8250,-16.6425,1.5708
33,71,-14.8250,-16.2912,1.5349
33,72,-14.8124,-15.9404,1.5027
33,73,-14.7885,-15.5899,1.3461
33,74,-14.7104,-15.2480,1.4920
33,75,-14.6827,-14.8978,1.5488
33,76,-14.6750,-14.5468,1.5708
33,77,-14.6750,-14.1956,1.5181
33,78,-14.6565,-13.8448,1.4027
33,79,-14.5981,-13.5008,1.5406
33,80,-14.5875,-13.1497,1.6092
33,81,-14.6010,-12.7987,1.6367
33,82,-14.6241,-12.4489,1.7943
33,83,-14.7020,-12.1064,1.9248
33,84,-14.8229,-11.7793,2.0270
33,85,-14.9776,-11.4640,1.9679
33,86,-15.1134,-11.1401,1.8777
33,87,-15.2195,-10.8053,1.8109
33,88,-15.3030,-10.4642,1.7620
33,89,-15.3698,-10.1193,1.6525
33,90,-15.3984,-9.7699,1.6136
33,91,-15.4135,-9.4190,1.6036
33,92,-15.4250,-9.0680,1.5708
33,93,-15.4250,-8.7167,1.5708
33,94,-15.4250,-8.3654,1.5708
33,95,-15.4250,-8.0142,1.5638
33,96,-15.4226,-7.6629,1.5529
33,97,-15.4163,-7.3117,-1.5887
34,0,-15.7234,-7.3848,1.7112
34,1,-15.7719,-7.0419,3.0790
34,2,-15.9404,-7.0314,-1.5928
34,3,-15.9481,-7.3808,-1.5928
34,4,-15.9558,-7.7302,-1.5928
34,5,-15.9635,-8.0796,-1.5928
34,6,-15.9712,-8.4291,-1.5928
34,7,-15.9789,-8.7785,-1.5928
34,8,-15.9865,-9.1279,-1.5928
34,9,-15.9942,-9.4773,-1.5928
34,10,-16.0019,-9.8267,-1.5928
34,11,-16.0096,-10.1762,-1.5928
34,12,-16.0173,-10.5256,-1.5928
34,13,-16.0250,-10.8750,-1.5708
34,14,-16.0250,-11.2245,-1.5708
34,15,-16.0250,-11.5740,-1.5708
34,16,-16.0250,-11.9235,-1.5708
34,17,-16.0250,-12.2730,-1.5708
34,18,-16.0250,-12.6225,-1.5708
34,19,-16.0250,-12.9720,-1.5708
34,20,-16.0250,-13.3215,-1.5708
34,21,-16.0250,-13.6710,-1.5708
34,22,-16.0250,-14.0205,-1.5708
34,23,-16.0250,-14.3700,-1.5708
34,24,-16.0250,-14.7196,-1.5708
34,25,-16.0250,-15.0691,-1.5708
34,26,-16.0250,-15.4186,-1.5708
34,27,-16.0250,-15.7681,-1.5708
34,28,-16.0250,-16.1176,-1.5708
34,29,-16.0250,-16.4671,-1.5708
34,30,-16.0250,-16.8166,-1.5708
34,31,-16.0250,-17.1661,-1.5708
34,32,-16.0250,-17.5156,-1.5708
34,33,-16.0250,-17.8651,-1.5708
34,34,-16.0250,-18.2146,-1.5708
34,35,-16.0250,-18.5641,-1.5708
34,36,-16.0250,-18.9136,-1.4871
34,37,-15.9958,-19.2616,-1.4693
34,38,-15.9604,-19.6093,-1.4693
34,39,-15.9250,-19.9570,-1.4693
34,40,-15.8896,-20.3047,-1.4693
34,41,-15.8541,-20.6525,-1.4693
34,42,-15.8187,-21.0002,-1.4693
34,43,-15.7833,-21.3479,-1.4693
34,44,-15.7479,-21.6956,-1.4693
34,45,-15.7125,-22.0433,-1.4693
34,46,-15.6771,-22.3910,-1.4693
34,47,-15.6417,-22.7387,-1.2635
34,48,-15.5508,-23.0250,0.0000
34,49,-15.2013,-23.0250,0.0000
34,50,-14.8518,-23.0250,0.6329
34,51,-14.5820,-22.8272,1.2543
34,52,-14.4874,-22.5381,1.7976
34,53,-14.5660,-22.1975,1.7151
34,54,-14.6161,-21.8525,1.6520
34,55,-14.6444,-21.5042,1.6520
34,56,-14.6728,-21.1558,1.6210
34,57,-14.6903,-20.8069,1.5875
34,58,-14.6961,-20.4575,1.5875
34,59,-14.7019,-20.1080,1.5875
34,60,-14.7078,-19.7586,1.5954
34,61,-14.7164,-19.4092,1.6296
34,62,-14.7369,-19.0603,1.6296
34,63,-14.7574,-18.7114,1.8395
34,64,-14.8495,-18.3771,1.8106
34,65,-14.9325,-18.0377,1.7682
34,66,-15.0010,-17.6950,1.6898
34,67,-15.0424,-17.3485,1.6476
34,68,-15.0692,-17.0000,1.5873
34,69,-15.0750,-16.6507,1.5708
34,70,-15.0750,-16.3012,1.5378
34,71,-15.0635,-15.9521,1.5042
34,72,-15.0402,-15.6034,1.3627
34,73,-14.9681,-15.2619,1.4815
34,74,-14.9370,-14.9140,1.5365
34,75,-14.9250,-14.5650,1.5708
34,76,-14.9250,-14.2155,1.5238
34,77,-14.9086,-13.8665,1.4016
34,78,-14.8499,-13.5234,1.5396
34,79,-14.8390,-13.1740,1.6022
34,80,-14.8500,-12.8248,1.6228
34,81,-14.8682,-12.4759,1.8176
34,82,-14.9505,-12.1491,2.0328
34,83,-15.1062,-11.8364,1.9441
34,84,-15.2335,-11.5112,1.8960
34,85,-15.3452,-11.1801,1.8662
34,86,-15.4469,-10.8458,1.8275
34,87,-15.5356,-10.5079,1.7525
34,88,-15.5986,-10.1649,1.7588
34,89,-15.6627,-9.8284,1.5890
34,90,-15.6690,-9.4790,1.5879
34,91,-15.6750,-9.1295,1.5708
34,92,-15.6750,-8.7800,1.5708
34,93,-15.6750,-8.4305,1.5708
34,94,-15.6750,-8.0810,1.5935
34,95,-15.6829,-7.7320,-1.5481
35,0,-15.9302,-7.7341,1.6078
35,1,-15.9432,-7.3839,1.9643
35,2,-16.0006,-7.2456,-1.5771
35,3,-16.0028,-7.5960,-1.5771
35,4,-16.0050,-7.9464,-1.5771
35,5,-16.0073,-8.2968,-1.5771
35,6,-16.0095,-8.6472,-1.5771
35,7,-16.0117,-8.9976,-1.5771
35,8,-16.0139,-9.3480,-1.5771
35,9,-16.0161,-9.6984,-1.5771
35,10,-16.0183,-10.0488,-1.5771
35,11,-16.0206,-10.3992,-1.5771
35,12,-16.0228,-10.7496,-1.5771
35,13,-16.0250,-11.1000,-1.5708
35,14,-16.0250,-11.4504,-1.5708
35,15,-16.0250,-11.8008,-1.5708
35,16,-16.0250,-12.1512,-1.5708
35,17,-16.0250,-12.5016,-1.5708
35,18,-16.0250,-12.8520,-1.5708
35,19,-16.0250,-13.2024,-1.5708
35,20,-16.0250,-13.5528,-1.5708
35,21,-16.0250,-13.9032,-1.5708
35,22,-16.0250,-14.2536,-1.5708
35,23,-16.0250,-14.6040,-1.5708
35,24,-16.0250,-14.9544,-1.5708
35,25,-16.0250,-15.3048,-1.5708
35,26,-16.0250,-15.6552,-1.5708
35,27,-16.0250,-16.0057,-1.5708
35,28,-16.0250,-16.3561,-1.5708
35,29,-16.0250,-16.7065,-1.5708
35,30,-16.0250,-17.0569,-1.5708
35,31,-16.0250,-17.4073,-1.5708
35,32,-16.0250,-17.7577,-1.5708
35,33,-16.0250,-18.1081,-1.5708
35,34,-16.0250,-18.4585,-1.5708
35,35,-16.0250,-18.8089,-1.5434
35,36,-16.0154,-19.1589,-1.4830
35,37,-15.9847,-19.5079,-1.4830
35,38,-15.9539,-19.8570,-1.4830
35,39,-15.9232,-20.2060,-1.4830
35,40,-15.8925,-20.5551,-1.4830
35,41,-15.8617,-20.9041,-1.4830
35,42,-15.8310,-21.2532,-1.4830
35,43,-15.8003,-21.6022,-1.4830
35,44,-15.7695,-21.9513,-1.4830
35,45,-15.7388,-22.3003,-1.4830
35,46,-15.7081,-22.6494,-1.4830
35,47,-15.6773,-22.9985,-0.0812
35,48,-15.3512,-23.0250,0.0000
35,49,-15.0008,-23.0250,0.3205
35,50,-14.6696,-22.9151,1.8322
35,51,-14.7582,-22.5839,1.7396
35,52,-14.8170,-22.2387,1.7073
35,53,-14.8647,-21.8916,1.7287
35,54,-14.9185,-21.5537,1.6036
35,55,-14.9300,-21.2035,1.5980
35,56,-14.9395,-20.8532,1.5875
35,57,-14.9454,-20.5028,1.5875
35,58,-14.9512,-20.1525,1.5875
35,59,-14.9570,-19.8021,1.5903
35,60,-14.9639,-19.4518,1.6304
35,61,-14.9848,-19.1020,1.6304
35,62,-15.0056,-18.7522,1.8422
35,63,-15.0984,-18.4188,1.8102
35,64,-15.1815,-18.0784,1.7590
35,65,-15.2471,-17.7342,1.6942
35,66,-15.2901,-17.3870,1.6461
35,67,-15.3165,-17.0376,1.5951
35,68,-15.3250,-16.6875,1.5708
35,69,-15.3250,-16.3371,1.5445
35,70,-15.3158,-15.9870,1.5042
35,71,-15.2925,-15.6374,1.3782
35,72,-15.2256,-15.2942,1.4675
35,73,-15.1895,-14.9462,1.5294
35,74,-15.1750,-14.5964,1.5708
35,75,-15.1750,-14.2460,1.5290
35,76,-15.1604,-13.8960,1.4160
35,77,-15.1066,-13.5513,1.5212
35,78,-15.0892,-13.2018,1.6046
35,79,-15.1011,-12.8518,1.6648
35,80,-15.1338,-12.5040,1.7895
35,81,-15.2099,-12.1619,2.0260
35,82,-15.3638,-11.8475,1.9739
35,83,-15.5012,-11.5253,1.9117
35,84,-15.6183,-11.1952,1.8610
35,85,-15.7185,-10.8596,1.8093
35,86,-15.8012,-10.5192,1.7504
35,87,-15.8638,-10.1746,1.7138
35,88,-15.9125,-9.8363,1.5897
35,89,-15.9191,-9.4860,1.5875
35,90,-15.9250,-9.1356,1.5708
35,91,-15.9250,-8.7852,1.5708
35,92,-15.9250,-8.4348,1.5708
35,93,-15.9250,-8.0844,-1.5708
36,0,-16.0250,-10.2933,-1.5708
36,1,-16.0250,-10.6413,-1.5708
36,2,-16.0250,-10.9893,-1.5708
36,3,-16.0250,-11.3372,-1.5708
36,4,-16.0250,-11.6852,-1.5708
36,5,-16.0250,-12.0332,-1.5708
36,6,-16.0250,-12.3811,-1.5708
36,7,-16.0250,-12.7291,-1.5708
36,8,-16.0250,-13.0770,-1.5708
36,9,-16.0250,-13.4250,-1.5708
36,10,-16.0250,-13.7730,-1.5708
36,11,-16.0250,-14.1209,-1.5708
36,12,-16.0250,-14.4689,-1.5708
36,13,-16.0250,-14.8168,-1.5708
36,14,-16.0250,-15.1648,-1.5708
36,15,-16.0250,-15.5128,-1.5708
36,16,-16.0250,-15.8607,-1.5708
36,17,-16.0250,-16.2087,-1.5708
36,18,-16.0250,-16.5567,-1.5708
36,19,-16.0250,-16.9046,-1.5708
36,20,-16.0250,-17.2526,-1.5708
36,21,-16.0250,-17.6005,-1.5708
36,22,-16.0250,-17.9485,-1.5708
36,23,-16.0250,-18.2965,-1.5708
36,24,-16.0250,-18.6444,-1.5708
36,25,-16.0250,-18.9924,-1.5708
36,26,-16.0250,-19.3404,-1.5708
36,27,-16.0250,-19.6883,-1.5140
36,28,-16.0053,-20.0354,-1.4773
36,29,-15.9728,-20.3818,-1.4773
36,30,-15.9403,-20.7282,-1.4773
36,31,-15.9078,-21.0747,-1.4773
36,32,-15.8754,-21.4211,-1.4773
36,33,-15.8429,-21.7676,-1.4773
36,34,-15.8104,-22.1140,-1.4773
36,35,-15.7779,-22.4605,-1.4773
36,36,-15.7454,-22.8069,-0.9703
36,37,-15.5961,-23.0250,0.0000
36,38,-15.2481,-23.0250,0.3746
36,39,-14.9365,-22.9025,1.6345
36,40,-14.9558,-22.6000,1.7872
36,41,-15.0304,-22.2604,1.6679
36,42,-15.0641,-21.9143,1.7293
36,43,-15.1178,-21.5786,1.6041
36,44,-15.1294,-21.2308,1.5992
36,45,-15.1393,-20.8830,1.5877
36,46,-15.1452,-20.5351,1.5877
36,47,-15.1511,-20.1872,1.5877
36,48,-15.1570,-19.8393,1.5916
36,49,-15.1642,-19.4914,1.6506
36,50,-15.1919,-19.1446,1.6506
36,51,-15.2197,-18.7977,1.7303
36,52,-15.2746,-18.4561,1.8596
36,53,-15.3737,-18.1228,1.7659
36,54,-15.4411,-17.7817,1.6720
36,55,-15.4762,-17.4357,1.6993
36,56,-15.5197,-17.0991,1.5860
36,57,-15.5250,-16.7512,1.5708
36,58,-15.5250,-16.4032,1.5577
36,59,-15.5205,-16.0554,1.5057
36,60,-15.4978,-15.7082,1.4262
36,61,-15.4478,-15.3648,1.4279
36,62,-15.3984,-15.0211,1.5035
36,63,-15.3750,-14.6741,1.5708
36,64,-15.3750,-14.3261,1.5445
36,65,-15.3658,-13.9784,1.4591
36,66,-15.3272,-13.6338,1.4686
36,67,-15.2919,-13.2893,1.5885
36,68,-15.2980,-12.9416,1.6345
36,69,-15.3201,-12.5947,1.7823
36,70,-15.3928,-12.2563,2.0276
36,71,-15.5460,-11.9446,1.9470
36,72,-15.6738,-11.6211,1.9215
36,73,-15.7934,-11.2943,1.8828
36,74,-15.9002,-10.9631,1.8235
36,75,-15.9872,-10.6263,-1.3181
37,0,-15.9422,-11.5734,-1.6894
37,1,-15.9690,-11.7985,-1.5936
37,2,-15.9770,-12.1487,-1.5936
37,3,-15.9850,-12.4989,-1.5936
37,4,-15.9930,-12.8492,-1.5936
37,5,-16.0010,-13.1994,-1.5936
37,6,-16.0090,-13.5496,-1.5936
37,7,-16.0170,-13.8998,-1.5936
37,8,-16.0250,-14.2500,-1.5708
37,9,-16.0250,-14.6003,-1.5708
37,10,-16.0250,-14.9506,-1.5708
37,11,-16.0250,-15.3009,-1.5708
37,12,-16.0250,-15.6512,-1.5708
37,13,-16.0250,-16.0015,-1.5708
37,14,-16.0250,-16.3518,-1.5708
37,15,-16.0250,-16.7021,-1.5708
37,16,-16.0250,-17.0524,-1.5708
37,17,-16.0250,-17.4027,-1.5708
37,18,-16.0250,-17.7530,-1.5708
37,19,-16.0250,-18.1033,-1.5708
37,20,-16.0250,-18.4536,-1.5708
37,21,-16.0250,-18.8039,-1.5708
37,22,-16.0250,-19.1542,-1.5708
37,23,-16.0250,-19.5045,-1.5708
37,24,-16.0250,-19.8548,-1.5465
37,25,-16.0165,-20.2048,-1.4898
37,26,-15.9881,-20.5539,-1.4898
37,27,-15.9598,-20.9031,-1.4898
37,28,-15.9314,-21.2523,-1.4898
37,29,-15.9031,-21.6014,-1.4898
37,30,-15.8747,-21.9506,-1.4898
37,31,-15.8464,-22.2997,-1.4898
37,32,-15.8180,-22.6489,-1.4898
37,33,-15.7897,-22.9980,-0.0827
37,34,-15.4643,-23.0250,0.2633
37,35,-15.1349,-22.9362,1.8017
37,36,-15.2103,-22.6157,1.7402
37,37,-15.2693,-22.2707,1.7099
37,38,-15.3178,-21.9239,1.7216
37,39,-15.3692,-21.5858,1.6041
37,40,-15.3809,-21.2357,1.5970
37,41,-15.3901,-20.8855,1.5877
37,42,-15.3960,-20.5352,1.5877
37,43,-15.4019,-20.1850,1.5877
37,44,-15.4079,-19.8347,1.5996
37,45,-15.4180,-19.4847,1.6411
37,46,-15.4426,-19.1352,1.6411
37,47,-15.4672,-18.7858,1.8130
37,48,-15.5507,-18.4480,1.8062
37,49,-15.6323,-18.1078,1.7161
37,50,-15.6830,-17.7614,1.7257
37,51,-15.7370,-17.4154,1.6718
37,52,-15.7714,-17.0756,1.5810
37,53,-15.7750,-16.7253,1.5708
37,54,-15.7750,-16.3750,1.5571
37,55,-15.7702,-16.0249,1.5071
37,56,-15.7479,-15.6753,1.4199
37,57,-15.6954,-15.3301,1.4302
37,58,-15.6465,-14.9842,1.5095
37,59,-15.6250,-14.6348,1.5708
37,60,-15.6250,-14.2844,1.5443
37,61,-15.6157,-13.9344,1.4628
37,62,-15.5781,-13.5873,1.4182
37,63,-15.5250,-13.2421,1.7014
37,64,-15.5695,-12.9032,1.5922
37,65,-15.5770,-12.5534,1.9000
37,66,-15.6891,-12.2254,1.9861
37,67,-15.8302,-11.9053,-1.1555
38,0,-16.0139,-12.1250,-1.6268
38,1,-16.0250,-12.3229,-1.5708
38,2,-16.0250,-12.6732,-1.5708
38,3,-16.0250,-13.0235,-1.5708
38,4,-16.0250,-13.3738,-1.5708
38,5,-16.0250,-13.7241,-1.5708
38,6,-16.0250,-14.0744,-1.5708
38,7,-16.0250,-14.4247,-1.5708
38,8,-16.0250,-14.7750,-1.5708
38,9,-16.0250,-15.1253,-1.5708
38,10,-16.0250,-15.4756,-1.5708
38,11,-16.0250,-15.8259,-1.5708
38,12,-16.0250,-16.1762,-1.5708
38,13,-16.0250,-16.5265,-1.5708
38,14,-16.0250,-16.8768,-1.5708
38,15,-16.0250,-17.2271,-1.5708
38,16,-16.0250,-17.5773,-1.5708
38,17,-16.0250,-17.9276,-1.5708
38,18,-16.0250,-18.2779,-1.5708
38,19,-16.0250,-18.6282,-1.5708
38,20,-16.0250,-18.9785,-1.5708
38,21,-16.0250,-19.3288,-1.5708
38,22,-16.0250,-19.6791,-1.5708
38,23,-16.0250,-20.0294,-1.5532
38,24,-16.0188,-20.3795,-1.5118
38,25,-15.9982,-20.7292,-1.5118
38,26,-15.9775,-21.0789,-1.5118
38,27,-15.9568,-21.4286,-1.5118
38,28,-15.9362,-21.7782,-1.5118
38,29,-15.9155,-22.1279,-1.5118
38,30,-15.8948,-22.4776,-1.5118
38,31,-15.8742,-22.8273,-0.8785
38,32,-15.7103,-23.0250,0.6405
38,33,-15.4834,-22.8559,1.5510
38,34,-15.4767,-22.5167,1.7682
38,35,-15.5454,-22.1732,1.6742
38,36,-15.5815,-21.8253,1.6430
38,37,-15.6067,-21.4759,1.6430
38,38,-15.6320,-21.1265,1.6001
38,39,-15.6422,-20.7764,1.5880
38,40,-15.6483,-20.4262,1.5880
38,41,-15.6543,-20.0760,1.5880
38,42,-15.6603,-19.7257,1.6158
38,43,-15.6761,-19.3759,1.6313
38,44,-15.6973,-19.0262,1.7149
38,45,-15.7471,-18.6826,1.8600
38,46,-15.8469,-18.3473,1.7784
38,47,-15.9191,-18.0046,1.7276
38,48,-15.9738,-17.6587,1.6902
38,49,-16.0144,-17.3198,1.5994
38,50,-16.0244,-16.9696,1.5724
38,51,-16.0250,-16.6193,1.5708
38,52,-16.0250,-16.2690,1.5385
38,53,-16.0137,-15.9191,1.5084
38,54,-15.9918,-15.5695,1.3892
38,55,-15.9287,-15.2256,1.4629
38,56,-15.8910,-14.8778,1.5250
38,57,-15.8750,-14.5282,1.5708
38,58,-15.8750,-14.1779,1.5267
38,59,-15.8596,-13.8281,1.4057
38,60,-15.8022,-13.4840,1.5312
38,61,-15.7884,-13.1342,1.6263
38,62,-15.8078,-12.7844,1.7340
38,63,-15.8646,-12.4394,-1.4076
39,0,-16.0129,-18.4452,-1.5823
39,1,-16.0169,-18.7968,-1.5823
39,2,-16.0210,-19.1484,-1.5823
39,3,-16.0250,-19.5000,-1.5708
39,4,-16.0250,-19.8516,-1.5708
39,5,-16.0250,-20.2033,-1.5708
39,6,-16.0250,-20.5549,-1.5708
39,7,-16.0250,-20.9066,-1.5708
39,8,-16.0250,-21.2582,-1.5708
39,9,-16.0250,-21.6098,-1.5405
39,10,-16.0144,-21.9610,-1.4753
39,11,-15.9809,-22.3110,-1.4753
39,12,-15.9473,-22.6610,-1.4753
39,13,-15.9138,-23.0111,0.3793
39,14,-15.6697,-22.9138,1.5615
39,15,-15.6665,-22.5676,1.7682
39,16,-15.7354,-22.2228,1.6921
39,17,-15.7779,-21.8743,1.6430
39,18,-15.8033,-21.5236,1.6430
39,19,-15.8286,-21.1729,1.6073
39,20,-15.8414,-20.8216,1.5880
39,21,-15.8475,-20.4700,1.5880
39,22,-15.8536,-20.1184,1.5880
39,23,-15.8596,-19.7669,1.6044
39,24,-15.8714,-19.4155,1.6191
39,25,-15.8884,-19.0642,1.7504
39,26,-15.9501,-18.7247,-1.3912
40,0,-16.0250,-22.1625,-1.5708
40,1,-16.0250,-22.5160,-1.5066
40,2,-16.0024,-22.8675,-0.4419
40,3,-15.8665,-22.9318,1.7864
40,4,-15.9416,-22.5889,1.7214
40,5,-15.9946,-22.2397,1.9460
