segment,index,x,y,yaw
0,0,0.2429,0.2608,-3.1164
0,1,0.0930,0.2571,-3.1164
0,2,-0.0569,0.2533,-2.9955
0,3,-0.1961,0.2328,-2.7106
0,4,-0.3228,0.1745,-3.0072
0,5,-0.4710,0.1545,-3.0585
0,6,-0.6204,0.1420,3.1232
0,7,-0.7698,0.1448,2.6948
0,8,-0.8886,0.2017,3.0772
0,9,-1.0382,0.2113,3.0772
0,10,-1.1878,0.2210,3.1148
0,11,-1.3375,0.2250,3.1416
0,12,-1.4874,0.2250,3.1416
0,13,-1.6373,0.2250,3.1416
0,14,-1.7872,0.2250,3.1416
0,15,-1.9371,0.2250,3.1053
0,16,-2.0869,0.2304,3.0792
0,17,-2.2365,0.2398,3.0792
0,18,-2.3861,0.2491,2.1245
0,19,-2.4576,0.3648,1.6870
0,20,-2.4750,0.5137,1.5708
0,21,-2.4750,0.6636,1.5708
0,22,-2.4750,0.8135,1.8190
0,23,-2.5107,0.9545,2.1428
0,24,-2.5883,1.0750,3.1416
0,25,-2.7382,1.0750,-3.0581
0,26,-2.8874,1.0625,-2.9643
0,27,-3.0270,1.0375,3.0572
0,28,-3.1762,1.0501,3.0589
0,29,-3.3255,1.0625,-2.9432
0,30,-3.4627,1.0349,-1.6332
0,31,-3.4720,0.8853,-1.5907
0,32,-3.4750,0.7355,-1.5708
0,33,-3.4750,0.5856,-1.6216
0,34,-3.4826,0.4368,-1.8568
0,35,-3.5249,0.2930,-2.5019
0,36,-3.6351,0.2110,-3.0137
0,37,-3.7826,0.1920,3.1168
0,38,-3.9320,0.1957,3.0419
0,39,-4.0811,0.2106,3.1290
0,40,-4.2309,0.2125,-3.0089
0,41,-4.3698,0.1940,3.0171
0,42,-4.5179,0.2125,3.1416
0,43,-4.6678,0.2125,-3.1320
0,44,-4.8177,0.2111,-3.0940
0,45,-4.9674,0.2039,-3.0940
0,46,-5.1171,0.1968,-3.0940
0,47,-5.2669,0.1897,-3.0641
0,48,-5.4163,0.1781,-3.0509
0,49,-5.5656,0.1645,-2.9504
0,50,-5.7050,0.1375,3.1416
0,51,-5.8549,0.1375,3.1405
0,52,-6.0048,0.1377,3.1083
0,53,-6.1546,0.1427,3.1083
0,54,-6.3045,0.1476,3.1083
0,55,-6.4543,0.1526,3.1083
0,56,-6.6041,0.1576,3.1100
0,57,-6.7539,0.1624,-3.1093
0,58,-6.9037,0.1575,-3.1093
0,59,-7.0536,0.1527,-2.7008
0,60,-7.1720,0.0968,-2.9935
0,61,-7.3184,0.0750,2.7845
0,62,-7.4494,0.1239,3.0123
0,63,-7.5781,0.1406,-3.0761
0,64,-7.7274,0.1308,-3.1026
0,65,-7.8771,0.1250,3.1416
0,66,-8.0270,0.1250,3.1416
0,67,-8.1769,0.1250,3.1238
0,68,-8.3267,0.1277,3.0419
0,69,-8.4759,0.1426,2.6876
0,70,-8.6021,0.2042,1.9313
0,71,-8.6547,0.3436,1.6725
0,72,-8.6698,0.4923,1.6053
0,73,-8.6750,0.6421,1.5708
0,74,-8.6750,0.7920,1.5365
0,75,-8.6699,0.9417,1.1761
0,76,-8.6191,1.0636,0.0588
0,77,-8.4694,1.0724,0.0174
0,78,-8.3196,1.0750,0.0000
0,79,-8.1697,1.0750,0.0020
0,80,-8.0198,1.0753,0.0588
0,81,-7.8702,1.0841,0.8002
0,82,-7.7875,1.1693,1.5708
0,83,-7.7875,1.3192,1.5708
0,84,-7.7875,1.4691,1.5937
0,85,-7.7909,1.6189,1.6030
0,86,-7.7958,1.7687,1.6030
0,87,-7.8006,1.9186,1.6030
0,88,-7.8054,2.0684,1.6030
0,89,-7.8103,2.2182,1.8615
0,90,-7.8520,2.3577,2.0832
0,91,-7.9255,2.4884,2.0832
0,92,-7.9990,2.6190,2.5568
0,93,-8.1087,2.6917,3.0828
0,94,-8.2584,2.7005,3.0828
0,95,-8.4080,2.7093,2.9882
0,96,-8.5558,2.7321,2.9223
0,97,-8.7014,2.7646,2.4314
0,98,-8.8091,2.8572,3.0211
0,99,-8.9561,2.8750,-3.0960
0,100,-9.1057,2.8682,-2.8729
0,101,-9.2482,2.8289,-2.2949
0,102,-9.3464,2.7180,-2.9837
0,103,-9.4922,2.6947,-3.0172
0,104,-9.6410,2.6761,-3.1341
0,105,-9.7908,2.6750,3.1416
0,106,-9.9407,2.6750,3.1416
0,107,-10.0906,2.6750,-3.1312
0,108,-10.2405,2.6734,-3.1032
0,109,-10.3903,2.6677,-3.0825
0,110,-10.5396,2.6588,-2.4501
0,111,-10.6384,2.5771,-1.7895
0,112,-10.6710,2.4307,-1.5979
0,113,-10.6750,2.2813,-1.5708
0,114,-10.6750,2.1314,-1.5730
0,115,-10.6753,1.9815,-1.6263
0,116,-10.6837,1.8318,-2.2203
0,117,-10.7575,1.7345,-3.0782
0,118,-10.9071,1.7250,3.1416
0,119,-11.0570,1.7250,3.1416
0,120,-11.2069,1.7250,-2.1476
0,121,-11.2746,1.6210,-1.8029
0,122,-11.3091,1.4751,-1.8029
0,123,-11.3435,1.3293,-1.8029
0,124,-11.3780,1.1834,-1.8029
0,125,-11.4125,1.0375,-1.5526
0,126,-11.4098,0.8876,-1.5526
0,127,-11.4070,0.7377,-1.5526
0,128,-11.4043,0.5879,-1.5526
0,129,-11.4016,0.4380,-1.5526
0,130,-11.3989,0.2881,-1.5526
0,131,-11.3961,0.1382,-1.5526
0,132,-11.3934,-0.0116,-1.5526
0,133,-11.3907,-0.1615,-1.5526
0,134,-11.3880,-0.3114,-1.3475
0,135,-11.3549,-0.4569,-1.3045
0,136,-11.3155,-0.6016,-1.3045
0,137,-11.2760,-0.7462,-1.3045
0,138,-11.2366,-0.8908,-1.2313
0,139,-11.1892,-1.0250,0.0000
0,140,-11.0393,-1.0250,0.0000
0,141,-10.8894,-1.0250,-0.2652
0,142,-10.7465,-1.0638,-0.6266
0,143,-10.6352,-1.1444,-1.3103
0,144,-10.5968,-1.2885,-1.5503
0,145,-10.5937,-1.4375,-1.6966
0,146,-10.6125,-1.5858,-1.3888
0,147,-10.5868,-1.7254,-1.5599
0,148,-10.5852,-1.8752,-1.5599
0,149,-10.5836,-2.0251,-1.5599
0,150,-10.5819,-2.1750,-1.5599
0,151,-10.5803,-2.3249,-1.5599
0,152,-10.5787,-2.4748,-1.5599
0,153,-10.5770,-2.6247,-1.5599
0,154,-10.5754,-2.7746,-1.5680
0,155,-10.5750,-2.9245,-1.5708
0,156,-10.5750,-3.0744,-1.5708
0,157,-10.5750,-3.2243,-1.5708
0,158,-10.5750,-3.3742,-1.5708
0,159,-10.5750,-3.5241,-1.5708
0,160,-10.5750,-3.6740,-1.5708
0,161,-10.5750,-3.8239,-1.5708
0,162,-10.5750,-3.9738,-1.5708
0,163,-10.5750,-4.1237,-1.5708
0,164,-10.5750,-4.2736,-1.5708
0,165,-10.5750,-4.4235,-1.5708
0,166,-10.5750,-4.5734,-1.5708
0,167,-10.5750,-4.7233,-1.5708
0,168,-10.5750,-4.8732,-1.5708
0,169,-10.5750,-5.0231,-1.5646
0,170,-10.5741,-5.1730,-1.5599
0,171,-10.5724,-5.3229,-1.5599
0,172,-10.5708,-5.4728,-1.5599
0,173,-10.5692,-5.6227,-1.5599
0,174,-10.5676,-5.7726,-1.5599
0,175,-10.5659,-5.9225,-1.5599
0,176,-10.5643,-6.0724,-1.5599
0,177,-10.5627,-6.2223,-1.3821
0,178,-10.5360,-6.3618,-1.5559
0,179,-10.5338,-6.5117,-1.5559
0,180,-10.5315,-6.6616,-1.5559
0,181,-10.5293,-6.8115,-1.5559
0,182,-10.5271,-6.9614,-1.5570
0,183,-10.5250,-7.1113,-1.5708
0,184,-10.5250,-7.2612,-1.5708
0,185,-10.5250,-7.4111,-1.5708
0,186,-10.5250,-7.5610,-1.5708
0,187,-10.5250,-7.7109,-1.5708
0,188,-10.5250,-7.8608,-1.5708
0,189,-10.5250,-8.0107,-1.5708
0,190,-10.5250,-8.1606,-1.5708
0,191,-10.5250,-8.3105,-1.5708
0,192,-10.5250,-8.4604,-1.5708
0,193,-10.5250,-8.6103,-1.5728
0,194,-10.5253,-8.7602,-1.6002
0,195,-10.5297,-8.9100,-1.6002
0,196,-10.5341,-9.0599,-1.6002
0,197,-10.5385,-9.2097,-1.6002
0,198,-10.5429,-9.3595,-1.6002
0,199,-10.5473,-9.5094,-1.8951
0,200,-10.5919,-9.6419,-2.9618
0,201,-10.7372,-9.6683,-3.0968
0,202,-10.8867,-9.6750,3.1416
0,203,-11.0366,-9.6750,-2.5377
0,204,-11.1375,-9.7446,-1.9154
0,205,-11.1881,-9.8857,-1.9154
0,206,-11.2388,-10.0268,-1.9035
0,207,-11.2876,-10.1682,-1.5964
0,208,-11.2915,-10.3181,-1.5964
0,209,-11.2953,-10.4679,-1.5964
0,210,-11.2992,-10.6178,-1.5964
0,211,-11.3030,-10.7676,-1.5964
0,212,-11.3069,-10.9175,-1.5964
0,213,-11.3107,-11.0673,-0.8430
0,214,-11.2343,-11.1531,-0.1964
0,215,-11.0873,-11.1823,-0.1964
0,216,-10.9403,-11.2116,-0.1964
0,217,-10.7933,-11.2408,-0.1964
0,218,-10.6462,-11.2701,-0.1964
0,219,-10.4992,-11.2993,-0.1964
0,220,-10.3522,-11.3286,-0.1964
0,221,-10.2052,-11.3578,-0.1964
0,222,-10.0582,-11.3871,-0.1964
0,223,-9.9111,-11.4163,-0.1964
0,224,-9.7641,-11.4456,-0.1964
0,225,-9.6171,-11.4749,-0.1964
0,226,-9.4701,-11.5041,-0.1964
0,227,-9.3231,-11.5334,-0.1964
0,228,-9.1760,-11.5626,-0.1964
0,229,-9.0290,-11.5919,-0.1964
0,230,-8.8820,-11.6211,-0.0259
0,231,-8.7325,-11.6250,0.0000
0,232,-8.5826,-11.6250,0.0000
0,233,-8.4327,-11.6250,0.0000
0,234,-8.2828,-11.6250,0.0000
0,235,-8.1329,-11.6250,0.0000
0,236,-7.9830,-11.6250,0.0000
0,237,-7.8331,-11.6250,0.0000
0,238,-7.6832,-11.6250,0.0000
0,239,-7.5333,-11.6250,0.0000
0,240,-7.3834,-11.6250,0.0000
0,241,-7.2335,-11.6250,0.0000
0,242,-7.0836,-11.6250,0.0000
0,243,-6.9337,-11.6250,0.0000
0,244,-6.7837,-11.6250,0.0000
0,245,-6.6338,-11.6250,0.0000
0,246,-6.4839,-11.6250,0.0000
0,247,-6.3340,-11.6250,0.0000
0,248,-6.1841,-11.6250,0.0000
0,249,-6.0342,-11.6250,0.0000
0,250,-5.8843,-11.6250,0.0000
0,251,-5.7344,-11.6250,0.0000
0,252,-5.5845,-11.6250,0.0000
0,253,-5.4346,-11.6250,0.0000
0,254,-5.2847,-11.6250,0.0000
0,255,-5.1348,-11.6250,0.0000
0,256,-4.9849,-11.6250,0.0000
0,257,-4.8350,-11.6250,0.0000
0,258,-4.6851,-11.6250,0.0000
0,259,-4.5352,-11.6250,0.0000
0,260,-4.3853,-11.6250,0.0000
0,261,-4.2354,-11.6250,0.0000
0,262,-4.0855,-11.6250,-0.0001
0,263,-3.9356,-11.6250,-0.0100
0,264,-3.7857,-11.6265,-0.0100
0,265,-3.6358,-11.6280,-0.0100
0,266,-3.4859,-11.6295,-0.0100
0,267,-3.3360,-11.6310,-0.0100
0,268,-3.1861,-11.6326,-0.0100
0,269,-3.0362,-11.6341,-0.0100
0,270,-2.8863,-11.6356,-0.0100
0,271,-2.7364,-11.6371,-0.0100
0,272,-2.5866,-11.6386,-0.0100
0,273,-2.4367,-11.6401,-0.0100
0,274,-2.2868,-11.6416,-0.0100
0,275,-2.1369,-11.6431,-0.0100
0,276,-1.9870,-11.6446,-0.0100
0,277,-1.8371,-11.6461,-0.0100
0,278,-1.6872,-11.6476,-0.0100
0,279,-1.5373,-11.6491,-0.3306
0,280,-1.4057,-11.6943,-1.1746
0,281,-1.3484,-11.8312,-1.4535
0,282,-1.3310,-11.9796,-1.5310
0,283,-1.3250,-12.1293,-1.5708
0,284,-1.3250,-12.2792,-1.2557
0,285,-1.2828,-12.4088,-0.6747
0,286,-1.1657,-12.5024,-0.1576
0,287,-1.0237,-12.5250,0.0000
0,288,-0.8738,-12.5250,0.2016
0,289,-0.7361,-12.4969,0.8176
0,290,-0.6336,-12.3875,1.1378
0,291,-0.5750,-12.2608,1.5708
0,292,-0.5750,-12.1109,1.5708
0,293,-0.5750,-11.9610,1.4867
0,294,-0.5624,-11.8117,1.2964
0,295,-0.5235,-11.6735,0.1966
0,296,-0.3834,-11.6456,0.0377
0,297,-0.2336,-11.6399,0.0377
0,298,-0.0838,-11.6343,0.0377
0,299,0.0660,-11.6286,0.0243
0,300,0.2158,-11.6250,0.0000
0,301,0.3657,-11.6250,0.0000
0,302,0.5156,-11.6250,0.0000
0,303,0.6655,-11.6250,0.0000
0,304,0.8154,-11.6250,0.0000
0,305,0.9653,-11.6250,0.0000
0,306,1.1152,-11.6250,0.0000
0,307,1.2651,-11.6250,0.0000
0,308,1.4150,-11.6250,0.0163
0,309,1.5649,-11.6226,0.0192
0,310,1.7148,-11.6197,0.0192
0,311,1.8646,-11.6168,0.0192
0,312,2.0145,-11.6139,0.1955
0,313,2.1540,-11.5863,0.0294
0,314,2.3039,-11.5819,0.0294
0,315,2.4537,-11.5775,0.0294
0,316,2.6035,-11.5731,0.0294
0,317,2.7534,-11.5687,0.0294
0,318,2.9032,-11.5642,0.0207
0,319,3.0531,-11.5611,0.0149
0,320,3.2030,-11.5589,0.0149
0,321,3.3529,-11.5567,0.0149
0,322,3.5027,-11.5544,0.0149
0,323,3.6526,-11.5522,0.0149
0,324,3.8025,-11.5500,0.0149
0,325,3.9524,-11.5477,0.0149
0,326,4.1023,-11.5455,0.0149
0,327,4.2522,-11.5433,0.0149
0,328,4.4021,-11.5410,0.0149
0,329,4.5519,-11.5388,-0.0039
0,330,4.7018,-11.5394,-0.0290
0,331,4.8516,-11.5437,-0.0290
0,332,5.0015,-11.5481,-0.0290
0,333,5.1513,-11.5524,-0.0290
0,334,5.3012,-11.5567,-0.0290
0,335,5.4510,-11.5611,-0.6148
0,336,5.5607,-11.6385,-0.0965
0,337,5.7099,-11.6530,-0.0965
0,338,5.8591,-11.6674,-0.0507
0,339,6.0086,-11.6750,0.0000
0,340,6.1585,-11.6750,0.0000
0,341,6.3085,-11.6750,0.0000
0,342,6.4584,-11.6750,0.0000
0,343,6.6083,-11.6750,0.0439
0,344,6.7579,-11.6684,0.0689
0,345,6.9075,-11.6581,0.3296
0,346,7.0250,-11.6179,0.9728
0,347,7.1054,-11.4999,0.0204
0,348,7.2553,-11.4968,0.0204
0,349,7.4051,-11.4938,0.0204
0,350,7.5550,-11.4907,0.0204
0,351,7.7049,-11.4877,0.0204
0,352,7.8547,-11.4846,0.0204
0,353,8.0046,-11.4815,0.0204
0,354,8.1545,-11.4785,0.0204
0,355,8.3044,-11.4754,0.0028
0,356,8.4543,-11.4750,0.0000
0,357,8.6042,-11.4750,0.0000
0,358,8.7541,-11.4750,0.0000
0,359,8.9040,-11.4750,0.0000
0,360,9.0539,-11.4750,0.0000
0,361,9.2038,-11.4750,0.0000
0,362,9.3537,-11.4750,0.0000
0,363,9.5036,-11.4750,0.0000
0,364,9.6535,-11.4750,0.0000
0,365,9.8034,-11.4750,0.0000
0,366,9.9533,-11.4750,0.0000
0,367,10.1032,-11.4750,0.0000
0,368,10.2531,-11.4750,0.0000
0,369,10.4030,-11.4750,0.0000
0,370,10.5529,-11.4750,0.0000
0,371,10.7028,-11.4750,0.0884
0,372,10.8520,-11.4618,0.1038
0,373,11.0011,-11.4462,0.1038
0,374,11.1502,-11.4307,0.1038
0,375,11.2993,-11.4152,0.1038
0,376,11.4484,-11.3996,0.1038
0,377,11.5975,-11.3841,0.1038
0,378,11.7466,-11.3686,0.1038
0,379,11.8957,-11.3531,1.3376
0,380,11.9250,-11.2296,1.5585
0,381,11.9268,-11.0798,1.3366
0,382,11.9602,-10.9398,1.5556
0,383,11.9625,-10.7908,1.5708
0,384,11.9625,-10.6409,1.6080
0,385,11.9569,-10.4911,1.6124
0,386,11.9507,-10.3413,1.6124
0,387,11.9444,-10.1916,1.6124
0,388,11.9382,-10.0418,1.5755
0,389,11.9375,-9.8919,1.5708
0,390,11.9375,-9.7420,1.5751
0,391,11.9369,-9.6128,1.5935
0,392,11.9335,-9.4629,1.5935
0,393,11.9301,-9.3131,1.5935
0,394,11.9267,-9.1632,1.5935
0,395,11.9233,-9.0134,1.5935
0,396,11.9199,-8.8635,1.5935
0,397,11.9165,-8.7136,1.5935
0,398,11.9131,-8.5638,1.5935
0,399,11.9097,-8.4139,1.5935
0,400,11.9063,-8.2640,1.5935
0,401,11.9029,-8.1142,1.5924
0,402,11.8996,-7.9643,1.5861
0,403,11.8974,-7.8144,1.5861
0,404,11.8951,-7.6645,1.5861
0,405,11.8928,-7.5147,1.5861
0,406,11.8905,-7.3648,1.5861
0,407,11.8882,-7.2149,1.5861
0,408,11.8859,-7.0650,1.5861
0,409,11.8836,-6.9151,1.5861
0,410,11.8813,-6.7652,1.5861
0,411,11.8791,-6.6153,1.5861
0,412,11.8768,-6.4655,1.5861
0,413,11.8745,-6.3156,1.5861
0,414,11.8722,-6.1657,1.5861
0,415,11.8699,-6.0158,1.5861
0,416,11.8676,-5.8659,1.5861
0,417,11.8653,-5.7160,1.5861
0,418,11.8630,-5.5662,1.5861
0,419,11.8607,-5.4163,1.5861
0,420,11.8585,-5.2664,1.5861
0,421,11.8562,-5.1165,1.5861
0,422,11.8539,-4.9666,1.5861
0,423,11.8516,-4.8167,1.5883
0,424,11.8490,-4.6668,1.5935
0,425,11.8456,-4.5170,1.5935
0,426,11.8422,-4.3671,1.5935
0,427,11.8387,-4.2173,1.5935
0,428,11.8353,-4.0674,1.5935
0,429,11.8319,-3.9175,1.5935
0,430,11.8285,-3.7677,1.5935
0,431,11.8251,-3.6178,1.5935
0,432,11.8217,-3.4679,1.5935
0,433,11.8183,-3.3181,1.5935
0,434,11.8149,-3.1682,1.7665
0,435,11.7872,-3.0287,1.5994
0,436,11.7830,-2.8789,1.5994
0,437,11.7787,-2.7290,1.5954
0,438,11.7750,-2.5792,1.5708
0,439,11.7750,-2.4293,1.5708
0,440,11.7750,-2.2794,1.5708
0,441,11.7750,-2.1295,1.5708
0,442,11.7750,-1.9796,1.5708
0,443,11.7750,-1.8297,1.5318
0,444,11.7808,-1.6800,1.4877
0,445,11.7933,-1.5306,1.4877
0,446,11.8057,-1.3812,1.0800
0,447,11.8694,-1.2621,1.3924
0,448,11.8933,-1.1298,1.6094
0,449,11.8875,-0.9808,1.5457
0,450,11.8913,-0.8310,1.5042
0,451,11.9012,-0.6815,1.5042
0,452,11.9112,-0.5319,1.5622
0,453,11.9125,-0.3820,1.7765
0,454,11.8834,-0.2427,1.6271
0,455,11.8750,-0.0931,1.5708
0,456,11.8750,0.0568,1.7605
0,457,11.8469,0.2029,2.4229
0,458,11.7445,0.2925,1.7796
0,459,11.7150,0.4317,2.8347
0,460,11.5782,0.4750,-3.0738
0,461,11.4291,0.4649,-2.9140
0,462,11.2898,0.4326,-3.0916
0,463,11.1401,0.4251,-3.1407
0,464,10.9902,0.4250,3.1416
0,465,10.8403,0.4250,3.1416
0,466,10.6904,0.4250,3.1009
0,467,10.5406,0.4311,2.9915
0,468,10.3972,0.4528,-3.0096
0,469,10.2617,0.4348,-3.1059
0,470,10.1119,0.4294,-3.1119
0,471,9.9621,0.4250,3.1416
0,472,9.8122,0.4250,3.1416
0,473,9.6623,0.4250,3.1416
0,474,9.5124,0.4250,3.1416
0,475,9.3625,0.4250,-3.1178
0,476,9.2127,0.4214,-3.1059
0,477,9.0629,0.4161,-2.9395
0,478,8.9234,0.3875,3.1128
0,479,8.7737,0.3918,3.0309
0,480,8.6247,0.4084,3.1140
0,481,8.4751,0.4125,-2.8772
0,482,8.3365,0.3750,2.9672
0,483,8.1933,0.4002,2.2277
0,484,8.1053,0.5144,2.8888
0,485,7.9644,0.5508,2.9793
0,486,7.8167,0.5750,3.1416
0,487,7.6668,0.5750,3.1416
0,488,7.5169,0.5750,3.1416
0,489,7.3670,0.5750,-3.0931
0,490,7.2173,0.5677,-2.9214
0,491,7.0779,0.5365,-3.0644
0,492,6.9286,0.5250,3.1416
0,493,6.7787,0.5250,-2.9483
0,494,6.6326,0.4964,-2.4564
0,495,6.5245,0.4080,-2.9669
0,496,6.3768,0.3819,-3.0951
0,497,6.2275,0.3750,3.1416
0,498,6.0776,0.3750,-3.1271
0,499,5.9278,0.3728,-3.0792
0,500,5.7782,0.3635,-2.9460
0,501,5.6387,0.3358,-3.1248
0,502,5.4888,0.3333,-3.1248
0,503,5.3389,0.3308,-3.1248
0,504,5.1891,0.3283,-3.1248
0,505,5.0392,0.3258,-3.1248
0,506,4.8893,0.3232,-3.1248
0,507,4.7394,0.3207,-3.1248
0,508,4.5895,0.3182,-3.1248
0,509,4.4396,0.3157,-3.1248
0,510,4.2898,0.3132,-3.1309
0,511,4.1399,0.3116,-3.1331
0,512,3.9900,0.3103,-3.1331
0,513,3.8401,0.3090,-3.1331
0,514,3.6902,0.3078,-3.1331
0,515,3.5403,0.3065,-3.1331
0,516,3.3904,0.3052,-3.1331
0,517,3.2405,0.3039,-3.1331
0,518,3.0906,0.3027,-3.1331
0,519,2.9407,0.3014,-3.1331
0,520,2.7908,0.3001,-3.1331
0,521,2.6409,0.2989,-3.1331
0,522,2.4910,0.2976,-3.1331
0,523,2.3411,0.2963,-3.1331
0,524,2.1912,0.2951,-3.1331
0,525,2.0413,0.2938,-3.1331
0,526,1.8914,0.2925,-3.1331
0,527,1.7415,0.2912,-3.1331
0,528,1.5916,0.2900,-3.1331
0,529,1.4417,0.2887,-3.1322
0,530,1.2918,0.2873,-3.1164
0,531,1.1420,0.2835,-3.1164
0,532,0.9921,0.2797,-3.1164
0,533,0.8423,0.2760,-3.1164
0,534,0.6924,0.2722,-3.1164
0,535,0.5426,0.2684,-3.1164
0,536,0.3927,0.2646,-3.1164
1,0,0.7932,-1.7392,0.1948
1,1,0.9397,-1.7103,0.0555
1,2,1.0894,-1.7020,0.0555
1,3,1.2390,-1.6937,0.0167
1,4,1.3886,-1.6912,-0.0950
1,5,1.5378,-1.7054,-0.4397
1,6,1.6654,-1.7654,-0.3276
1,7,1.8035,-1.8124,-0.0848
1,8,1.9521,-1.8250,0.0000
1,9,2.1020,-1.8250,0.1732
1,10,2.2489,-1.7993,0.6802
1,11,2.3573,-1.7116,0.1194
1,12,2.5061,-1.6938,0.1194
1,13,2.6550,-1.6759,0.0060
1,14,2.8048,-1.6750,0.0000
1,15,2.9547,-1.6750,0.0000
1,16,3.1046,-1.6750,-0.0140
1,17,3.2543,-1.6771,-0.1244
1,18,3.4031,-1.6957,-0.2159
1,19,3.5421,-1.7262,-0.6717
1,20,3.6452,-1.8082,-0.1133
1,21,3.7930,-1.8250,0.0000
1,22,3.9429,-1.8250,0.1958
1,23,4.0888,-1.7961,0.5949
1,24,4.2064,-1.7164,0.5464
1,25,4.3297,-1.6415,0.1116
1,26,4.4767,-1.6250,-0.0380
1,27,4.6262,-1.6307,-0.1792
1,28,4.7638,-1.6556,0.1511
1,29,4.9093,-1.6335,0.0370
1,30,5.0591,-1.6279,0.0194
1,31,5.2089,-1.6250,0.0000
1,32,5.3588,-1.6250,0.0000
1,33,5.5087,-1.6250,0.0000
1,34,5.6586,-1.6250,-0.0340
1,35,5.8082,-1.6301,-0.1107
1,36,5.9572,-1.6466,-0.1429
1,37,6.1035,-1.6677,-0.6523
1,38,6.2143,-1.7523,-0.1527
1,39,6.3616,-1.7750,0.0000
1,40,6.5115,-1.7750,0.0886
1,41,6.6602,-1.7618,0.8071
1,42,6.7454,-1.6728,0.5569
1,43,6.8685,-1.5961,-0.0483
1,44,7.0163,-1.6033,-0.0619
1,45,7.1653,-1.6125,0.0000
1,46,7.3152,-1.6125,0.0000
1,47,7.4651,-1.6125,0.0127
1,48,7.6149,-1.6106,0.0294
1,49,7.7648,-1.6062,0.0294
1,50,7.9146,-1.6018,0.0294
1,51,8.0644,-1.5974,0.0294
1,52,8.2143,-1.5930,0.0294
1,53,8.3641,-1.5886,-0.0364
1,54,8.5138,-1.5940,-0.0571
1,55,8.6634,-1.6026,-0.0571
1,56,8.8131,-1.6111,-0.7549
1,57,8.9072,-1.6997,-0.1710
1,58,9.0537,-1.7250,0.0000
1,59,9.2036,-1.7250,0.1925
1,60,9.3495,-1.6966,0.5196
1,61,9.4755,-1.6245,0.4593
1,62,9.6037,-1.5611,0.1514
1,63,9.7514,-1.5386,-0.0768
1,64,9.9009,-1.5501,-0.0768
1,65,10.0503,-1.5616,-0.1366
1,66,10.1988,-1.5820,-1.0007
1,67,10.2667,-1.6878,-1.5153
1,68,10.2750,-1.8375,-1.5708
1,69,10.2750,-1.9874,-1.5708
1,70,10.2750,-2.1373,-1.6066
1,71,10.2696,-2.2866,-1.7895
1,72,10.2371,-2.4329,-2.4987
1,73,10.1338,-2.5103,-2.1997
1,74,10.0498,-2.6258,-1.4788
1,75,10.0625,-2.7639,-1.5502
1,76,10.0656,-2.9137,-1.5502
1,77,10.0687,-3.0636,-1.5502
1,78,10.0718,-3.2134,-1.5502
1,79,10.0749,-3.3633,-1.5502
1,80,10.0780,-3.5132,-1.5502
1,81,10.0811,-3.6630,-1.5502
1,82,10.0842,-3.8129,-1.5502
1,83,10.0872,-3.9627,-1.5595
1,84,10.0889,-4.1126,-1.5604
1,85,10.0905,-4.2625,-1.5604
1,86,10.0921,-4.4124,-1.5604
1,87,10.0936,-4.5623,-1.5604
1,88,10.0952,-4.7121,-1.5604
1,89,10.0967,-4.8620,-1.5604
1,90,10.0983,-5.0119,-1.5604
1,91,10.0999,-5.1618,-1.5604
1,92,10.1014,-5.3117,-1.5604
1,93,10.1030,-5.4616,-1.5604
1,94,10.1045,-5.6115,-1.5604
1,95,10.1061,-5.7613,-1.5604
1,96,10.1077,-5.9112,-1.5604
1,97,10.1092,-6.0611,-1.5604
1,98,10.1108,-6.2110,-1.5604
1,99,10.1124,-6.3609,-1.5511
1,100,10.1153,-6.5107,-1.5502
1,101,10.1184,-6.6606,-1.5502
1,102,10.1215,-6.8104,-1.5502
1,103,10.1246,-6.9603,-1.5502
1,104,10.1277,-7.1102,-1.5502
1,105,10.1307,-7.2600,-1.5502
1,106,10.1338,-7.4099,-1.5502
1,107,10.1369,-7.5597,-1.3542
1,108,10.1676,-7.6991,-1.5214
1,109,10.1750,-7.8488,-1.5708
1,110,10.1750,-7.9987,-1.5708
1,111,10.1750,-8.1486,-1.4799
1,112,10.1885,-8.2972,-1.2403
1,113,10.2324,-8.4250,-0.3135
1,114,10.3694,-8.4694,-1.2781
1,115,10.4106,-8.6061,-1.4746
1,116,10.4250,-8.7553,-1.5708
1,117,10.4250,-8.9052,-1.5708
1,118,10.4250,-9.0551,-1.5725
1,119,10.4247,-9.2050,-1.6234
1,120,10.4169,-9.3546,-2.0827
1,121,10.3559,-9.4631,-3.1237
1,122,10.2061,-9.4657,-3.1237
1,123,10.0562,-9.4684,-3.1237
1,124,9.9063,-9.4711,-3.1237
1,125,9.7565,-9.4738,-3.1334
1,126,9.6066,-9.4750,3.1416
1,127,9.4567,-9.4750,3.1416
1,128,9.3068,-9.4750,3.1416
1,129,9.1569,-9.4750,3.1416
1,130,9.0070,-9.4750,3.1416
1,131,8.8571,-9.4750,3.1416
1,132,8.7072,-9.4750,3.1416
1,133,8.5573,-9.4750,3.1416
1,134,8.4075,-9.4750,-3.1350
1,135,8.2576,-9.4760,-3.1237
1,136,8.1077,-9.4787,-3.1237
1,137,7.9578,-9.4813,-3.1237
1,138,7.8080,-9.4840,-3.1237
1,139,7.6581,-9.4867,-2.9480
1,140,7.5186,-9.5140,-3.1194
1,141,7.3687,-9.5174,-3.1194
1,142,7.2189,-9.5207,-3.1194
1,143,7.0690,-9.5240,-3.1194
1,144,6.9192,-9.5274,-3.1194
1,145,6.7693,-9.5307,-3.1194
1,146,6.6195,-9.5340,-3.1194
1,147,6.4696,-9.5373,-3.1298
1,148,6.3197,-9.5391,-3.1304
1,149,6.1698,-9.5408,-3.1304
1,150,6.0200,-9.5425,-3.1304
1,151,5.8701,-9.5442,-3.1304
1,152,5.7202,-9.5458,-3.1304
1,153,5.5703,-9.5475,-3.1304
1,154,5.4204,-9.5492,-3.1304
1,155,5.2706,-9.5509,-3.1304
1,156,5.1207,-9.5526,-3.1304
1,157,4.9708,-9.5543,-3.1304
1,158,4.8209,-9.5559,-3.1304
1,159,4.6710,-9.5576,-3.1304
1,160,4.5211,-9.5593,-3.1304
1,161,4.3713,-9.5610,-3.1292
1,162,4.2214,-9.5629,-3.1194
1,163,4.0715,-9.5662,-3.1194
1,164,3.9217,-9.5695,-3.1194
1,165,3.7718,-9.5728,-3.1194
1,166,3.6220,-9.5762,-3.1194
1,167,3.4721,-9.5795,-3.1194
1,168,3.3223,-9.5828,-3.1194
1,169,3.1724,-9.5862,-2.9485
1,170,3.0329,-9.6134,-3.1244
1,171,2.8830,-9.6160,-3.1244
1,172,2.7331,-9.6186,-3.1244
1,173,2.5833,-9.6212,-3.1244
1,174,2.4334,-9.6238,-3.1334
1,175,2.2835,-9.6250,3.1416
1,176,2.1336,-9.6250,3.1416
1,177,1.9837,-9.6250,3.1416
1,178,1.8338,-9.6250,3.1416
1,179,1.6840,-9.6250,3.1416
1,180,1.5341,-9.6250,3.1416
1,181,1.3842,-9.6250,3.1416
1,182,1.2343,-9.6250,3.1416
1,183,1.0844,-9.6250,3.1409
1,184,0.9345,-9.6249,3.1071
1,185,0.7847,-9.6197,3.1071
1,186,0.6349,-9.6146,3.1071
1,187,0.4851,-9.6094,3.1071
1,188,0.3353,-9.6042,2.9340
1,189,0.2004,-9.5758,2.8088
1,190,0.0681,-9.5301,3.1075
1,191,-0.0813,-9.5250,3.1416
1,192,-0.2312,-9.5250,-2.9393
1,193,-0.3779,-9.5551,-2.5195
1,194,-0.4957,-9.6396,-3.0589
1,195,-0.6417,-9.6517,3.0465
1,196,-0.7902,-9.6375,3.1416
1,197,-0.9401,-9.6375,3.1416
1,198,-1.0900,-9.6375,3.1416
1,199,-1.2399,-9.6375,3.1416
1,200,-1.3898,-9.6375,3.1416
1,201,-1.5397,-9.6375,-3.1281
1,202,-1.6895,-9.6395,-3.1257
1,203,-1.8394,-9.6419,-3.1257
1,204,-1.9893,-9.6443,-3.1257
1,205,-2.1392,-9.6467,-3.1257
1,206,-2.2890,-9.6490,-3.1257
1,207,-2.4389,-9.6514,-3.1257
1,208,-2.5888,-9.6538,-3.1257
1,209,-2.7387,-9.6562,-3.1257
1,210,-2.8885,-9.6585,-3.1257
1,211,-3.0384,-9.6609,-3.1051
1,212,-3.1881,-9.6664,-3.0648
1,213,-3.3376,-9.6779,-3.0648
1,214,-3.4870,-9.6894,-3.0648
1,215,-3.6365,-9.7009,-3.0648
1,216,-3.7859,-9.7124,-3.0648
1,217,-3.9354,-9.7239,-2.2563
1,218,-4.0227,-9.8307,-2.8966
1,219,-4.1681,-9.8670,-3.0882
1,220,-4.3171,-9.8750,3.1416
1,221,-4.4669,-9.8750,3.0862
1,222,-4.6163,-9.8667,2.9538
1,223,-4.7607,-9.8393,2.0370
1,224,-4.8250,-9.7116,3.0122
1,225,-4.9632,-9.6936,3.0951
1,226,-5.1129,-9.6866,3.0951
1,227,-5.2627,-9.6796,3.1106
1,228,-5.4124,-9.6750,3.1416
1,229,-5.5623,-9.6750,3.1416
1,230,-5.7122,-9.6750,3.1416
1,231,-5.8621,-9.6750,3.1416
1,232,-6.0120,-9.6750,3.1416
1,233,-6.1619,-9.6750,3.1416
1,234,-6.3118,-9.6750,3.1344
1,235,-6.4617,-9.6739,3.0972
1,236,-6.6114,-9.6673,3.0972
1,237,-6.7611,-9.6606,3.0972
1,238,-6.9109,-9.6540,2.8004
1,239,-7.0429,-9.6071,2.9234
1,240,-7.1876,-9.5750,3.1416
1,241,-7.3375,-9.5750,3.0918
1,242,-7.4870,-9.5675,-3.1374
1,243,-7.6181,-9.5681,-2.5674
1,244,-7.7385,-9.6460,-2.9764
1,245,-7.8864,-9.6706,-3.1125
1,246,-8.0359,-9.6750,3.1416
1,247,-8.1858,-9.6750,3.1040
1,248,-8.3354,-9.6694,3.0245
1,249,-8.4842,-9.6519,2.0970
1,250,-8.5511,-9.5367,1.5885
1,251,-8.5538,-9.3868,1.5885
1,252,-8.5564,-9.2370,1.5885
1,253,-8.5591,-9.0871,1.5885
1,254,-8.5617,-8.9372,1.5885
1,255,-8.5644,-8.7874,1.5885
1,256,-8.5670,-8.6375,1.5885
1,257,-8.5697,-8.4876,1.5885
1,258,-8.5723,-8.3378,1.5885
1,259,-8.5750,-8.1879,1.5708
1,260,-8.5750,-8.0380,1.5708
1,261,-8.5750,-7.8881,1.5708
1,262,-8.5750,-7.7382,1.5708
1,263,-8.5750,-7.5883,1.5708
1,264,-8.5750,-7.4384,1.5708
1,265,-8.5750,-7.2885,1.5708
1,266,-8.5750,-7.1386,1.5708
1,267,-8.5750,-6.9888,1.5708
1,268,-8.5750,-6.8389,1.5708
1,269,-8.5750,-6.6890,1.5708
1,270,-8.5750,-6.5391,1.5708
1,271,-8.5750,-6.3892,1.5708
1,272,-8.5750,-6.2393,1.5708
1,273,-8.5750,-6.0894,1.5708
1,274,-8.5750,-5.9395,1.5708
1,275,-8.5750,-5.7896,1.5708
1,276,-8.5750,-5.6397,1.5708
1,277,-8.5750,-5.4898,1.5751
1,278,-8.5756,-5.3400,1.5797
1,279,-8.5770,-5.1901,1.5797
1,280,-8.5783,-5.0402,1.5797
1,281,-8.5797,-4.8903,1.5797
1,282,-8.5810,-4.7404,1.5797
1,283,-8.5823,-4.5905,1.5797
1,284,-8.5837,-4.4406,1.5797
1,285,-8.5850,-4.2908,1.5797
1,286,-8.5864,-4.1409,1.6843
1,287,-8.6027,-3.9973,1.6378
1,288,-8.6125,-3.8514,1.5240
1,289,-8.6055,-3.7018,1.4995
1,290,-8.5948,-3.5523,1.5220
1,291,-8.5875,-3.4027,1.6176
1,292,-8.5944,-3.2556,1.7291
1,293,-8.6171,-3.1133,1.6078
1,294,-8.6226,-2.9635,1.5865
1,295,-8.6250,-2.8137,1.5708
1,296,-8.6250,-2.6638,1.5708
1,297,-8.6250,-2.5139,1.5708
1,298,-8.6250,-2.3640,1.5537
1,299,-8.6224,-2.2142,1.4995
1,300,-8.6118,-2.0647,1.4995
1,301,-8.6011,-1.9152,0.5623
1,302,-8.4864,-1.8429,0.1107
1,303,-8.3375,-1.8264,0.0092
1,304,-8.1876,-1.8250,0.0000
1,305,-8.0377,-1.8250,-0.1236
1,306,-7.8925,-1.8430,-0.5071
1,307,-7.7615,-1.9158,-0.9686
1,308,-7.6844,-2.0280,-1.3734
1,309,-7.6550,-2.1750,-0.7977
1,310,-7.5537,-2.2788,-0.1666
1,311,-7.4165,-2.3018,0.0838
1,312,-7.2675,-2.2893,-0.2332
1,313,-7.1274,-2.3226,-1.1972
1,314,-7.0750,-2.4563,-0.3241
1,315,-6.9821,-2.4875,0.0000
1,316,-6.8322,-2.4875,-0.0369
1,317,-6.6825,-2.4930,-0.0526
1,318,-6.5328,-2.5009,-0.0526
1,319,-6.3831,-2.5088,0.0539
1,320,-6.2342,-2.5008,0.1489
1,321,-6.0860,-2.4785,1.1287
1,322,-6.0272,-2.3543,0.8424
1,323,-5.9318,-2.2474,-0.0391
1,324,-5.7841,-2.2532,-0.0805
1,325,-5.6352,-2.2652,-0.0263
1,326,-5.4854,-2.2691,-0.0263
1,327,-5.3355,-2.2731,-0.0128
1,328,-5.1856,-2.2750,0.0000
1,329,-5.0358,-2.2750,0.0000
1,330,-4.8859,-2.2750,0.0000
1,331,-4.7360,-2.2750,0.0000
1,332,-4.5861,-2.2750,0.0003
1,333,-4.4362,-2.2750,0.0294
1,334,-4.2864,-2.2706,0.0294
1,335,-4.1365,-2.2661,0.1527
1,336,-3.9943,-2.2443,0.1311
1,337,-3.8482,-2.2250,-0.1658
1,338,-3.7017,-2.2495,-1.0132
1,339,-3.6250,-2.3726,-0.7834
1,340,-3.5419,-2.4553,-0.1325
1,341,-3.3941,-2.4750,0.0000
1,342,-3.2442,-2.4750,0.0079
1,343,-3.0945,-2.4738,0.2111
1,344,-2.9479,-2.4424,1.2529
1,345,-2.9059,-2.3147,0.5656
1,346,-2.7875,-2.2396,0.0978
1,347,-2.6388,-2.2250,0.0000
1,348,-2.4890,-2.2250,0.5043
1,349,-2.3634,-2.1557,1.2868
1,350,-2.3250,-2.0242,1.5042
1,351,-2.3151,-1.8753,1.0789
1,352,-2.2477,-1.7496,0.1649
1,353,-2.1000,-1.7250,0.0000
1,354,-1.9501,-1.7250,-0.1230
1,355,-1.8022,-1.7433,-0.3386
1,356,-1.6626,-1.7924,-0.7747
1,357,-1.5596,-1.8932,-1.3311
1,358,-1.5250,-2.0349,-1.2411
1,359,-1.4827,-2.1587,-0.4589
1,360,-1.3484,-2.2250,0.0000
1,361,-1.1985,-2.2250,0.0000
1,362,-1.0486,-2.2250,-0.1763
1,363,-0.9022,-2.2511,-0.6537
1,364,-0.7987,-2.3304,-0.7504
1,365,-0.6967,-2.4255,-0.1868
1,366,-0.5509,-2.4530,-0.0634
1,367,-0.4016,-2.4625,0.0800
1,368,-0.2529,-2.4506,0.4819
1,369,-0.1243,-2.3833,1.0893
1,370,-0.0562,-2.2530,0.3703
1,371,0.0780,-2.2009,0.0340
1,372,0.2257,-2.1959,-0.0831
1,373,0.3751,-2.2083,0.2364
1,374,0.5171,-2.1741,1.0912
1,375,0.5750,-2.0628,1.4561
1,376,0.5921,-1.9146,1.1786
1,377,0.6490,-1.7771,0.2568
2,0,0.5832,0.0163,-3.1164
2,1,0.4332,0.0125,-3.1164
2,2,0.2832,0.0087,-3.1164
2,3,0.1332,0.0049,-3.1164
2,4,-0.0168,0.0012,-2.7627
2,5,-0.1515,-0.0525,-2.9669
2,6,-0.2993,-0.0786,-3.0348
2,7,-0.4483,-0.0945,-3.0703
2,8,-0.5980,-0.1052,-3.1117
2,9,-0.7478,-0.1097,3.0828
2,10,-0.8976,-0.1009,2.7620
2,11,-1.0324,-0.0471,3.0772
2,12,-1.1821,-0.0374,3.0772
2,13,-1.3319,-0.0278,3.1230
2,14,-1.4819,-0.0250,3.1416
2,15,-1.6319,-0.0250,3.1416
2,16,-1.7820,-0.0250,3.1416
2,17,-1.9321,-0.0250,3.1333
2,18,-2.0820,-0.0238,2.9669
2,19,-2.2298,0.0023,2.9669
2,20,-2.3776,0.0284,2.8657
2,21,-2.5182,0.0682,2.3562
2,22,-2.6243,0.1743,2.0166
2,23,-2.6879,0.3073,1.8237
2,24,-2.7250,0.4510,1.5708
2,25,-2.7250,0.6010,1.6942
2,26,-2.7433,0.7484,2.7672
2,27,-2.8416,0.7870,-3.0611
2,28,-2.9910,0.7750,3.1028
2,29,-3.1406,0.7808,-2.7155
2,30,-3.2186,0.7454,-1.6135
2,31,-3.2250,0.5956,-1.5708
2,32,-3.2250,0.4456,-1.6690
2,33,-3.2397,0.2969,-1.8342
2,34,-3.2781,0.1541,-2.3295
2,35,-3.3801,0.0466,-2.6706
2,36,-3.5126,-0.0209,-2.8803
2,37,-3.6572,-0.0595,-3.0380
2,38,-3.8059,-0.0750,3.0887
2,39,-3.9555,-0.0671,2.9650
2,40,-4.0942,-0.0423,-2.9613
2,41,-4.2415,-0.0691,-3.1025
2,42,-4.3913,-0.0750,3.0436
2,43,-4.5396,-0.0604,3.1305
2,44,-4.6767,-0.0589,-3.0688
2,45,-4.8260,-0.0698,-3.1068
2,46,-4.9759,-0.0750,3.1416
2,47,-5.1260,-0.0750,3.1416
2,48,-5.2760,-0.0750,-3.1020
2,49,-5.4259,-0.0809,-2.9191
2,50,-5.5654,-0.1125,3.1416
2,51,-5.7155,-0.1125,3.1416
2,52,-5.8656,-0.1125,3.1200
2,53,-6.0156,-0.1093,3.1059
2,54,-6.1656,-0.1039,3.1059
2,55,-6.3155,-0.0986,3.1059
2,56,-6.4655,-0.0932,3.1059
2,57,-6.6155,-0.0878,-3.1137
2,58,-6.7654,-0.0920,-3.1093
2,59,-6.9154,-0.0969,-2.9152
2,60,-7.0566,-0.1294,-2.9751
2,61,-7.2003,-0.1535,-3.1104
2,62,-7.3503,-0.1582,-3.1160
2,63,-7.5003,-0.1621,3.1071
2,64,-7.6503,-0.1569,3.1071
2,65,-7.8003,-0.1517,3.1071
2,66,-7.9502,-0.1465,3.1071
2,67,-8.1002,-0.1414,3.0662
2,68,-8.2495,-0.1301,2.9442
2,69,-8.3966,-0.1007,2.9442
2,70,-8.5438,-0.0712,2.7837
2,71,-8.6795,-0.0205,2.3562
2,72,-8.7856,0.0856,1.9207
2,73,-8.8363,0.2246,1.8546
2,74,-8.8783,0.3686,1.6758
2,75,-8.8940,0.5172,1.6263
2,76,-8.9023,0.6670,1.6263
2,77,-8.9107,0.8169,1.4488
2,78,-8.8925,0.9652,1.3986
2,79,-8.8668,1.1130,0.8834
2,80,-8.7740,1.2260,0.4461
2,81,-8.6426,1.2889,0.2440
2,82,-8.4975,1.3250,0.0000
2,83,-8.3474,1.3250,0.0000
2,84,-8.1973,1.3250,0.2291
2,85,-8.0515,1.3590,1.6713
2,86,-8.0651,1.4941,1.6162
2,87,-8.0719,1.6440,1.5916
2,88,-8.0750,1.7940,1.5708
2,89,-8.0750,1.9440,1.5708
2,90,-8.0750,2.0941,1.5897
2,91,-8.0778,2.2441,1.6208
2,92,-8.0853,2.3940,2.4955
2,93,-8.1834,2.4680,3.0946
2,94,-8.3332,2.4750,3.1416
2,95,-8.4833,2.4750,3.0696
2,96,-8.6324,2.4858,2.9417
2,97,-8.7789,2.5155,2.5456
2,98,-8.9026,2.5993,2.9947
2,99,-9.0463,2.6206,-2.6104
2,100,-9.1751,2.5449,-2.5986
2,101,-9.3002,2.4694,-2.9945
2,102,-9.4487,2.4474,-2.9945
2,103,-9.5971,2.4254,-3.1387
2,104,-9.7471,2.4250,3.1416
2,105,-9.8972,2.4250,3.1416
2,106,-10.0473,2.4250,-2.9653
2,107,-10.1899,2.3996,-2.5749
2,108,-10.3165,2.3190,-2.4461
2,109,-10.4250,2.2285,-1.5708
2,110,-10.4250,2.0784,-1.5708
2,111,-10.4250,1.9284,-1.6214
2,112,-10.4326,1.7785,-1.8557
2,113,-10.4734,1.6391,-2.4291
2,114,-10.5867,1.5412,-2.7937
2,115,-10.7249,1.4911,-3.0336
2,116,-10.8733,1.4750,3.1416
2,117,-11.0234,1.4750,-1.9684
2,118,-11.0742,1.3540,-1.7682
2,119,-11.1036,1.2068,-1.7682
2,120,-11.1331,1.0597,-1.7682
2,121,-11.1625,0.9125,-1.5486
2,122,-11.1592,0.7625,-1.5486
2,123,-11.1558,0.6124,-1.5486
2,124,-11.1525,0.4624,-1.5486
2,125,-11.1492,0.3124,-1.5486
2,126,-11.1458,0.1624,-1.5486
2,127,-11.1425,0.0123,-1.5486
2,128,-11.1392,-0.1377,-1.4395
2,129,-11.1196,-0.2856,-1.3311
2,130,-11.0840,-0.4314,-1.3311
2,131,-11.0484,-0.5771,-1.3311
2,132,-11.0127,-0.7229,-0.4451
2,133,-10.9035,-0.7750,0.0000
2,134,-10.7535,-0.7750,-0.0812
2,135,-10.6039,-0.7872,-0.6498
2,136,-10.4864,-0.8765,-0.9675
2,137,-10.4016,-0.9996,-1.2317
2,138,-10.3519,-1.1403,-1.4690
2,139,-10.3368,-1.2889,-1.5611
2,140,-10.3353,-1.4390,-1.5611
2,141,-10.3338,-1.5891,-1.5611
2,142,-10.3324,-1.7391,-1.5611
2,143,-10.3309,-1.8892,-1.5611
2,144,-10.3295,-2.0392,-1.5611
2,145,-10.3280,-2.1893,-1.5611
2,146,-10.3266,-2.3394,-1.5611
2,147,-10.3251,-2.4894,-1.5701
2,148,-10.3250,-2.6395,-1.5708
2,149,-10.3250,-2.7895,-1.5708
2,150,-10.3250,-2.9396,-1.5708
2,151,-10.3250,-3.0897,-1.5708
2,152,-10.3250,-3.2397,-1.5708
2,153,-10.3250,-3.3898,-1.5708
2,154,-10.3250,-3.5399,-1.5708
2,155,-10.3250,-3.6899,-1.5708
2,156,-10.3250,-3.8400,-1.5708
2,157,-10.3250,-3.9901,-1.5708
2,158,-10.3250,-4.1401,-1.5708
2,159,-10.3250,-4.2902,-1.5708
2,160,-10.3250,-4.4403,-1.5708
2,161,-10.3250,-4.5903,-1.5708
2,162,-10.3250,-4.7404,-1.5708
2,163,-10.3250,-4.8905,-1.5647
2,164,-10.3241,-5.0405,-1.5607
2,165,-10.3226,-5.1906,-1.5607
2,166,-10.3211,-5.3406,-1.5607
2,167,-10.3195,-5.4907,-1.5607
2,168,-10.3180,-5.6408,-1.5607
2,169,-10.3165,-5.7908,-1.5607
2,170,-10.3150,-5.9409,-1.5607
2,171,-10.3135,-6.0909,-1.3851
2,172,-10.2872,-6.2306,-1.5563
2,173,-10.2851,-6.3807,-1.5563
2,174,-10.2829,-6.5307,-1.5563
2,175,-10.2807,-6.6808,-1.5563
2,176,-10.2785,-6.8308,-1.5563
2,177,-10.2764,-6.9809,-1.5617
2,178,-10.2750,-7.1310,-1.5708
2,179,-10.2750,-7.2810,-1.5708
2,180,-10.2750,-7.4311,-1.5708
2,181,-10.2750,-7.5811,-1.5708
2,182,-10.2750,-7.7312,-1.5708
2,183,-10.2750,-7.8813,-1.5708
2,184,-10.2750,-8.0313,-1.5708
2,185,-10.2750,-8.1814,-1.5708
2,186,-10.2750,-8.3315,-1.5708
2,187,-10.2750,-8.4815,-1.5708
2,188,-10.2750,-8.6316,-1.5744
2,189,-10.2755,-8.7817,-1.6517
2,190,-10.2877,-8.9312,-1.6517
2,191,-10.2998,-9.0808,-1.6517
2,192,-10.3119,-9.2304,-1.6517
2,193,-10.3241,-9.3800,-1.6517
2,194,-10.3362,-9.5295,-1.6517
2,195,-10.3483,-9.6791,-2.2629
2,196,-10.4413,-9.7913,-2.5368
2,197,-10.5622,-9.8749,-2.7989
2,198,-10.7027,-9.9250,3.1416
2,199,-10.8527,-9.9250,-2.9122
2,200,-10.9963,-9.9585,-2.0784
2,201,-11.0626,-10.0776,-1.6053
2,202,-11.0678,-10.2276,-1.6053
2,203,-11.0729,-10.3776,-1.5846
2,204,-11.0750,-10.5276,-1.5708
2,205,-11.0750,-10.6777,-1.5708
2,206,-11.0750,-10.8278,-1.5708
2,207,-11.0750,-10.9778,-0.9622
2,208,-11.0101,-11.0709,-0.1288
2,209,-10.8613,-11.0902,-0.1288
2,210,-10.7125,-11.1095,-0.1288
2,211,-10.5637,-11.1287,-0.1288
2,212,-10.4149,-11.1480,-0.1288
2,213,-10.2660,-11.1673,-0.1288
2,214,-10.1172,-11.1866,-0.1288
2,215,-9.9684,-11.2058,-0.1288
2,216,-9.8196,-11.2251,-0.1288
2,217,-9.6707,-11.2444,-0.1288
2,218,-9.5219,-11.2637,-0.1288
2,219,-9.3731,-11.2830,-0.1288
2,220,-9.2243,-11.3022,-0.1288
2,221,-9.0755,-11.3215,-0.1288
2,222,-8.9266,-11.3408,-0.1288
2,223,-8.7778,-11.3601,-0.0998
2,224,-8.6287,-11.3750,0.0000
2,225,-8.4786,-11.3750,0.0000
2,226,-8.3286,-11.3750,0.0000
2,227,-8.1785,-11.3750,0.0000
2,228,-8.0284,-11.3750,0.0000
2,229,-7.8784,-11.3750,0.0000
2,230,-7.7283,-11.3750,0.0000
2,231,-7.5782,-11.3750,0.0000
2,232,-7.4282,-11.3750,0.0000
2,233,-7.2781,-11.3750,0.0000
2,234,-7.1280,-11.3750,0.0000
2,235,-6.9780,-11.3750,0.0000
2,236,-6.8279,-11.3750,0.0000
2,237,-6.6779,-11.3750,0.0000
2,238,-6.5278,-11.3750,0.0000
2,239,-6.3777,-11.3750,0.0000
2,240,-6.2277,-11.3750,0.0000
2,241,-6.0776,-11.3750,0.0000
2,242,-5.9275,-11.3750,0.0000
2,243,-5.7775,-11.3750,0.0000
2,244,-5.6274,-11.3750,0.0000
2,245,-5.4773,-11.3750,0.0000
2,246,-5.3273,-11.3750,0.0000
2,247,-5.1772,-11.3750,0.0000
2,248,-5.0271,-11.3750,0.0000
2,249,-4.8771,-11.3750,0.0000
2,250,-4.7270,-11.3750,0.0000
2,251,-4.5769,-11.3750,0.0000
2,252,-4.4269,-11.3750,0.0000
2,253,-4.2768,-11.3750,0.0000
2,254,-4.1267,-11.3750,0.0000
2,255,-3.9767,-11.3750,-0.0022
2,256,-3.8266,-11.3753,-0.0301
2,257,-3.6766,-11.3799,-0.0301
2,258,-3.5266,-11.3844,-0.0301
2,259,-3.3766,-11.3889,-0.0301
2,260,-3.2266,-11.3934,-0.0301
2,261,-3.0766,-11.3979,-0.0301
2,262,-2.9266,-11.4025,-0.0301
2,263,-2.7766,-11.4070,-0.0301
2,264,-2.6266,-11.4115,-0.0301
2,265,-2.4766,-11.4160,-0.0301
2,266,-2.3266,-11.4206,-0.0301
2,267,-2.1766,-11.4251,-0.0301
2,268,-2.0266,-11.4296,-0.0301
2,269,-1.8766,-11.4341,-0.0301
2,270,-1.7266,-11.4386,-0.0301
2,271,-1.5766,-11.4432,-0.0301
2,272,-1.4266,-11.4477,-0.3991
2,273,-1.2981,-11.5019,-0.8160
2,274,-1.1959,-11.6106,-1.1999
2,275,-1.1415,-11.7504,-1.3341
2,276,-1.1067,-11.8948,-1.4877
2,277,-1.0942,-12.0443,-1.3125
2,278,-1.0566,-12.1868,-0.7451
2,279,-0.9610,-12.2750,0.6016
2,280,-0.8581,-12.2043,1.3443
2,281,-0.8250,-12.0609,1.5708
2,282,-0.8250,-11.9108,1.4332
2,283,-0.8047,-11.7640,1.2490
2,284,-0.7572,-11.6217,0.8545
2,285,-0.6600,-11.5100,0.4917
2,286,-0.5352,-11.4432,0.1049
2,287,-0.3860,-11.4275,0.1049
2,288,-0.2367,-11.4118,0.1049
2,289,-0.0875,-11.3961,0.1049
2,290,0.0618,-11.3803,0.0356
2,291,0.2115,-11.3750,0.0000
2,292,0.3616,-11.3750,0.0000
2,293,0.5117,-11.3750,0.0000
2,294,0.6617,-11.3750,0.0000
2,295,0.8118,-11.3750,0.0000
2,296,0.9619,-11.3750,0.0000
2,297,1.1119,-11.3750,0.0000
2,298,1.2620,-11.3750,0.0031
2,299,1.4121,-11.3745,0.0192
2,300,1.5621,-11.3716,0.0192
2,301,1.7121,-11.3688,0.0192
2,302,1.8622,-11.3659,0.0192
2,303,2.0122,-11.3630,0.1981
2,304,2.1519,-11.3349,0.0286
2,305,2.3019,-11.3307,0.0286
2,306,2.4519,-11.3264,0.0286
2,307,2.6019,-11.3221,0.0286
2,308,2.7519,-11.3178,0.0286
2,309,2.9019,-11.3135,0.0178
2,310,3.0520,-11.3108,0.0145
2,311,3.2020,-11.3087,0.0145
2,312,3.3521,-11.3065,0.0145
2,313,3.5021,-11.3043,0.0145
2,314,3.6522,-11.3021,0.0145
2,315,3.8022,-11.3000,0.0145
2,316,3.9523,-11.2978,0.0145
2,317,4.1023,-11.2956,0.0145
2,318,4.2524,-11.2934,0.0145
2,319,4.4024,-11.2913,0.0145
2,320,4.5525,-11.2891,0.0033
2,321,4.7025,-11.2886,-0.0274
2,322,4.8525,-11.2927,-0.0274
2,323,5.0025,-11.2968,-0.0274
2,324,5.1525,-11.3009,-0.0274
2,325,5.3025,-11.3050,-0.0274
2,326,5.4525,-11.3091,-0.1368
2,327,5.5970,-11.3290,-0.4598
2,328,5.7273,-11.3935,-0.1149
2,329,5.8764,-11.4107,-0.0953
2,330,6.0256,-11.4250,0.0000
2,331,6.1757,-11.4250,0.0000
2,332,6.3257,-11.4250,0.0000
2,333,6.4758,-11.4250,0.0744
2,334,6.6250,-11.4139,0.1471
2,335,6.7735,-11.3919,0.2671
2,336,6.9147,-11.3533,0.5740
2,337,7.0373,-11.2740,0.0412
2,338,7.1872,-11.2678,0.0412
2,339,7.3372,-11.2616,0.0412
2,340,7.4871,-11.2554,0.0412
2,341,7.6370,-11.2492,0.0412
2,342,7.7870,-11.2431,0.0412
2,343,7.9369,-11.2369,0.0412
2,344,8.0868,-11.2307,0.0380
2,345,8.2368,-11.2250,0.0000
2,346,8.3869,-11.2250,0.0000
2,347,8.5369,-11.2250,0.0000
2,348,8.6870,-11.2250,0.0000
2,349,8.8371,-11.2250,0.0000
2,350,8.9871,-11.2250,0.0000
2,351,9.1372,-11.2250,0.0000
2,352,9.2873,-11.2250,0.0000
2,353,9.4373,-11.2250,0.0000
2,354,9.5874,-11.2250,0.0000
2,355,9.7375,-11.2250,0.0000
2,356,9.8875,-11.2250,0.0000
2,357,10.0376,-11.2250,0.0000
2,358,10.1877,-11.2250,0.0000
2,359,10.3377,-11.2250,0.0000
2,360,10.4878,-11.2250,0.0490
2,361,10.6376,-11.2177,0.0651
2,362,10.7874,-11.2079,0.0651
2,363,10.9371,-11.1981,0.0651
2,364,11.0869,-11.1884,0.0651
2,365,11.2366,-11.1786,0.0651
2,366,11.3864,-11.1688,0.0651
2,367,11.5361,-11.1591,0.1425
2,368,11.6750,-11.1391,1.5605
2,369,11.6765,-10.9892,1.3176
2,370,11.7125,-10.8502,1.5708
2,371,11.7125,-10.7002,1.6227
2,372,11.7047,-10.5504,1.6332
2,373,11.6953,-10.4006,1.6231
2,374,11.6875,-10.2508,1.5708
2,375,11.6875,-10.1007,1.5735
2,376,11.6871,-9.9713,1.5925
2,377,11.6839,-9.8213,1.5925
2,378,11.6806,-9.6713,1.5925
2,379,11.6774,-9.5213,1.5925
2,380,11.6741,-9.3712,1.5925
2,381,11.6708,-9.2212,1.5925
2,382,11.6676,-9.0712,1.5925
2,383,11.6643,-8.9211,1.5925
2,384,11.6611,-8.7711,1.5925
2,385,11.6578,-8.6211,1.5925
2,386,11.6545,-8.4710,1.5925
2,387,11.6513,-8.3210,1.5882
2,388,11.6487,-8.1710,1.5854
2,389,11.6465,-8.0209,1.5854
2,390,11.6443,-7.8709,1.5854
2,391,11.6421,-7.7208,1.5854
2,392,11.6399,-7.5708,1.5854
2,393,11.6377,-7.4207,1.5854
2,394,11.6355,-7.2707,1.5854
2,395,11.6333,-7.1206,1.5854
2,396,11.6311,-6.9706,1.5854
2,397,11.6289,-6.8205,1.5854
2,398,11.6268,-6.6705,1.5854
2,399,11.6246,-6.5204,1.5854
2,400,11.6224,-6.3704,1.5854
2,401,11.6202,-6.2203,1.5854
2,402,11.6180,-6.0703,1.5854
2,403,11.6158,-5.9202,1.5854
2,404,11.6136,-5.7702,1.5854
2,405,11.6114,-5.6201,1.5854
2,406,11.6092,-5.4701,1.5854
2,407,11.6070,-5.3200,1.5854
2,408,11.6049,-5.1700,1.5854
2,409,11.6027,-5.0199,1.5854
2,410,11.6005,-4.8699,1.5910
2,411,11.5974,-4.7198,1.5925
2,412,11.5942,-4.5698,1.5925
2,413,11.5909,-4.4198,1.5925
2,414,11.5877,-4.2697,1.5925
2,415,11.5844,-4.1197,1.5925
2,416,11.5811,-3.9697,1.5925
2,417,11.5779,-3.8196,1.5925
2,418,11.5746,-3.6696,1.5925
2,419,11.5713,-3.5196,1.5925
2,420,11.5681,-3.3696,1.5925
2,421,11.5648,-3.2195,1.7654
2,422,11.5373,-3.0798,1.5978
2,423,11.5332,-2.9298,1.5978
2,424,11.5292,-2.7798,1.5978
2,425,11.5251,-2.6298,1.5717
2,426,11.5250,-2.4797,1.5708
2,427,11.5250,-2.3297,1.5708
2,428,11.5250,-2.1796,1.5708
2,429,11.5250,-2.0296,1.5708
2,430,11.5250,-1.8795,1.5708
2,431,11.5250,-1.7294,1.5211
2,432,11.5325,-1.5795,1.5196
2,433,11.5401,-1.4297,1.5196
2,434,11.5478,-1.2798,1.1874
2,435,11.6022,-1.1451,1.4464
2,436,11.6208,-0.9962,1.5427
2,437,11.6250,-0.8464,1.5708
2,438,11.6250,-0.6963,1.5303
2,439,11.6311,-0.5464,1.3636
2,440,11.6614,-0.4022,1.8052
2,441,11.6282,-0.2633,1.5924
2,442,11.6250,-0.1135,1.7468
2,443,11.5989,0.0331,2.1059
2,444,11.5235,0.1603,2.9239
2,445,11.4037,0.1868,-3.1212
2,446,11.2536,0.1837,-3.1212
2,447,11.1036,0.1807,-3.1212
2,448,10.9536,0.1776,-3.1241
2,449,10.8035,0.1750,3.1416
2,450,10.6535,0.1750,3.1416
2,451,10.5034,0.1750,3.1416
2,452,10.3533,0.1750,3.1416
2,453,10.2033,0.1750,3.1416
2,454,10.0532,0.1750,3.1416
2,455,9.9031,0.1750,3.1416
2,456,9.7531,0.1750,-3.1386
2,457,9.6030,0.1746,-3.1212
2,458,9.4530,0.1715,-3.1212
2,459,9.3029,0.1684,-3.1212
2,460,9.1529,0.1654,-3.0759
2,461,9.0057,0.1557,-3.0147
2,462,8.8632,0.1375,3.0314
2,463,8.7140,0.1540,3.0848
2,464,8.5644,0.1625,-2.9103
2,465,8.4252,0.1297,-3.1102
2,466,8.2754,0.1250,2.9387
2,467,8.1306,0.1548,2.5276
2,468,8.0107,0.2393,2.7420
2,469,7.8776,0.2955,2.9436
2,470,7.7306,0.3250,3.1416
2,471,7.5805,0.3250,3.1416
2,472,7.4304,0.3250,-3.1074
2,473,7.2805,0.3199,-2.9322
2,474,7.1400,0.2900,-3.0406
2,475,6.9918,0.2750,-3.1050
2,476,6.8424,0.2695,-2.8050
2,477,6.7023,0.2205,-2.6701
2,478,6.5723,0.1542,-2.9850
2,479,6.4240,0.1308,-3.1031
2,480,6.2744,0.1250,3.1416
2,481,6.1243,0.1250,-3.1257
2,482,5.9744,0.1226,-3.0792
2,483,5.8246,0.1133,-2.9471
2,484,5.6849,0.0857,-3.1245
2,485,5.5349,0.0832,-3.1245
2,486,5.3848,0.0806,-3.1245
2,487,5.2348,0.0781,-3.1245
2,488,5.0847,0.0755,-3.1245
2,489,4.9347,0.0729,-3.1245
2,490,4.7846,0.0704,-3.1245
2,491,4.6346,0.0678,-3.1245
2,492,4.4846,0.0652,-3.1245
2,493,4.3345,0.0627,-3.1324
2,494,4.1844,0.0613,-3.1330
2,495,4.0344,0.0600,-3.1330
2,496,3.8843,0.0587,-3.1330
2,497,3.7343,0.0574,-3.1330
2,498,3.5842,0.0561,-3.1330
2,499,3.4341,0.0548,-3.1330
2,500,3.2841,0.0535,-3.1330
2,501,3.1340,0.0522,-3.1330
2,502,2.9840,0.0509,-3.1330
2,503,2.8339,0.0496,-3.1330
2,504,2.6838,0.0484,-3.1330
2,505,2.5338,0.0471,-3.1330
2,506,2.3837,0.0458,-3.1330
2,507,2.2337,0.0445,-3.1330
2,508,2.0836,0.0432,-3.1330
2,509,1.9335,0.0419,-3.1330
2,510,1.7835,0.0406,-3.1330
2,511,1.6334,0.0393,-3.1330
2,512,1.4834,0.0380,-3.1228
2,513,1.3333,0.0352,-3.1164
2,514,1.1833,0.0314,-3.1164
2,515,1.0333,0.0276,-3.1164
2,516,0.8833,0.0238,-3.1164
2,517,0.7333,0.0201,-3.1164
3,0,0.8492,-1.4750,0.0000
3,1,0.9991,-1.4750,0.0174
3,2,1.1489,-1.4724,0.1203
3,3,1.2953,-1.4547,0.2063
3,4,1.4372,-1.4250,-0.0657
3,5,1.5859,-1.4348,-0.3475
3,6,1.7257,-1.4854,-0.4597
3,7,1.8592,-1.5515,-0.1590
3,8,2.0057,-1.5750,0.2002
3,9,2.1509,-1.5455,0.5894
3,10,2.2746,-1.4628,0.1048
3,11,2.4236,-1.4471,0.1031
3,12,2.5728,-1.4317,0.0447
3,13,2.7224,-1.4250,0.0000
3,14,2.8723,-1.4250,0.0000
3,15,3.0223,-1.4250,0.0000
3,16,3.1722,-1.4250,-0.0410
3,17,3.3218,-1.4311,-0.1031
3,18,3.4710,-1.4466,-0.1031
3,19,3.6201,-1.4620,-0.5886
3,20,3.7438,-1.5445,-0.2079
3,21,3.8882,-1.5750,0.3167
3,22,4.0284,-1.5291,0.6578
3,23,4.1468,-1.4376,0.1681
3,24,4.2918,-1.4130,0.0928
3,25,4.4411,-1.3991,0.0928
3,26,4.5903,-1.3852,0.0681
3,27,4.7398,-1.3750,0.0000
3,28,4.8898,-1.3750,0.0000
3,29,5.0397,-1.3750,0.0000
3,30,5.1896,-1.3750,0.0000
3,31,5.3396,-1.3750,0.0000
3,32,5.4895,-1.3750,0.0000
3,33,5.6395,-1.3750,-0.0663
3,34,5.7891,-1.3849,-0.0713
3,35,5.9386,-1.3956,-0.0713
3,36,6.0882,-1.4063,-0.3100
3,37,6.2253,-1.4502,-0.4765
3,38,6.3572,-1.5183,0.0330
3,39,6.5038,-1.5135,0.4444
3,40,6.6385,-1.4493,0.5599
3,41,6.7651,-1.3700,0.3053
3,42,6.9078,-1.3250,-0.0073
3,43,7.0576,-1.3261,-0.2947
3,44,7.1960,-1.3681,-0.0463
3,45,7.3453,-1.3750,0.2693
3,46,7.4839,-1.3368,0.0345
3,47,7.6337,-1.3316,0.0345
3,48,7.7836,-1.3264,0.0095
3,49,7.9335,-1.3250,0.0000
3,50,8.0834,-1.3250,0.0000
3,51,8.2334,-1.3250,0.0000
3,52,8.3833,-1.3250,-0.0051
3,53,8.5332,-1.3258,-0.0935
3,54,8.6825,-1.3398,-0.0935
3,55,8.8318,-1.3538,-0.2984
3,56,8.9701,-1.3963,-0.4891
3,57,9.1011,-1.4660,0.0064
3,58,9.2473,-1.4651,0.5057
3,59,9.3775,-1.3930,0.5859
3,60,9.5011,-1.3110,0.2453
3,61,9.6447,-1.2750,-0.0422
3,62,9.7942,-1.2813,-0.2741
3,63,9.9329,-1.3203,-0.0312
3,64,10.0826,-1.3250,-0.1405
3,65,10.2287,-1.3457,-0.4591
3,66,10.3611,-1.4111,-0.8095
3,67,10.4638,-1.5189,-1.3654
3,68,10.4944,-1.6657,-1.3654
3,69,10.5250,-1.8125,-1.5708
3,70,10.5250,-1.9624,-1.5708
3,71,10.5250,-2.1124,-1.5708
3,72,10.5250,-2.2623,-1.7142
3,73,10.5036,-2.4104,-1.7430
3,74,10.4779,-2.5581,-2.2892
3,75,10.3811,-2.6689,-1.6826
3,76,10.3646,-2.8160,-1.6447
3,77,10.3535,-2.9655,-1.6447
3,78,10.3424,-3.1150,-1.6447
3,79,10.3313,-3.2646,-1.6130
3,80,10.3250,-3.4143,-1.5708
3,81,10.3250,-3.5642,-1.5708
3,82,10.3250,-3.7142,-1.5708
3,83,10.3250,-3.8641,-1.5708
3,84,10.3250,-4.0140,-1.5708
3,85,10.3250,-4.1640,-1.5708
3,86,10.3250,-4.3139,-1.5708
3,87,10.3250,-4.4639,-1.5690
3,88,10.3253,-4.6138,-1.5512
3,89,10.3282,-4.7637,-1.5512
3,90,10.3311,-4.9136,-1.5512
3,91,10.3341,-5.0635,-1.5512
3,92,10.3370,-5.2134,-1.3694
3,93,10.3655,-5.3530,-1.5375
3,94,10.3705,-5.5028,-1.5375
3,95,10.3755,-5.6527,-1.5375
3,96,10.3805,-5.8026,-1.5375
3,97,10.3855,-5.9524,-1.5473
3,98,10.3890,-6.1023,-1.5538
3,99,10.3916,-6.2522,-1.5538
3,100,10.3941,-6.4021,-1.5538
3,101,10.3966,-6.5521,-1.5538
3,102,10.3992,-6.7020,-1.5538
3,103,10.4017,-6.8519,-1.5538
3,104,10.4043,-7.0018,-1.5538
3,105,10.4068,-7.1517,-1.5538
3,106,10.4094,-7.3017,-1.5538
3,107,10.4119,-7.4516,-1.4956
3,108,10.4231,-7.6010,-1.4773
3,109,10.4371,-7.7503,-1.4773
3,110,10.4511,-7.8996,-1.4773
3,111,10.4651,-8.0489,-1.4773
3,112,10.4791,-8.1982,-1.2022
3,113,10.5301,-8.3301,-0.9130
3,114,10.6190,-8.4452,-1.3734
3,115,10.6485,-8.5923,-1.3925
3,116,10.6750,-8.7396,-1.5708
3,117,10.6750,-8.8895,-1.5708
3,118,10.6750,-9.0395,-1.5708
3,119,10.6750,-9.1894,-1.7214
3,120,10.6526,-9.3371,-1.7682
3,121,10.6232,-9.4842,-2.1451
3,122,10.5449,-9.6051,-2.6767
3,123,10.4190,-9.6682,-3.0585
3,124,10.2696,-9.6807,-3.0585
3,125,10.1202,-9.6931,-3.0585
3,126,9.9708,-9.7056,-3.0585
3,127,9.8213,-9.7180,-3.0949
3,128,9.6717,-9.7250,3.1416
3,129,9.5218,-9.7250,3.1416
3,130,9.3718,-9.7250,3.1416
3,131,9.2219,-9.7250,3.1416
3,132,9.0719,-9.7250,3.1416
3,133,8.9220,-9.7250,3.1416
3,134,8.7720,-9.7250,3.1416
3,135,8.6221,-9.7250,3.1416
3,136,8.4722,-9.7250,-3.1368
3,137,8.3222,-9.7257,-3.1237
3,138,8.1723,-9.7284,-3.1237
3,139,8.0224,-9.7311,-3.1237
3,140,7.8725,-9.7338,-3.1237
3,141,7.7226,-9.7364,-2.9485
3,142,7.5830,-9.7637,-3.1194
3,143,7.4331,-9.7670,-3.1194
3,144,7.2832,-9.7704,-3.1194
3,145,7.1333,-9.7737,-3.1194
3,146,6.9834,-9.7770,-3.1194
3,147,6.8335,-9.7804,-3.1194
3,148,6.6836,-9.7837,-3.1194
3,149,6.5337,-9.7870,-3.1288
3,150,6.3837,-9.7889,-3.1304
3,151,6.2338,-9.7906,-3.1304
3,152,6.0839,-9.7923,-3.1304
3,153,5.9339,-9.7940,-3.1304
3,154,5.7840,-9.7957,-3.1304
3,155,5.6341,-9.7974,-3.1304
3,156,5.4841,-9.7991,-3.1304
3,157,5.3342,-9.8007,-3.1304
3,158,5.1843,-9.8024,-3.1304
3,159,5.0343,-9.8041,-3.1304
3,160,4.8844,-9.8058,-3.1304
3,161,4.7345,-9.8075,-3.1304
3,162,4.5846,-9.8092,-3.1304
3,163,4.4346,-9.8108,-3.1302
3,164,4.2847,-9.8126,-3.1194
3,165,4.1348,-9.8159,-3.1194
3,166,3.9849,-9.8192,-3.1194
3,167,3.8350,-9.8226,-3.1194
3,168,3.6851,-9.8259,-3.1194
3,169,3.5352,-9.8292,-3.1194
3,170,3.3853,-9.8325,-3.1194
3,171,3.2354,-9.8359,-2.9483
3,172,3.0958,-9.8632,-3.1249
3,173,2.9459,-9.8657,-3.1249
3,174,2.7960,-9.8682,-3.1249
3,175,2.6460,-9.8707,-3.1249
3,176,2.4961,-9.8732,-3.1295
3,177,2.3462,-9.8750,3.1416
3,178,2.1962,-9.8750,3.1416
3,179,2.0463,-9.8750,3.1416
3,180,1.8964,-9.8750,3.1416
3,181,1.7464,-9.8750,3.1416
3,182,1.5965,-9.8750,3.1416
3,183,1.4465,-9.8750,3.1416
3,184,1.2966,-9.8750,3.1416
3,185,1.1467,-9.8750,3.1416
3,186,0.9967,-9.8750,3.1275
3,187,0.8468,-9.8729,3.1093
3,188,0.6969,-9.8680,3.1093
3,189,0.5471,-9.8632,3.1093
3,190,0.3972,-9.8584,3.1093
3,191,0.2474,-9.8535,2.9636
3,192,0.1042,-9.8278,2.7825
3,193,-0.0343,-9.7758,-3.1050
3,194,-0.1833,-9.7812,-2.7821
3,195,-0.3228,-9.8337,-2.6837
3,196,-0.4562,-9.8994,-2.9687
3,197,-0.6027,-9.9250,3.0918
3,198,-0.7521,-9.9176,2.9177
3,199,-0.8913,-9.8859,3.1208
3,200,-1.0412,-9.8827,3.1208
3,201,-1.1912,-9.8796,3.1208
3,202,-1.3411,-9.8765,3.1317
3,203,-1.4910,-9.8750,3.1416
3,204,-1.6409,-9.8750,3.1416
3,205,-1.7909,-9.8750,3.1416
3,206,-1.9408,-9.8750,3.1416
3,207,-2.0908,-9.8750,3.1416
3,208,-2.2407,-9.8750,3.1416
3,209,-2.3906,-9.8750,3.1416
3,210,-2.5406,-9.8750,-3.1273
3,211,-2.6905,-9.8771,-3.1208
3,212,-2.8404,-9.8803,-3.1208
3,213,-2.9903,-9.8834,-3.1208
3,214,-3.1402,-9.8865,-2.9188
3,215,-3.2796,-9.9181,-3.0954
3,216,-3.4292,-9.9250,3.1416
3,217,-3.5792,-9.9250,-2.9822
3,218,-3.7260,-9.9486,-2.7167
3,219,-3.8586,-10.0086,-2.5738
3,220,-3.9799,-10.0860,-2.9442
3,221,-4.1270,-10.1154,-3.0772
3,222,-4.2759,-10.1250,3.1416
3,223,-4.4259,-10.1250,3.1406
3,224,-4.5758,-10.1248,2.9534
3,225,-4.7231,-10.0968,2.8466
3,226,-4.8637,-10.0541,2.5551
3,227,-4.9858,-9.9729,3.0529
3,228,-5.1351,-9.9597,3.0529
3,229,-5.2845,-9.9464,3.0529
3,230,-5.4338,-9.9331,3.0875
3,231,-5.5834,-9.9250,3.1416
3,232,-5.7333,-9.9250,3.1416
3,233,-5.8833,-9.9250,3.1416
3,234,-6.0332,-9.9250,3.1416
3,235,-6.1832,-9.9250,3.1416
3,236,-6.3331,-9.9250,3.1416
3,237,-6.4831,-9.9250,3.1081
3,238,-6.6329,-9.9200,3.0951
3,239,-6.7827,-9.9130,3.0951
3,240,-6.9324,-9.9060,3.0261
3,241,-7.0789,-9.8891,2.7609
3,242,-7.2155,-9.8344,3.0786
3,243,-7.3645,-9.8250,-3.0403
3,244,-7.5130,-9.8401,-2.7148
3,245,-7.6467,-9.9009,-3.0419
3,246,-7.7959,-9.9158,-3.0804
3,247,-7.9454,-9.9250,3.1416
3,248,-8.0954,-9.9250,3.1416
3,249,-8.2453,-9.9250,3.0007
3,250,-8.3926,-9.9041,2.8864
3,251,-8.5376,-9.8663,2.5832
3,252,-8.6605,-9.7895,2.2482
3,253,-8.7512,-9.6767,1.6220
3,254,-8.7589,-9.5270,1.6220
3,255,-8.7666,-9.3772,1.6220
3,256,-8.7742,-9.2275,1.6220
3,257,-8.7819,-9.0777,1.6220
3,258,-8.7896,-8.9280,1.6220
3,259,-8.7973,-8.7783,1.6220
3,260,-8.8049,-8.6285,1.6220
3,261,-8.8126,-8.4788,1.6220
3,262,-8.8203,-8.3290,1.6021
3,263,-8.8250,-8.1792,1.5708
3,264,-8.8250,-8.0293,1.5708
3,265,-8.8250,-7.8793,1.5708
3,266,-8.8250,-7.7294,1.5708
3,267,-8.8250,-7.5794,1.5708
3,268,-8.8250,-7.4295,1.5708
3,269,-8.8250,-7.2796,1.5708
3,270,-8.8250,-7.1296,1.5708
3,271,-8.8250,-6.9797,1.5708
3,272,-8.8250,-6.8297,1.5708
3,273,-8.8250,-6.6798,1.5708
3,274,-8.8250,-6.5299,1.5708
3,275,-8.8250,-6.3799,1.5708
3,276,-8.8250,-6.2300,1.5708
3,277,-8.8250,-6.0800,1.5708
3,278,-8.8250,-5.9301,1.5708
3,279,-8.8250,-5.7801,1.5708
3,280,-8.8250,-5.6302,1.5708
3,281,-8.8250,-5.4803,1.5787
3,282,-8.8262,-5.3303,1.5797
3,283,-8.8275,-5.1804,1.5797
3,284,-8.8289,-5.0305,1.5797
3,285,-8.8302,-4.8805,1.5797
3,286,-8.8315,-4.7306,1.5797
3,287,-8.8329,-4.5806,1.5797
3,288,-8.8342,-4.4307,1.5797
3,289,-8.8356,-4.2808,1.5797
3,290,-8.8369,-4.1308,1.7523
3,291,-8.8625,-3.9913,1.5667
3,292,-8.8619,-3.8413,1.4995
3,293,-8.8512,-3.6918,1.4995
3,294,-8.8405,-3.5422,1.5507
3,295,-8.8375,-3.3924,1.7563
3,296,-8.8637,-3.2528,1.6053
3,297,-8.8689,-3.1030,1.6053
3,298,-8.8740,-2.9531,1.5773
3,299,-8.8750,-2.8032,1.5708
3,300,-8.8750,-2.6532,1.5708
3,301,-8.8750,-2.5033,1.5708
3,302,-8.8750,-2.3534,1.5457
3,303,-8.8713,-2.2038,1.3961
3,304,-8.8452,-2.0561,1.3961
3,305,-8.8191,-1.9084,1.2374
3,306,-8.7718,-1.7718,0.7854
3,307,-8.6658,-1.6658,0.3232
3,308,-8.5262,-1.6191,0.2450
3,309,-8.3808,-1.5827,0.0516
3,310,-8.2318,-1.5750,0.0000
3,311,-8.0818,-1.5750,0.0000
3,312,-7.9319,-1.5750,-0.1067
3,313,-7.7830,-1.5910,-0.1355
3,314,-7.6345,-1.6112,-0.6546
3,315,-7.5175,-1.7010,-1.1466
3,316,-7.4565,-1.8361,-1.2508
3,317,-7.4113,-1.9725,-0.3827
3,318,-7.2808,-2.0250,-0.1581
3,319,-7.1349,-2.0483,-0.3907
3,320,-6.9968,-2.1051,-0.5586
3,321,-6.8696,-2.1846,-0.3815
3,322,-6.7317,-2.2400,-0.2373
3,323,-6.5868,-2.2750,0.0000
3,324,-6.4368,-2.2750,0.2561
3,325,-6.2941,-2.2376,0.5109
3,326,-6.1656,-2.1656,0.7854
3,327,-6.0596,-2.0596,0.4924
3,328,-5.9280,-1.9890,0.0953
3,329,-5.7814,-1.9750,-0.2367
3,330,-5.6412,-2.0088,-0.0247
3,331,-5.4928,-2.0125,0.0000
3,332,-5.3428,-2.0125,0.0000
3,333,-5.1929,-2.0125,0.0162
3,334,-5.0430,-2.0101,0.0256
3,335,-4.8931,-2.0062,0.0256
3,336,-4.7432,-2.0024,0.0256
3,337,-4.5933,-1.9985,0.0256
3,338,-4.4434,-1.9947,0.0256
3,339,-4.2935,-1.9909,0.0110
3,340,-4.1437,-1.9892,-0.0907
3,341,-3.9944,-2.0028,-0.0907
3,342,-3.8450,-2.0164,-0.0907
3,343,-3.6957,-2.0299,-0.3966
3,344,-3.5656,-2.0844,-0.6915
3,345,-3.4515,-2.1789,-0.3184
3,346,-3.3115,-2.2250,0.1081
3,347,-3.1650,-2.2091,0.5152
3,348,-3.0361,-2.1361,0.7608
3,349,-2.9280,-2.0332,0.4006
3,350,-2.7906,-1.9750,0.0410
3,351,-2.6429,-1.9689,0.9082
3,352,-2.5553,-1.8566,1.3016
3,353,-2.5160,-1.7141,0.9218
3,354,-2.4265,-1.5962,0.5529
3,355,-2.3020,-1.5194,0.1566
3,356,-2.1539,-1.4960,0.0115
3,357,-2.0049,-1.4943,-0.0713
3,358,-1.8553,-1.5050,-0.1262
3,359,-1.7071,-1.5238,-0.2573
3,360,-1.5621,-1.5619,-0.5328
3,361,-1.4355,-1.6366,-0.8568
3,362,-1.3384,-1.7486,-1.2526
3,363,-1.2923,-1.8887,-0.5663
3,364,-1.1731,-1.9645,-0.0709
3,365,-1.0254,-1.9750,-0.0452
3,366,-0.8764,-1.9817,-0.2783
3,367,-0.7322,-2.0229,-0.7598
3,368,-0.6242,-2.1256,-0.5342
3,369,-0.4963,-2.2012,0.2849
3,370,-0.3603,-2.1614,0.6673
3,371,-0.2430,-2.0690,0.6130
3,372,-0.1217,-1.9837,0.3805
3,373,0.0175,-1.9280,0.0200
3,374,0.1669,-1.9250,0.3324
3,375,0.3037,-1.8778,0.9981
3,376,0.3804,-1.7589,1.0930
3,377,0.4487,-1.6269,0.7502
3,378,0.5570,-1.5260,0.2433
3,379,0.7006,-1.4903,0.1029
4,0,0.5993,-0.2346,-3.1164
4,1,0.4494,-0.2384,-3.1164
4,2,0.2995,-0.2421,-3.1164
4,3,0.1496,-0.2459,-3.1164
4,4,-0.0002,-0.2497,-2.7354
4,5,-0.1344,-0.3074,-2.9850
4,6,-0.2825,-0.3308,-3.0522
4,7,-0.4317,-0.3442,-3.0792
4,8,-0.5814,-0.3535,-3.0838
4,9,-0.7310,-0.3622,3.0890
4,10,-0.8807,-0.3543,2.8466
4,11,-1.0191,-0.3123,3.0022
4,12,-1.1651,-0.2918,3.0772
4,13,-1.3147,-0.2821,3.0941
4,14,-1.4644,-0.2750,3.1416
4,15,-1.6143,-0.2750,3.1416
4,16,-1.7642,-0.2750,3.1416
4,17,-1.9142,-0.2750,3.1416
4,18,-2.0641,-0.2750,3.1045
4,19,-2.2139,-0.2694,3.0792
4,20,-2.3635,-0.2601,3.0792
4,21,-2.5131,-0.2507,2.6776
4,22,-2.6460,-0.1843,2.4497
4,23,-2.7612,-0.0888,2.2997
4,24,-2.8608,0.0227,2.1128
4,25,-2.9378,0.1507,1.8162
4,26,-2.9741,0.2953,1.5770
4,27,-2.9750,0.4452,-1.5708
4,28,-2.9750,0.3049,-1.6999
4,29,-2.9942,0.1567,-1.9800
4,30,-3.0534,0.0202,-2.2442
4,31,-3.1467,-0.0967,-2.5323
4,32,-3.2684,-0.1816,-2.7224
4,33,-3.4050,-0.2425,-2.8080
4,34,-3.5464,-0.2915,-2.9562
4,35,-3.6938,-0.3191,-3.1024
4,36,-3.8432,-0.3250,3.0913
4,37,-3.9927,-0.3175,3.0268
4,38,-4.1286,-0.3018,-2.9849
4,39,-4.2754,-0.3250,3.1416
4,40,-4.4253,-0.3250,3.0676
4,41,-4.5746,-0.3139,-3.1339
4,42,-4.7037,-0.3149,-3.0828
4,43,-4.8534,-0.3237,-3.1331
4,44,-5.0033,-0.3250,3.1416
4,45,-5.1532,-0.3250,-3.1306
4,46,-5.3031,-0.3267,-3.0828
4,47,-5.4527,-0.3355,-2.9501
4,48,-5.5923,-0.3625,3.1416
4,49,-5.7422,-0.3625,3.1375
4,50,-5.8921,-0.3619,3.1059
4,51,-6.0419,-0.3565,3.1059
4,52,-6.1918,-0.3512,3.1059
4,53,-6.3416,-0.3458,3.1059
4,54,-6.4914,-0.3405,3.1359
4,55,-6.6413,-0.3396,-3.1093
4,56,-6.7911,-0.3445,-3.1093
4,57,-6.9410,-0.3493,-2.7745
4,58,-7.0757,-0.4011,-3.1122
4,59,-7.2256,-0.4055,-3.1122
4,60,-7.3755,-0.4099,-3.1380
4,61,-7.5253,-0.4105,3.1093
4,62,-7.6752,-0.4056,3.1093
4,63,-7.8250,-0.4008,3.1093
4,64,-7.9749,-0.3960,3.1093
4,65,-8.1247,-0.3911,3.0962
4,66,-8.2745,-0.3843,3.0561
4,67,-8.4238,-0.3715,3.0561
4,68,-8.5732,-0.3587,2.9363
4,69,-8.7177,-0.3286,2.5749
4,70,-8.8437,-0.2485,2.3932
4,71,-8.9534,-0.1466,2.2432
4,72,-9.0466,-0.0295,1.9684
4,73,-9.1040,0.1072,1.6952
4,74,-9.1226,0.2560,1.6803
4,75,-9.1390,0.4049,1.6208
4,76,-9.1465,0.5547,1.6208
4,77,-9.1540,0.7044,1.6208
4,78,-9.1615,0.8542,1.4510
4,79,-9.1436,1.0027,1.4237
4,80,-9.1216,1.1510,1.1460
4,81,-9.0615,1.2839,0.9257
4,82,-8.9715,1.4035,0.7569
4,83,-8.8630,1.5060,0.3613
4,84,-8.7241,1.5585,0.1108
4,85,-8.5756,1.5750,0.0000
4,86,-8.4256,1.5750,1.0155
4,87,-8.3468,1.7021,1.4206
4,88,-8.3250,1.8459,1.5708
4,89,-8.3250,1.9958,1.9082
4,90,-8.3724,2.1310,2.3902
4,91,-8.4731,2.2250,3.1416
4,92,-8.6230,2.2250,3.0371
4,93,-8.7718,2.2406,2.8666
4,94,-8.9151,2.2810,3.0791
4,95,-9.0609,2.2902,-2.6785
4,96,-9.1931,2.2241,-2.9510
4,97,-9.3388,2.1960,-3.0119
4,98,-9.4874,2.1766,-3.1306
4,99,-9.6372,2.1750,3.1416
4,100,-9.7872,2.1750,3.1416
4,101,-9.9371,2.1750,-2.6767
4,102,-10.0698,2.1085,-2.4449
4,103,-10.1750,2.0204,-1.5708
4,104,-10.1750,1.8705,-1.6460
4,105,-10.1862,1.7214,-1.8251
4,106,-10.2235,1.5780,-2.2294
4,107,-10.3141,1.4609,-2.4460
4,108,-10.4288,1.3651,-2.5488
4,109,-10.5528,1.2816,-2.7744
4,110,-10.6927,1.2278,-3.1229
4,111,-10.8422,1.2250,-1.7669
4,112,-10.8701,1.0843,-1.7127
4,113,-10.8913,0.9359,-1.7127
4,114,-10.9125,0.7875,-1.5422
4,115,-10.9082,0.6376,-1.5422
4,116,-10.9039,0.4878,-1.5422
4,117,-10.8997,0.3379,-1.5422
4,118,-10.8954,0.1880,-1.5422
4,119,-10.8911,0.0382,-1.5150
4,120,-10.8828,-0.1112,-1.3734
4,121,-10.8533,-0.2583,-1.3734
4,122,-10.8239,-0.4053,-1.1626
4,123,-10.7722,-0.5250,-0.0364
4,124,-10.6228,-0.5304,-0.2863
4,125,-10.4801,-0.5725,-0.5560
4,126,-10.3531,-0.6513,-0.8167
4,127,-10.2515,-0.7596,-1.1137
4,128,-10.1853,-0.8940,-1.2490
4,129,-10.1379,-1.0363,-1.3853
4,130,-10.1105,-1.1821,-1.5428
4,131,-10.1063,-1.3319,-1.5428
4,132,-10.1021,-1.4818,-1.5428
4,133,-10.0979,-1.6317,-1.5428
4,134,-10.0937,-1.7815,-1.5428
4,135,-10.0895,-1.9314,-1.5428
4,136,-10.0853,-2.0813,-1.5428
4,137,-10.0811,-2.2311,-1.5428
4,138,-10.0769,-2.3810,-1.5579
4,139,-10.0750,-2.5309,-1.5708
4,140,-10.0750,-2.6808,-1.5708
4,141,-10.0750,-2.8308,-1.5708
4,142,-10.0750,-2.9807,-1.5708
4,143,-10.0750,-3.1306,-1.5708
4,144,-10.0750,-3.2806,-1.5708
4,145,-10.0750,-3.4305,-1.5708
4,146,-10.0750,-3.5804,-1.5708
4,147,-10.0750,-3.7303,-1.5708
4,148,-10.0750,-3.8803,-1.5708
4,149,-10.0750,-4.0302,-1.5708
4,150,-10.0750,-4.1801,-1.5708
4,151,-10.0750,-4.3301,-1.5708
4,152,-10.0750,-4.4800,-1.5708
4,153,-10.0750,-4.6299,-1.5708
4,154,-10.0750,-4.7798,-1.5688
4,155,-10.0747,-4.9298,-1.5607
4,156,-10.0732,-5.0797,-1.5607
4,157,-10.0717,-5.2296,-1.5607
4,158,-10.0702,-5.3795,-1.5607
4,159,-10.0686,-5.5295,-1.5607
4,160,-10.0671,-5.6794,-1.5607
4,161,-10.0656,-5.8293,-1.5607
4,162,-10.0641,-5.9792,-1.5607
4,163,-10.0626,-6.1291,-1.3826
4,164,-10.0360,-6.2687,-1.5567
4,165,-10.0339,-6.4186,-1.5567
4,166,-10.0318,-6.5685,-1.5567
4,167,-10.0297,-6.7184,-1.5567
4,168,-10.0276,-6.8684,-1.5567
4,169,-10.0254,-7.0183,-1.5678
4,170,-10.0250,-7.1682,-1.5708
4,171,-10.0250,-7.3181,-1.5708
4,172,-10.0250,-7.4681,-1.5708
4,173,-10.0250,-7.6180,-1.5708
4,174,-10.0250,-7.7679,-1.5708
4,175,-10.0250,-7.9178,-1.5708
4,176,-10.0250,-8.0678,-1.5708
4,177,-10.0250,-8.2177,-1.5708
4,178,-10.0250,-8.3676,-1.5708
4,179,-10.0250,-8.5176,-1.5708
4,180,-10.0250,-8.6675,-1.5739
4,181,-10.0255,-8.8174,-1.5978
4,182,-10.0295,-8.9673,-1.5978
4,183,-10.0336,-9.1172,-1.5978
4,184,-10.0376,-9.2670,-1.5978
4,185,-10.0417,-9.4169,-1.5978
4,186,-10.0457,-9.5668,-1.5978
4,187,-10.0498,-9.7166,-2.0465
4,188,-10.1179,-9.8488,-2.2660
4,189,-10.2137,-9.9637,-2.4160
4,190,-10.3256,-10.0629,-2.6039
4,191,-10.4538,-10.1394,-2.9025
4,192,-10.5988,-10.1748,-3.1400
4,193,-10.7487,-10.1750,-1.8849
4,194,-10.7948,-10.3167,-1.7760
4,195,-10.8250,-10.4620,-1.5708
4,196,-10.8250,-10.6119,-1.5708
4,197,-10.8250,-10.7619,-1.3842
4,198,-10.8008,-10.8899,-0.1002
4,199,-10.6516,-10.9049,-0.1002
4,200,-10.5025,-10.9199,-0.1002
4,201,-10.3533,-10.9349,-0.1002
4,202,-10.2041,-10.9499,-0.1002
4,203,-10.0549,-10.9649,-0.1002
4,204,-9.9058,-10.9799,-0.1002
4,205,-9.7566,-10.9949,-0.1002
4,206,-9.6074,-11.0099,-0.1002
4,207,-9.4582,-11.0249,-0.1002
4,208,-9.3091,-11.0399,-0.1002
4,209,-9.1599,-11.0549,-0.1002
4,210,-9.0107,-11.0699,-0.1002
4,211,-8.8615,-11.0849,-0.1002
4,212,-8.7124,-11.0999,-0.1002
4,213,-8.5632,-11.1149,-0.0676
4,214,-8.4138,-11.1250,0.0000
4,215,-8.2638,-11.1250,0.0000
4,216,-8.1139,-11.1250,0.0000
4,217,-7.9640,-11.1250,0.0000
4,218,-7.8140,-11.1250,0.0000
4,219,-7.6641,-11.1250,0.0000
4,220,-7.5142,-11.1250,0.0000
4,221,-7.3643,-11.1250,0.0000
4,222,-7.2143,-11.1250,0.0000
4,223,-7.0644,-11.1250,0.0000
4,224,-6.9145,-11.1250,0.0000
4,225,-6.7645,-11.1250,0.0000
4,226,-6.6146,-11.1250,0.0000
4,227,-6.4647,-11.1250,0.0000
4,228,-6.3148,-11.1250,0.0000
4,229,-6.1648,-11.1250,0.0000
4,230,-6.0149,-11.1250,0.0000
4,231,-5.8650,-11.1250,0.0000
4,232,-5.7150,-11.1250,0.0000
4,233,-5.5651,-11.1250,0.0000
4,234,-5.4152,-11.1250,0.0000
4,235,-5.2653,-11.1250,0.0000
4,236,-5.1153,-11.1250,0.0000
4,237,-4.9654,-11.1250,0.0000
4,238,-4.8155,-11.1250,0.0000
4,239,-4.6655,-11.1250,0.0000
4,240,-4.5156,-11.1250,0.0000
4,241,-4.3657,-11.1250,0.0000
4,242,-4.2158,-11.1250,0.0000
4,243,-4.0658,-11.1250,0.0000
4,244,-3.9159,-11.1250,0.0000
4,245,-3.7660,-11.1250,-0.0084
4,246,-3.6160,-11.1263,-0.0104
4,247,-3.4661,-11.1278,-0.0104
4,248,-3.3162,-11.1294,-0.0104
4,249,-3.1663,-11.1309,-0.0104
4,250,-3.0164,-11.1325,-0.0104
4,251,-2.8664,-11.1340,-0.0104
4,252,-2.7165,-11.1356,-0.0104
4,253,-2.5666,-11.1371,-0.0104
4,254,-2.4167,-11.1387,-0.0104
4,255,-2.2668,-11.1402,-0.0104
4,256,-2.1168,-11.1418,-0.0104
4,257,-1.9669,-11.1433,-0.0104
4,258,-1.8170,-11.1449,-0.0104
4,259,-1.6671,-11.1465,-0.0104
4,260,-1.5172,-11.1480,-0.0104
4,261,-1.3672,-11.1496,-0.3373
4,262,-1.2287,-11.1982,-0.7271
4,263,-1.1169,-11.2976,-0.8814
4,264,-1.0222,-11.4125,0.3063
4,265,-0.8921,-11.3713,0.8458
4,266,-0.7930,-11.2595,0.6175
4,267,-0.6717,-11.1733,0.1842
4,268,-0.5273,-11.1464,0.0363
4,269,-0.3775,-11.1410,0.0363
4,270,-0.2277,-11.1356,0.0363
4,271,-0.0778,-11.1301,0.0340
4,272,0.0720,-11.1250,0.0000
4,273,0.2219,-11.1250,0.0000
4,274,0.3719,-11.1250,0.0000
4,275,0.5218,-11.1250,0.0000
4,276,0.6717,-11.1250,0.0000
4,277,0.8216,-11.1250,0.0000
4,278,0.9716,-11.1250,0.0000
4,279,1.1215,-11.1250,0.0000
4,280,1.2714,-11.1250,0.0108
4,281,1.4213,-11.1234,0.0192
4,282,1.5712,-11.1205,0.0192
4,283,1.7211,-11.1176,0.0192
4,284,1.8710,-11.1147,0.1828
4,285,2.0112,-11.0888,0.0365
4,286,2.1605,-11.0834,0.0278
4,287,2.3103,-11.0792,0.0278
4,288,2.4602,-11.0751,0.0278
4,289,2.6101,-11.0709,0.0278
4,290,2.7600,-11.0667,0.0278
4,291,2.9098,-11.0626,0.0143
4,292,3.0597,-11.0604,0.0141
4,293,3.2097,-11.0583,0.0141
4,294,3.3596,-11.0562,0.0141
4,295,3.5095,-11.0541,0.0141
4,296,3.6594,-11.0520,0.0141
4,297,3.8093,-11.0499,0.0141
4,298,3.9592,-11.0478,0.0141
4,299,4.1091,-11.0456,0.0141
4,300,4.2590,-11.0435,0.0141
4,301,4.4090,-11.0414,0.0141
4,302,4.5589,-11.0393,0.0083
4,303,4.7088,-11.0381,-0.0263
4,304,4.8587,-11.0420,-0.0263
4,305,5.0085,-11.0459,-0.0263
4,306,5.1584,-11.0499,-0.0263
4,307,5.3083,-11.0538,-0.0263
4,308,5.4582,-11.0578,-0.0263
4,309,5.6080,-11.0617,-0.4416
4,310,5.7408,-11.1245,-0.1980
4,311,5.8861,-11.1536,-0.1297
4,312,6.0347,-11.1730,-0.0133
4,313,6.1845,-11.1750,0.0000
4,314,6.3345,-11.1750,0.0000
4,315,6.4844,-11.1750,0.1480
4,316,6.6325,-11.1529,0.1651
4,317,6.7804,-11.1283,0.5330
4,318,6.9082,-11.0529,0.2233
4,319,7.0496,-11.0208,0.0425
4,320,7.1994,-11.0144,0.0425
4,321,7.3492,-11.0080,0.0425
4,322,7.4990,-11.0016,0.0425
4,323,7.6488,-10.9953,0.0425
4,324,7.7986,-10.9889,0.0425
4,325,7.9484,-10.9825,0.0425
4,326,8.0982,-10.9761,0.0076
4,327,8.2481,-10.9750,0.0000
4,328,8.3980,-10.9750,0.0000
4,329,8.5479,-10.9750,0.0000
4,330,8.6978,-10.9750,0.0000
4,331,8.8478,-10.9750,0.0000
4,332,8.9977,-10.9750,0.0000
4,333,9.1476,-10.9750,0.0000
4,334,9.2976,-10.9750,0.0000
4,335,9.4475,-10.9750,0.0000
4,336,9.5974,-10.9750,0.0000
4,337,9.7473,-10.9750,0.0000
4,338,9.8973,-10.9750,0.0000
4,339,10.0472,-10.9750,0.0000
4,340,10.1971,-10.9750,0.0148
4,341,10.3469,-10.9728,0.1008
4,342,10.4961,-10.9577,0.1008
4,343,10.6453,-10.9426,0.1008
4,344,10.7945,-10.9275,0.1008
4,345,10.9436,-10.9124,0.1008
4,346,11.0928,-10.8974,0.1008
4,347,11.2420,-10.8823,0.1008
4,348,11.3911,-10.8672,1.0771
4,349,11.4489,-10.7598,1.4799
4,350,11.4625,-10.6106,1.7503
4,351,11.4372,-10.4711,1.5904
4,352,11.4342,-10.3212,1.5904
4,353,11.4313,-10.1713,1.5904
4,354,11.4284,-10.0214,1.5904
4,355,11.4254,-9.8715,1.5736
4,356,11.4250,-9.7215,1.5708
4,357,11.4250,-9.5716,1.5708
4,358,11.4250,-9.4217,1.5708
4,359,11.4250,-9.2718,1.5708
4,360,11.4250,-9.1218,1.5708
4,361,11.4250,-8.9719,1.5708
4,362,11.4250,-8.8220,1.5708
4,363,11.4250,-8.6720,1.5810
4,364,11.4235,-8.5221,1.5904
4,365,11.4205,-8.3722,1.5904
4,366,11.4176,-8.2223,1.5904
4,367,11.4147,-8.0724,1.7637
4,368,11.3874,-7.9329,1.5916
4,369,11.3843,-7.7830,1.5916
4,370,11.3812,-7.6331,1.5916
4,371,11.3780,-7.4832,1.5916
4,372,11.3749,-7.3333,1.5916
4,373,11.3718,-7.1834,1.5916
4,374,11.3687,-7.0335,1.5916
4,375,11.3655,-6.8836,1.5914
4,376,11.3625,-6.7337,1.5813
4,377,11.3609,-6.5838,1.5813
4,378,11.3593,-6.4339,1.5813
4,379,11.3577,-6.2840,1.5813
4,380,11.3561,-6.1340,1.5813
4,381,11.3546,-5.9841,1.5813
4,382,11.3530,-5.8342,1.5813
4,383,11.3514,-5.6843,1.5813
4,384,11.3498,-5.5344,1.5813
4,385,11.3483,-5.3844,1.5813
4,386,11.3467,-5.2345,1.5813
4,387,11.3451,-5.0846,1.5813
4,388,11.3435,-4.9347,1.5813
4,389,11.3419,-4.7848,1.5813
4,390,11.3404,-4.6348,1.5813
4,391,11.3388,-4.4849,1.5832
4,392,11.3369,-4.3350,1.5916
4,393,11.3338,-4.1851,1.5916
4,394,11.3307,-4.0352,1.5916
4,395,11.3276,-3.8853,1.5916
4,396,11.3244,-3.7354,1.5916
4,397,11.3213,-3.5855,1.5916
4,398,11.3182,-3.4356,1.5916
4,399,11.3151,-3.2857,1.7205
4,400,11.2936,-3.1436,1.6369
4,401,11.2839,-2.9963,1.5964
4,402,11.2800,-2.8464,1.5964
4,403,11.2762,-2.6965,1.5788
4,404,11.2750,-2.5466,1.5708
4,405,11.2750,-2.3967,1.5708
4,406,11.2750,-2.2468,1.5708
4,407,11.2750,-2.0968,1.5708
4,408,11.2750,-1.9469,1.5708
4,409,11.2750,-1.7970,1.5536
4,410,11.2776,-1.6471,1.5221
4,411,11.2849,-1.4974,1.5221
4,412,11.2922,-1.3476,1.5221
4,413,11.2995,-1.1979,1.1842
4,414,11.3543,-1.0633,1.4841
4,415,11.3673,-0.9139,1.5192
4,416,11.3750,-0.7643,1.5708
4,417,11.3750,-0.6144,1.5708
4,418,11.3750,-0.4645,1.6376
4,419,11.3654,-0.3208,2.7315
4,420,11.2279,-0.2610,2.7315
4,421,11.0904,-0.2013,2.7315
4,422,10.9529,-0.1415,2.7315
4,423,10.8154,-0.0817,3.0965
4,424,10.6669,-0.0750,3.1416
4,425,10.5170,-0.0750,3.1416
4,426,10.3670,-0.0750,3.1416
4,427,10.2171,-0.0750,3.1416
4,428,10.0672,-0.0750,3.1416
4,429,9.9172,-0.0750,3.1416
4,430,9.7673,-0.0750,-3.1370
4,431,9.6174,-0.0757,-3.1203
4,432,9.4675,-0.0789,-3.1203
4,433,9.3176,-0.0821,-3.1203
4,434,9.1677,-0.0853,-2.9416
4,435,9.0282,-0.1135,-3.0649
4,436,8.8789,-0.1250,3.1416
4,437,8.7290,-0.1250,2.8916
4,438,8.5893,-0.0893,-2.9157
4,439,8.4510,-0.1212,-3.1159
4,440,8.3012,-0.1250,3.0790
4,441,8.1525,-0.1157,2.8810
4,442,8.0077,-0.0770,2.5706
4,443,7.8818,0.0038,2.8201
4,444,7.7413,0.0506,2.9770
4,445,7.5942,0.0750,3.1416
4,446,7.4443,0.0750,-3.1038
4,447,7.2946,0.0693,-2.8855
4,448,7.1556,0.0329,-3.0884
4,449,7.0063,0.0250,-2.9751
4,450,6.8596,0.0004,-2.6903
4,451,6.7258,-0.0645,-2.8768
4,452,6.5834,-0.1031,-2.9950
4,453,6.4351,-0.1250,3.1416
4,454,6.2852,-0.1250,3.1416
4,455,6.1353,-0.1250,-3.1095
4,456,5.9855,-0.1298,-2.9566
4,457,5.8436,-0.1564,-3.0836
4,458,5.6963,-0.1649,-3.1245
4,459,5.5464,-0.1675,-3.1245
4,460,5.3965,-0.1700,-3.1245
4,461,5.2466,-0.1726,-3.1245
4,462,5.0966,-0.1752,-3.1245
4,463,4.9467,-0.1777,-3.1245
4,464,4.7968,-0.1803,-3.1245
4,465,4.6469,-0.1829,-3.1245
4,466,4.4970,-0.1854,-3.1261
4,467,4.3471,-0.1877,-3.1330
4,468,4.1972,-0.1890,-3.1330
4,469,4.0473,-0.1903,-3.1330
4,470,3.8973,-0.1916,-3.1330
4,471,3.7474,-0.1929,-3.1330
4,472,3.5975,-0.1942,-3.1330
4,473,3.4476,-0.1955,-3.1330
4,474,3.2976,-0.1968,-3.1330
4,475,3.1477,-0.1981,-3.1330
4,476,2.9978,-0.1994,-3.1330
4,477,2.8479,-0.2007,-3.1330
4,478,2.6980,-0.2020,-3.1330
4,479,2.5480,-0.2032,-3.1330
4,480,2.3981,-0.2045,-3.1330
4,481,2.2482,-0.2058,-3.1330
4,482,2.0983,-0.2071,-3.1330
4,483,1.9483,-0.2084,-3.1330
4,484,1.7984,-0.2097,-3.1330
4,485,1.6485,-0.2110,-3.1330
4,486,1.4986,-0.2123,-3.1190
4,487,1.3487,-0.2157,-3.1164
4,488,1.1988,-0.2195,-3.1164
4,489,1.0489,-0.2232,-3.1164
4,490,0.8990,-0.2270,-3.1164
4,491,0.7492,-0.2308,-3.1164
5,0,0.8152,-1.2250,0.0000
5,1,0.9652,-1.2250,0.0251
5,2,1.1151,-1.2212,0.1958
5,3,1.2569,-1.1931,0.1227
5,4,1.4039,-1.1750,0.0000
5,5,1.5540,-1.1750,-0.1952
5,6,1.7007,-1.2040,-0.4620
5,7,1.8338,-1.2703,-0.1179
5,8,1.9791,-1.2875,0.3159
5,9,2.1197,-1.2415,0.2436
5,10,2.2636,-1.2058,0.0880
5,11,2.4130,-1.1926,0.0880
5,12,2.5625,-1.1794,0.0294
5,13,2.7124,-1.1750,0.0000
5,14,2.8625,-1.1750,0.0000
5,15,3.0125,-1.1750,0.0000
5,16,3.1626,-1.1750,-0.0156
5,17,3.3125,-1.1773,-0.0935
5,18,3.4619,-1.1914,-0.0935
5,19,3.6113,-1.2054,-0.3125
5,20,3.7506,-1.2504,-0.2126
5,21,3.8900,-1.2805,0.3895
5,22,4.0248,-1.2252,0.3898
5,23,4.1594,-1.1698,0.0867
5,24,4.3089,-1.1568,0.0867
5,25,4.4584,-1.1438,0.0867
5,26,4.6079,-1.1308,0.0389
5,27,4.7577,-1.1250,0.0000
5,28,4.9078,-1.1250,0.0000
5,29,5.0579,-1.1250,0.0000
5,30,5.2079,-1.1250,0.0000
5,31,5.3580,-1.1250,0.0000
5,32,5.5080,-1.1250,0.0000
5,33,5.6581,-1.1250,-0.0591
5,34,5.8079,-1.1339,-0.0666
5,35,5.9576,-1.1438,-0.0666
5,36,6.1073,-1.1538,-0.1270
5,37,6.2543,-1.1726,-0.4449
5,38,6.3863,-1.2355,0.1500
5,39,6.5328,-1.2134,0.5191
5,40,6.6631,-1.1389,0.3087
5,41,6.8054,-1.0936,0.1251
5,42,6.9530,-1.0750,-0.0207
5,43,7.1029,-1.0781,-0.2423
5,44,7.2421,-1.1125,0.1712
5,45,7.3891,-1.0871,0.0294
5,46,7.5391,-1.0827,0.0294
5,47,7.6891,-1.0783,0.0217
5,48,7.8391,-1.0750,0.0000
5,49,7.9891,-1.0750,0.0000
5,50,8.1392,-1.0750,0.0000
5,51,8.2893,-1.0750,0.0000
5,52,8.4393,-1.0750,-0.0224
5,53,8.5893,-1.0784,-0.0855
5,54,8.7388,-1.0912,-0.0855
5,55,8.8883,-1.1040,-0.2374
5,56,9.0308,-1.1385,-0.3128
5,57,9.1670,-1.1825,0.3114
5,58,9.3056,-1.1380,0.5130
5,59,9.4351,-1.0650,0.2698
5,60,9.5796,-1.0250,0.0000
5,61,9.7297,-1.0250,-0.0773
5,62,9.8791,-1.0366,-0.2646
5,63,10.0181,-1.0742,-0.0051
5,64,10.1681,-1.0750,-0.1026
5,65,10.3169,-1.0903,-0.3468
5,66,10.4566,-1.1408,-0.7417
5,67,10.5665,-1.2415,-0.9180
5,68,10.6575,-1.3605,-1.1134
5,69,10.7222,-1.4920,-1.3941
5,70,10.7486,-1.6398,-1.3941
5,71,10.7750,-1.7875,-1.5708
5,72,10.7750,-1.9376,-1.5708
5,73,10.7750,-2.0876,-1.5708
5,74,10.7750,-2.2377,-1.6446
5,75,10.7640,-2.3869,-1.7179
5,76,10.7420,-2.5354,-1.8170
5,77,10.7060,-2.6785,-2.1458
5,78,10.6247,-2.8040,-1.6476
5,79,10.6132,-2.9536,-1.6476
5,80,10.6017,-3.1032,-1.6476
5,81,10.5902,-3.2528,-1.6476
5,82,10.5787,-3.4025,-1.5952
5,83,10.5750,-3.5524,-1.5708
5,84,10.5750,-3.7024,-1.5708
5,85,10.5750,-3.8525,-1.5708
5,86,10.5750,-4.0026,-1.5708
5,87,10.5750,-4.1526,-1.5708
5,88,10.5750,-4.3027,-1.5708
5,89,10.5750,-4.4528,-1.5704
5,90,10.5751,-4.6028,-1.5495
5,91,10.5783,-4.7528,-1.5495
5,92,10.5814,-4.9029,-1.5495
5,93,10.5846,-5.0529,-1.4764
5,94,10.5984,-5.1984,-1.4540
5,95,10.6153,-5.3426,-1.5491
5,96,10.6186,-5.4926,-1.5491
5,97,10.6219,-5.6427,-1.5498
5,98,10.6250,-5.7927,-1.5708
5,99,10.6250,-5.9428,-1.5708
5,100,10.6250,-6.0928,-1.5708
5,101,10.6250,-6.2429,-1.5708
5,102,10.6250,-6.3929,-1.5708
5,103,10.6250,-6.5430,-1.5708
5,104,10.6250,-6.6931,-1.5708
5,105,10.6250,-6.8431,-1.5591
5,106,10.6268,-6.9932,-1.5491
5,107,10.6300,-7.1432,-1.5491
5,108,10.6333,-7.2932,-1.5491
5,109,10.6365,-7.4433,-1.3465
5,110,10.6684,-7.5827,-1.5264
5,111,10.6750,-7.7325,-1.5708
5,112,10.6750,-7.8826,-1.3988
5,113,10.7005,-8.0292,-1.2731
5,114,10.7443,-8.1720,-0.9505
5,115,10.8315,-8.2941,-1.2413
5,116,10.8789,-8.4328,-1.4001
5,117,10.9044,-8.5807,-1.4330
5,118,10.9250,-8.7290,-1.5708
5,119,10.9250,-8.8791,-1.5708
5,120,10.9250,-9.0291,-1.5708
5,121,10.9250,-9.1792,-1.6113
5,122,10.9189,-9.3290,-1.6476
5,123,10.9074,-9.4787,-1.7847
5,124,10.8761,-9.6228,-2.2313
5,125,10.7852,-9.7398,-2.4472
5,126,10.6702,-9.8355,-2.5828
5,127,10.5449,-9.9139,-3.0611
5,128,10.3953,-9.9260,-3.0611
5,129,10.2457,-9.9380,-3.0611
5,130,10.0962,-9.9501,-3.0611
5,131,9.9466,-9.9622,-3.0611
5,132,9.7970,-9.9742,-3.1365
5,133,9.6470,-9.9750,3.1416
5,134,9.4969,-9.9750,3.1416
5,135,9.3469,-9.9750,3.1416
5,136,9.1968,-9.9750,3.1416
5,137,9.0467,-9.9750,3.1416
5,138,8.8967,-9.9750,3.1416
5,139,8.7466,-9.9750,3.1416
5,140,8.5965,-9.9750,3.1416
5,141,8.4465,-9.9750,-3.1278
5,142,8.2964,-9.9771,-3.1237
5,143,8.1464,-9.9798,-3.1237
5,144,7.9964,-9.9824,-3.1237
5,145,7.8463,-9.9851,-3.0465
5,146,7.7010,-9.9990,-3.0283
5,147,7.5566,-10.0154,-3.1194
5,148,7.4066,-10.0187,-3.1194
5,149,7.2565,-10.0221,-3.1194
5,150,7.1065,-10.0254,-3.1194
5,151,6.9565,-10.0287,-3.1194
5,152,6.8065,-10.0321,-3.1194
5,153,6.6564,-10.0354,-3.1235
5,154,6.5064,-10.0381,-3.1304
5,155,6.3564,-10.0398,-3.1304
5,156,6.2063,-10.0415,-3.1304
5,157,6.0562,-10.0432,-3.1304
5,158,5.9062,-10.0449,-3.1304
5,159,5.7561,-10.0466,-3.1304
5,160,5.6061,-10.0482,-3.1304
5,161,5.4560,-10.0499,-3.1304
5,162,5.3060,-10.0516,-3.1304
5,163,5.1559,-10.0533,-3.1304
5,164,5.0059,-10.0550,-3.1304
5,165,4.8558,-10.0567,-3.1304
5,166,4.7058,-10.0584,-3.1304
5,167,4.5557,-10.0600,-3.1304
5,168,4.4057,-10.0617,-3.1244
5,169,4.2556,-10.0643,-3.1194
5,170,4.1056,-10.0677,-3.1194
5,171,3.9556,-10.0710,-3.1194
5,172,3.8055,-10.0743,-3.1194
5,173,3.6555,-10.0777,-3.1194
5,174,3.5055,-10.0810,-3.1194
5,175,3.3555,-10.0843,-3.0864
5,176,3.2075,-10.0925,-2.9878
5,177,3.0657,-10.1145,-3.1255
5,178,2.9157,-10.1169,-3.1255
5,179,2.7657,-10.1193,-3.1255
5,180,2.6156,-10.1217,-3.1255
5,181,2.4656,-10.1241,-3.1359
5,182,2.3155,-10.1250,3.1416
5,183,2.1655,-10.1250,3.1416
5,184,2.0154,-10.1250,3.1416
5,185,1.8653,-10.1250,3.1416
5,186,1.7153,-10.1250,3.1416
5,187,1.5652,-10.1250,3.1416
5,188,1.4151,-10.1250,3.1416
5,189,1.2651,-10.1250,3.1416
5,190,1.1150,-10.1250,3.1416
5,191,0.9650,-10.1250,3.1265
5,192,0.8149,-10.1227,3.1104
5,193,0.6649,-10.1180,3.1104
5,194,0.5149,-10.1134,3.1104
5,195,0.3650,-10.1087,3.1104
5,196,0.2150,-10.1040,3.0293
5,197,0.0688,-10.0875,2.7070
5,198,-0.0659,-10.0250,-2.9539
5,199,-0.2110,-10.0525,-2.6354
5,200,-0.3419,-10.1251,-2.8650
5,201,-0.4853,-10.1658,-3.0802
5,202,-0.6343,-10.1750,3.0978
5,203,-0.7840,-10.1684,2.9141
5,204,-0.9234,-10.1362,3.1199
5,205,-1.0734,-10.1329,3.1199
5,206,-1.2234,-10.1297,3.1199
5,207,-1.3735,-10.1264,3.1323
5,208,-1.5235,-10.1250,3.1416
5,209,-1.6736,-10.1250,3.1416
5,210,-1.8236,-10.1250,3.1416
5,211,-1.9737,-10.1250,3.1416
5,212,-2.1238,-10.1250,3.1416
5,213,-2.2738,-10.1250,3.1416
5,214,-2.4239,-10.1250,-3.1399
5,215,-2.5739,-10.1252,-3.1199
5,216,-2.7240,-10.1285,-3.1199
5,217,-2.8740,-10.1318,-3.1199
5,218,-3.0240,-10.1350,-2.9466
5,219,-3.1637,-10.1626,-3.0589
5,220,-3.3131,-10.1750,3.1416
5,221,-3.4632,-10.1750,-2.9664
5,222,-3.6099,-10.2010,-2.7575
5,223,-3.7472,-10.2565,-2.6272
5,224,-3.8762,-10.3294,-2.9764
5,225,-4.0242,-10.3540,-3.0012
5,226,-4.1725,-10.3750,3.1416
5,227,-4.3226,-10.3750,3.1416
5,228,-4.4727,-10.3750,3.1166
5,229,-4.6224,-10.3713,2.9764
5,230,-4.7704,-10.3466,2.9247
5,231,-4.9156,-10.3146,2.5536
5,232,-5.0404,-10.2314,3.0159
5,233,-5.1880,-10.2127,3.0529
5,234,-5.3375,-10.1994,3.0529
5,235,-5.4870,-10.1862,3.0671
5,236,-5.6365,-10.1750,3.1416
5,237,-5.7866,-10.1750,3.1416
5,238,-5.9367,-10.1750,3.1416
5,239,-6.0867,-10.1750,3.1416
5,240,-6.2368,-10.1750,3.1416
5,241,-6.3869,-10.1750,3.1416
5,242,-6.5369,-10.1750,3.1100
5,243,-6.6869,-10.1703,3.0940
5,244,-6.8368,-10.1631,3.0940
5,245,-6.9867,-10.1560,3.0097
5,246,-7.1325,-10.1366,2.7458
5,247,-7.2690,-10.0796,3.1203
5,248,-7.4183,-10.0765,-2.7760
5,249,-7.5566,-10.1294,-2.9297
5,250,-7.6999,-10.1602,-3.0509
5,251,-7.8494,-10.1738,-3.1336
5,252,-7.9994,-10.1750,3.1416
5,253,-8.1495,-10.1750,3.1416
5,254,-8.2995,-10.1750,3.0768
5,255,-8.4492,-10.1653,3.0549
5,256,-8.5987,-10.1523,2.7294
5,257,-8.7345,-10.0929,2.4633
5,258,-8.8511,-9.9989,2.3132
5,259,-8.9523,-9.8886,2.1297
5,260,-9.0316,-9.7619,1.7094
5,261,-9.0519,-9.6162,1.5882
5,262,-9.0545,-9.4661,1.5882
5,263,-9.0571,-9.3161,1.5882
5,264,-9.0597,-9.1661,1.5882
5,265,-9.0623,-9.0160,1.5882
5,266,-9.0649,-8.8660,1.5882
5,267,-9.0675,-8.7159,1.5882
5,268,-9.0702,-8.5659,1.5882
5,269,-9.0728,-8.4159,1.5857
5,270,-9.0750,-8.2658,1.5708
5,271,-9.0750,-8.1157,1.5708
5,272,-9.0750,-7.9657,1.5708
5,273,-9.0750,-7.8156,1.5708
5,274,-9.0750,-7.6656,1.5708
5,275,-9.0750,-7.5155,1.5708
5,276,-9.0750,-7.3654,1.5708
5,277,-9.0750,-7.2154,1.5708
5,278,-9.0750,-7.0653,1.5708
5,279,-9.0750,-6.9152,1.5708
5,280,-9.0750,-6.7652,1.5708
5,281,-9.0750,-6.6151,1.5708
5,282,-9.0750,-6.4651,1.5708
5,283,-9.0750,-6.3150,1.5708
5,284,-9.0750,-6.1649,1.5708
5,285,-9.0750,-6.0149,1.5708
5,286,-9.0750,-5.8648,1.5708
5,287,-9.0750,-5.7147,1.5708
5,288,-9.0750,-5.5647,1.5766
5,289,-9.0759,-5.4146,1.5797
5,290,-9.0772,-5.2646,1.5797
5,291,-9.0786,-5.1145,1.5797
5,292,-9.0799,-4.9645,1.5797
5,293,-9.0812,-4.8144,1.5797
5,294,-9.0826,-4.6643,1.5797
5,295,-9.0839,-4.5143,1.5797
5,296,-9.0853,-4.3642,1.5797
5,297,-9.0866,-4.2142,1.7542
5,298,-9.1125,-4.0745,1.5708
5,299,-9.1125,-3.9244,1.5111
5,300,-9.1035,-3.7747,1.4995
5,301,-9.0929,-3.6250,1.5351
5,302,-9.0875,-3.4751,1.7483
5,303,-9.1126,-3.3354,1.6030
5,304,-9.1174,-3.1854,1.6030
5,305,-9.1222,-3.0354,1.5892
5,306,-9.1250,-2.8854,1.5708
5,307,-9.1250,-2.7353,1.5708
5,308,-9.1250,-2.5853,1.5708
5,309,-9.1250,-2.4352,1.5708
5,310,-9.1250,-2.2852,1.5454
5,311,-9.1212,-2.1352,1.5120
5,312,-9.1124,-1.9854,1.5120
5,313,-9.1036,-1.8356,1.2704
5,314,-9.0600,-1.6951,0.9516
5,315,-8.9731,-1.5731,0.7748
5,316,-8.8660,-1.4682,0.6001
5,317,-8.7425,-1.3838,0.2745
5,318,-8.6007,-1.3438,0.0831
5,319,-8.4511,-1.3313,0.0423
5,320,-8.3013,-1.3250,0.0000
5,321,-8.1513,-1.3250,0.0000
5,322,-8.0012,-1.3250,-0.0132
5,323,-7.8512,-1.3270,-0.0831
5,324,-7.7017,-1.3394,-0.1405
5,325,-7.5545,-1.3603,-0.5946
5,326,-7.4317,-1.4433,-0.8428
5,327,-7.3322,-1.5550,-0.9505
5,328,-7.2450,-1.6771,-0.7345
5,329,-7.1365,-1.7750,-0.3524
5,330,-6.9984,-1.8258,-0.5420
5,331,-6.8700,-1.9031,-0.5101
5,332,-6.7395,-1.9762,-0.3334
5,333,-6.5985,-2.0250,0.1078
5,334,-6.4518,-2.0091,0.5796
5,335,-6.3283,-1.9283,0.7148
5,336,-6.2152,-1.8302,0.5239
5,337,-6.0858,-1.7554,0.1888
5,338,-5.9389,-1.7273,0.0154
5,339,-5.7890,-1.7250,-0.0635
5,340,-5.6395,-1.7345,-0.1980
5,341,-5.4999,-1.7625,0.0000
5,342,-5.3499,-1.7625,0.0000
5,343,-5.1998,-1.7625,0.0065
5,344,-5.0497,-1.7615,0.0256
5,345,-4.8997,-1.7577,0.0256
5,346,-4.7497,-1.7538,0.0256
5,347,-4.5997,-1.7500,0.0256
5,348,-4.4497,-1.7461,0.0256
5,349,-4.2997,-1.7423,0.0256
5,350,-4.1497,-1.7385,-0.0589
5,351,-4.0000,-1.7473,-0.0867
5,352,-3.8505,-1.7603,-0.0867
5,353,-3.7010,-1.7733,-0.0867
5,354,-3.5515,-1.7863,-0.5719
5,355,-3.4269,-1.8665,-0.4204
5,356,-3.2929,-1.9264,0.4254
5,357,-3.1713,-1.8713,0.5191
5,358,-3.0416,-1.7972,0.3235
5,359,-2.8993,-1.7495,0.7219
5,360,-2.7884,-1.6519,1.0303
5,361,-2.7115,-1.5237,0.8429
5,362,-2.6119,-1.4119,0.6928
5,363,-2.4967,-1.3163,0.4709
5,364,-2.3640,-1.2487,0.1171
5,365,-2.2149,-1.2312,0.0412
5,366,-2.0652,-1.2250,0.0000
5,367,-1.9152,-1.2250,-0.0718
5,368,-1.7659,-1.2357,-0.1489
5,369,-1.6175,-1.2580,-0.3534
5,370,-1.4775,-1.3097,-0.4905
5,371,-1.3455,-1.3801,-0.6635
5,372,-1.2280,-1.4720,-0.8681
5,373,-1.1313,-1.5861,-0.9629
5,374,-1.0514,-1.7010,-0.1629
5,375,-0.9056,-1.7250,-0.0928
5,376,-0.7573,-1.7388,-0.3478
5,377,-0.6176,-1.7894,-0.3074
5,378,-0.4810,-1.8328,0.2456
5,379,-0.3387,-1.7971,0.5130
5,380,-0.2080,-1.7235,0.3218
5,381,-0.0657,-1.6761,0.0803
5,382,0.0813,-1.6642,0.7969
5,383,0.1817,-1.5615,0.8724
5,384,0.2773,-1.4477,0.6750
5,385,0.3941,-1.3542,0.5330
5,386,0.5217,-1.2790,0.2450
5,387,0.6673,-1.2426,0.1182
6,0,0.6491,-0.4346,-3.1164
6,1,0.4990,-0.4384,-3.1164
6,2,0.3490,-0.4421,-3.1164
6,3,0.1990,-0.4459,-3.1164
6,4,0.0490,-0.4497,-2.7397
6,5,-0.0855,-0.5069,-2.9997
6,6,-0.2340,-0.5281,-3.0477
6,7,-0.3833,-0.5421,-3.0861
6,8,-0.5332,-0.5505,-3.0861
6,9,-0.6830,-0.5588,3.1401
6,10,-0.8329,-0.5586,3.0940
6,11,-0.9828,-0.5514,2.7648
6,12,-1.1176,-0.4981,3.0772
6,13,-1.2674,-0.4884,3.0772
6,14,-1.4171,-0.4787,3.1167
6,15,-1.5671,-0.4750,3.1416
6,16,-1.7171,-0.4750,3.1416
6,17,-1.8672,-0.4750,3.1416
6,18,-2.0173,-0.4750,3.1416
6,19,-2.1674,-0.4750,2.9890
6,20,-2.3156,-0.4522,2.9808
6,21,-2.4637,-0.4282,2.9808
6,22,-2.6119,-0.4042,2.6263
6,23,-2.7408,-0.3312,2.5642
6,24,-2.8662,-0.2494,2.9889
6,25,-3.0145,-0.2266,-2.4147
6,26,-3.1236,-0.3236,-2.6102
6,27,-3.2530,-0.3996,-2.7541
6,28,-3.3916,-0.4562,-2.9014
6,29,-3.5359,-0.4916,-3.0750
6,30,-3.6856,-0.5015,-3.0750
6,31,-3.8354,-0.5115,-3.0750
6,32,-3.9851,-0.5215,-3.1183
6,33,-4.1351,-0.5250,3.1416
6,34,-4.2851,-0.5250,3.1416
6,35,-4.4352,-0.5250,3.1416
6,36,-4.5853,-0.5250,3.1416
6,37,-4.7353,-0.5250,3.1416
6,38,-4.8854,-0.5250,-3.1288
6,39,-5.0355,-0.5269,-3.1153
6,40,-5.1855,-0.5309,-3.1153
6,41,-5.3355,-0.5348,-2.9459
6,42,-5.4752,-0.5625,3.1416
6,43,-5.6252,-0.5625,3.1416
6,44,-5.7753,-0.5625,3.1177
6,45,-5.9253,-0.5589,3.1059
6,46,-6.0753,-0.5536,3.1059
6,47,-6.2253,-0.5482,3.1059
6,48,-6.3752,-0.5428,3.1060
6,49,-6.5252,-0.5375,-3.1093
6,50,-6.6752,-0.5423,-3.1093
6,51,-6.8252,-0.5472,-2.8782
6,52,-6.9647,-0.5848,-3.0143
6,53,-7.1101,-0.6034,-3.1138
6,54,-7.2601,-0.6076,-3.1138
6,55,-7.4101,-0.6117,3.1219
6,56,-7.5601,-0.6088,3.1113
6,57,-7.7102,-0.6042,3.1113
6,58,-7.8602,-0.5997,3.1113
6,59,-8.0102,-0.5951,3.1113
6,60,-8.1602,-0.5906,3.0814
6,61,-8.3098,-0.5816,3.0172
6,62,-8.4587,-0.5630,3.0172
6,63,-8.6076,-0.5444,3.0172
6,64,-8.7565,-0.5257,2.6379
6,65,-8.8876,-0.4535,2.4580
6,66,-9.0030,-0.3595,2.3394
6,67,-9.1071,-0.2518,2.1588
6,68,-9.1904,-0.1269,2.1321
6,69,-9.2702,-0.0000,2.0514
6,70,-9.3395,0.1328,1.7426
6,71,-9.3650,0.2800,1.6162
6,72,-9.3718,0.4299,1.5920
6,73,-9.3750,0.5799,1.5708
6,74,-9.3750,0.7300,1.5708
6,75,-9.3750,0.8801,1.4693
6,76,-9.3599,1.0287,1.3808
6,77,-9.3315,1.1761,1.2603
6,78,-9.2864,1.3168,1.0122
6,79,-9.2068,1.4441,0.8403
6,80,-9.1072,1.5553,0.6941
6,81,-8.9927,1.6506,0.5190
6,82,-8.8624,1.7250,0.3218
6,83,-8.7201,1.7725,0.1007
6,84,-8.5754,1.7871,1.1988
6,85,-8.5250,1.9163,2.2125
6,86,-8.6062,2.0250,3.1325
6,87,-8.7562,2.0264,2.8225
6,88,-8.8967,2.0728,3.0388
6,89,-9.0377,2.0874,-2.6128
6,90,-9.1670,2.0118,-2.9927
6,91,-9.3154,1.9896,-3.0442
6,92,-9.4644,1.9750,3.1416
6,93,-9.6145,1.9750,3.1416
6,94,-9.7646,1.9750,-2.7704
6,95,-9.9027,1.9212,-2.1781
6,96,-9.9750,1.8172,-1.6546
6,97,-9.9875,1.6689,-1.8705
6,98,-10.0317,1.5258,-2.0899
6,99,-10.1061,1.3955,-2.2890
6,100,-10.2042,1.2833,-2.4316
6,101,-10.3174,1.1860,-2.5830
6,102,-10.4446,1.1065,-2.6835
6,103,-10.5790,1.0402,-2.6943
6,104,-10.6903,0.9868,-1.6447
6,105,-10.7014,0.8372,-1.6447
6,106,-10.7125,0.6875,-1.5338
6,107,-10.7069,0.5375,-1.5338
6,108,-10.7014,0.3876,-1.5338
6,109,-10.6958,0.2376,-1.5338
6,110,-10.6903,0.0876,-1.4789
6,111,-10.6765,-0.0616,-1.4237
6,112,-10.6545,-0.2100,-1.1541
6,113,-10.6037,-0.3250,-0.3108
6,114,-10.4633,-0.3701,-0.5216
6,115,-10.3335,-0.4447,-0.5919
6,116,-10.2093,-0.5282,-0.7854
6,117,-10.1032,-0.6343,-0.9812
6,118,-10.0203,-0.7582,-1.1003
6,119,-9.9524,-0.8917,-1.2368
6,120,-9.9034,-1.0329,-1.4595
6,121,-9.8868,-1.1814,-1.5611
6,122,-9.8854,-1.3314,-1.5611
6,123,-9.8839,-1.4815,-1.5611
6,124,-9.8825,-1.6316,-1.5611
6,125,-9.8810,-1.7816,-1.5611
6,126,-9.8795,-1.9317,-1.5611
6,127,-9.8781,-2.0817,-1.5611
6,128,-9.8766,-2.2318,-1.5611
6,129,-9.8752,-2.3819,-1.5696
6,130,-9.8750,-2.5319,-1.5708
6,131,-9.8750,-2.6820,-1.5708
6,132,-9.8750,-2.8321,-1.5708
6,133,-9.8750,-2.9822,-1.5708
6,134,-9.8750,-3.1322,-1.5708
6,135,-9.8750,-3.2823,-1.5708
6,136,-9.8750,-3.4324,-1.5708
6,137,-9.8750,-3.5824,-1.5708
6,138,-9.8750,-3.7325,-1.5708
6,139,-9.8750,-3.8826,-1.5708
6,140,-9.8750,-4.0326,-1.5708
6,141,-9.8750,-4.1827,-1.5708
6,142,-9.8750,-4.3328,-1.5708
6,143,-9.8750,-4.4829,-1.5708
6,144,-9.8750,-4.6329,-1.5708
6,145,-9.8750,-4.7830,-1.5652
6,146,-9.8742,-4.9331,-1.5607
6,147,-9.8726,-5.0831,-1.5607
6,148,-9.8711,-5.2332,-1.5607
6,149,-9.8696,-5.3833,-1.5607
6,150,-9.8681,-5.5333,-1.5607
6,151,-9.8666,-5.6834,-1.5607
6,152,-9.8651,-5.8334,-1.5607
6,153,-9.8636,-5.9835,-1.3854
6,154,-9.8374,-6.1232,-1.5571
6,155,-9.8353,-6.2733,-1.5571
6,156,-9.8332,-6.4233,-1.5571
6,157,-9.8312,-6.5734,-1.5571
6,158,-9.8291,-6.7234,-1.5571
6,159,-9.8271,-6.8735,-1.5571
6,160,-9.8250,-7.0236,-1.5707
6,161,-9.8250,-7.1736,-1.5708
6,162,-9.8250,-7.3237,-1.5708
6,163,-9.8250,-7.4738,-1.5708
6,164,-9.8250,-7.6238,-1.5708
6,165,-9.8250,-7.7739,-1.5708
6,166,-9.8250,-7.9240,-1.5708
6,167,-9.8250,-8.0741,-1.5708
6,168,-9.8250,-8.2241,-1.5708
6,169,-9.8250,-8.3742,-1.5708
6,170,-9.8250,-8.5243,-1.5708
6,171,-9.8250,-8.6743,-1.5708
6,172,-9.8250,-8.8244,-1.6444
6,173,-9.8360,-8.9741,-1.6447
6,174,-9.8471,-9.1237,-1.6447
6,175,-9.8582,-9.2734,-1.6447
6,176,-9.8693,-9.4231,-1.6447
6,177,-9.8804,-9.5727,-1.6447
6,178,-9.8915,-9.7224,-1.7612
6,179,-9.9192,-9.8663,-2.1588
6,180,-10.0025,-9.9912,-2.2434
6,181,-10.0955,-10.1080,-2.3562
6,182,-10.2016,-10.2141,-2.5954
6,183,-10.3294,-10.2918,-2.6993
6,184,-10.4648,-10.3559,-2.8274
6,185,-10.5937,-10.3978,-1.7820
6,186,-10.6250,-10.5437,-1.5708
6,187,-10.6250,-10.6938,-1.0457
6,188,-10.5688,-10.7908,-0.0591
6,189,-10.4190,-10.7997,-0.0591
6,190,-10.2691,-10.8085,-0.0591
6,191,-10.1193,-10.8174,-0.0591
6,192,-9.9695,-10.8263,-0.0591
6,193,-9.8197,-10.8351,-0.0591
6,194,-9.6699,-10.8440,-0.0591
6,195,-9.5201,-10.8528,-0.0591
6,196,-9.3703,-10.8617,-0.0591
6,197,-9.2205,-10.8706,-0.0591
6,198,-9.0707,-10.8794,-0.0591
6,199,-8.9209,-10.8883,-0.0591
6,200,-8.7711,-10.8971,-0.0591
6,201,-8.6212,-10.9060,-0.0591
6,202,-8.4714,-10.9149,-0.0591
6,203,-8.3216,-10.9237,-0.0085
6,204,-8.1716,-10.9250,0.0000
6,205,-8.0215,-10.9250,0.0000
6,206,-7.8715,-10.9250,0.0000
6,207,-7.7214,-10.9250,0.0000
6,208,-7.5713,-10.9250,0.0000
6,209,-7.4212,-10.9250,0.0000
6,210,-7.2712,-10.9250,0.0000
6,211,-7.1211,-10.9250,0.0000
6,212,-6.9710,-10.9250,0.0000
6,213,-6.8210,-10.9250,0.0000
6,214,-6.6709,-10.9250,0.0000
6,215,-6.5208,-10.9250,0.0000
6,216,-6.3707,-10.9250,0.0000
6,217,-6.2207,-10.9250,0.0000
6,218,-6.0706,-10.9250,0.0000
6,219,-5.9205,-10.9250,0.0000
6,220,-5.7705,-10.9250,0.0000
6,221,-5.6204,-10.9250,0.0000
6,222,-5.4703,-10.9250,0.0000
6,223,-5.3202,-10.9250,0.0000
6,224,-5.1702,-10.9250,0.0000
6,225,-5.0201,-10.9250,0.0000
6,226,-4.8700,-10.9250,0.0000
6,227,-4.7200,-10.9250,0.0000
6,228,-4.5699,-10.9250,0.0000
6,229,-4.4198,-10.9250,0.0000
6,230,-4.2698,-10.9250,0.0000
6,231,-4.1197,-10.9250,0.0000
6,232,-3.9696,-10.9250,0.0000
6,233,-3.8195,-10.9250,0.0000
6,234,-3.6695,-10.9250,-0.0181
6,235,-3.5194,-10.9277,-0.0208
6,236,-3.3694,-10.9308,-0.0208
6,237,-3.2194,-10.9340,-0.0208
6,238,-3.0693,-10.9371,-0.0208
6,239,-2.9193,-10.9402,-0.0208
6,240,-2.7692,-10.9433,-0.0208
6,241,-2.6192,-10.9465,-0.0208
6,242,-2.4692,-10.9496,-0.0208
6,243,-2.3191,-10.9527,-0.0208
6,244,-2.1691,-10.9559,-0.0208
6,245,-2.0190,-10.9590,-0.0208
6,246,-1.8690,-10.9621,-0.0208
6,247,-1.7190,-10.9652,-0.0208
6,248,-1.5689,-10.9684,-0.0208
6,249,-1.4189,-10.9715,-0.0208
6,250,-1.2689,-10.9746,-0.5192
6,251,-1.1408,-11.0478,-0.5043
6,252,-1.0097,-11.1202,0.2465
6,253,-0.8702,-11.0851,0.5694
6,254,-0.7439,-11.0043,0.2505
6,255,-0.6029,-10.9682,0.0701
6,256,-0.4532,-10.9577,0.0701
6,257,-0.3035,-10.9472,0.0701
6,258,-0.1538,-10.9367,0.0701
6,259,-0.0041,-10.9262,0.0078
6,260,0.1459,-10.9250,0.0000
6,261,0.2960,-10.9250,0.0000
6,262,0.4461,-10.9250,0.0000
6,263,0.5961,-10.9250,0.0000
6,264,0.7462,-10.9250,0.0000
6,265,0.8963,-10.9250,0.0000
6,266,1.0464,-10.9250,0.0000
6,267,1.1964,-10.9250,0.0076
6,268,1.3465,-10.9239,0.0192
6,269,1.4965,-10.9210,0.0192
6,270,1.6466,-10.9181,0.0192
6,271,1.7966,-10.9152,0.0623
6,272,1.9440,-10.9060,0.1524
6,273,2.0863,-10.8842,0.0270
6,274,2.2364,-10.8801,0.0270
6,275,2.3864,-10.8760,0.0270
6,276,2.5364,-10.8720,0.0270
6,277,2.6864,-10.8679,0.0270
6,278,2.8364,-10.8639,0.0182
6,279,2.9865,-10.8611,0.0137
6,280,3.1365,-10.8591,0.0137
6,281,3.2866,-10.8570,0.0137
6,282,3.4366,-10.8550,0.0137
6,283,3.5867,-10.8529,0.0137
6,284,3.7367,-10.8509,0.0137
6,285,3.8868,-10.8488,0.0137
6,286,4.0369,-10.8468,0.0137
6,287,4.1869,-10.8447,0.0137
6,288,4.3370,-10.8426,0.0137
6,289,4.4870,-10.8406,0.0137
6,290,4.6371,-10.8385,-0.0059
6,291,4.7871,-10.8394,-0.0256
6,292,4.9371,-10.8433,-0.0256
6,293,5.0872,-10.8471,-0.0256
6,294,5.2372,-10.8510,-0.0256
6,295,5.3872,-10.8548,-0.0256
6,296,5.5372,-10.8586,-0.0256
6,297,5.6873,-10.8625,-0.5291
6,298,5.8165,-10.9381,-0.1419
6,299,5.9651,-10.9593,-0.1050
6,300,6.1140,-10.9750,0.0000
6,301,6.2641,-10.9750,0.0000
6,302,6.4142,-10.9750,0.1070
6,303,6.5628,-10.9590,0.1799
6,304,6.7104,-10.9322,0.4797
6,305,6.8414,-10.8641,0.2985
6,306,6.9796,-10.8215,0.0435
6,307,7.1295,-10.8150,0.0435
6,308,7.2794,-10.8085,0.0435
6,309,7.4294,-10.8020,0.0435
6,310,7.5793,-10.7955,0.0435
6,311,7.7292,-10.7889,0.0435
6,312,7.8792,-10.7824,0.0435
6,313,8.0291,-10.7759,0.0061
6,314,8.1791,-10.7750,0.0000
6,315,8.3292,-10.7750,0.0000
6,316,8.4793,-10.7750,0.0000
6,317,8.6294,-10.7750,0.0000
6,318,8.7794,-10.7750,0.0000
6,319,8.9295,-10.7750,0.0000
6,320,9.0796,-10.7750,0.0000
6,321,9.2296,-10.7750,0.0000
6,322,9.3797,-10.7750,0.0000
6,323,9.5298,-10.7750,0.0000
6,324,9.6799,-10.7750,0.0000
6,325,9.8299,-10.7750,0.0000
6,326,9.9800,-10.7750,0.0000
6,327,10.1301,-10.7750,0.0314
6,328,10.2800,-10.7703,0.0588
6,329,10.4298,-10.7615,0.0588
6,330,10.5796,-10.7527,0.0588
6,331,10.7294,-10.7439,0.0588
6,332,10.8792,-10.7350,0.0588
6,333,11.0291,-10.7262,0.0588
6,334,11.1789,-10.7174,0.7804
6,335,11.2495,-10.6475,1.6630
6,336,11.2357,-10.4986,1.5906
6,337,11.2328,-10.3486,1.5906
6,338,11.2298,-10.1985,1.5906
6,339,11.2268,-10.0485,1.5906
6,340,11.2239,-9.8985,1.5906
6,341,11.2209,-9.7484,1.5906
6,342,11.2179,-9.5984,1.5906
6,343,11.2149,-9.4483,1.5889
6,344,11.2122,-9.2983,1.5812
6,345,11.2107,-9.1482,1.5812
6,346,11.2091,-8.9982,1.5812
6,347,11.2075,-8.8481,1.5812
6,348,11.2060,-8.6980,1.5812
6,349,11.2044,-8.5480,1.5812
6,350,11.2028,-8.3979,1.5812
6,351,11.2013,-8.2479,1.5812
6,352,11.1997,-8.0978,1.5812
6,353,11.1982,-7.9477,1.5812
6,354,11.1966,-7.7977,1.5812
6,355,11.1950,-7.6476,1.5812
6,356,11.1935,-7.4975,1.5812
6,357,11.1919,-7.3475,1.5812
6,358,11.1903,-7.1974,1.5812
6,359,11.1888,-7.0474,1.5831
6,360,11.1869,-6.8973,1.5914
6,361,11.1838,-6.7473,1.5914
6,362,11.1807,-6.5972,1.5914
6,363,11.1776,-6.4472,1.5914
6,364,11.1746,-6.2971,1.5914
6,365,11.1715,-6.1471,1.5914
6,366,11.1684,-5.9971,1.5914
6,367,11.1653,-5.8470,1.6650
6,368,11.1515,-5.7015,1.6856
6,369,11.1349,-5.5573,1.5908
6,370,11.1319,-5.4073,1.5908
6,371,11.1289,-5.2572,1.5908
6,372,11.1259,-5.1072,1.5767
6,373,11.1250,-4.9571,1.5708
6,374,11.1250,-4.8070,1.5708
6,375,11.1250,-4.6570,1.5708
6,376,11.1250,-4.5069,1.5708
6,377,11.1250,-4.3568,1.5708
6,378,11.1250,-4.2068,1.5708
6,379,11.1250,-4.0567,1.5708
6,380,11.1250,-3.9066,1.5816
6,381,11.1234,-3.7566,1.5908
6,382,11.1204,-3.6065,1.5908
6,383,11.1174,-3.4565,1.5908
6,384,11.1144,-3.3064,1.7644
6,385,11.0870,-3.1667,1.5952
6,386,11.0833,-3.0167,1.5952
6,387,11.0797,-2.8667,1.5952
6,388,11.0760,-2.7167,1.5776
6,389,11.0750,-2.5666,1.5708
6,390,11.0750,-2.4165,1.5708
6,391,11.0750,-2.2665,1.5708
6,392,11.0750,-2.1164,1.5708
6,393,11.0750,-1.9663,1.5708
6,394,11.0750,-1.8163,1.5681
6,395,11.0754,-1.6662,1.5243
6,396,11.0824,-1.5163,1.5243
6,397,11.0894,-1.3664,1.5243
6,398,11.0963,-1.2165,1.2684
6,399,11.1394,-1.0784,1.4008
6,400,11.1645,-0.9323,1.5004
6,401,11.1750,-0.7829,1.5708
6,402,11.1750,-0.6328,1.5708
6,403,11.1750,-0.4827,2.7769
6,404,11.0482,-0.4343,2.9229
6,405,10.9017,-0.4018,2.9229
6,406,10.7552,-0.3692,2.9229
6,407,10.6087,-0.3367,2.9229
6,408,10.4623,-0.3041,3.0378
6,409,10.3140,-0.2887,-3.1257
6,410,10.1640,-0.2910,-3.1257
6,411,10.0139,-0.2934,-3.1257
6,412,9.8639,-0.2958,-3.1257
6,413,9.7138,-0.2982,-3.1257
6,414,9.5638,-0.3006,-3.1257
6,415,9.4137,-0.3030,-3.1257
6,416,9.2637,-0.3053,-3.1257
6,417,9.1136,-0.3077,-3.1257
6,418,8.9635,-0.3101,-3.1257
6,419,8.8135,-0.3125,3.0985
6,420,8.6636,-0.3060,3.0981
6,421,8.5136,-0.2995,3.0981
6,422,8.3637,-0.2930,3.0981
6,423,8.2138,-0.2865,3.0981
6,424,8.0638,-0.2799,2.9697
6,425,7.9200,-0.2550,2.5663
6,426,7.7943,-0.1735,2.8810
6,427,7.6493,-0.1348,3.0758
6,428,7.5005,-0.1250,-3.1170
6,429,7.3506,-0.1287,-2.8780
6,430,7.2116,-0.1662,-3.0828
6,431,7.0622,-0.1750,-2.9855
6,432,6.9152,-0.1981,-2.7007
6,433,6.7806,-0.2616,-2.8622
6,434,6.6388,-0.3023,-2.9927
6,435,6.4904,-0.3246,-3.1387
6,436,6.3404,-0.3250,3.1416
6,437,6.1903,-0.3250,-3.1115
6,438,6.0404,-0.3295,-2.9792
6,439,5.8970,-0.3530,-3.0608
6,440,5.7509,-0.3648,-3.1245
6,441,5.6008,-0.3674,-3.1245
6,442,5.4508,-0.3700,-3.1245
6,443,5.3007,-0.3725,-3.1245
6,444,5.1507,-0.3751,-3.1245
6,445,5.0006,-0.3777,-3.1245
6,446,4.8506,-0.3802,-3.1245
6,447,4.7005,-0.3828,-3.1245
6,448,4.5505,-0.3854,-3.1259
6,449,4.4004,-0.3877,-3.1330
6,450,4.2504,-0.3890,-3.1330
6,451,4.1003,-0.3903,-3.1330
6,452,3.9502,-0.3916,-3.1330
6,453,3.8002,-0.3929,-3.1330
6,454,3.6501,-0.3942,-3.1330
6,455,3.5000,-0.3955,-3.1330
6,456,3.3500,-0.3968,-3.1330
6,457,3.1999,-0.3981,-3.1330
6,458,3.0498,-0.3994,-3.1330
6,459,2.8998,-0.4006,-3.1330
6,460,2.7497,-0.4019,-3.1330
6,461,2.5997,-0.4032,-3.1330
6,462,2.4496,-0.4045,-3.1330
6,463,2.2995,-0.4058,-3.1330
6,464,2.1495,-0.4071,-3.1330
6,465,1.9994,-0.4084,-3.1330
6,466,1.8493,-0.4097,-3.1330
6,467,1.6993,-0.4110,-3.1330
6,468,1.5492,-0.4123,-3.1191
6,469,1.3992,-0.4157,-3.1164
6,470,1.2491,-0.4195,-3.1164
6,471,1.0991,-0.4232,-3.1164
6,472,0.9491,-0.4270,-3.1164
6,473,0.7991,-0.4308,-3.1164
7,0,0.9070,-1.0091,0.0416
7,1,1.0567,-1.0028,0.0416
7,2,1.2064,-0.9966,0.0416
7,3,1.3561,-0.9904,-0.0180
7,4,1.5057,-0.9931,-0.0689
7,5,1.6551,-1.0034,-0.1214
7,6,1.8022,-1.0213,-0.4664
7,7,1.9337,-1.0875,0.1637
7,8,2.0769,-1.0638,0.3905
7,9,2.2123,-1.0081,0.0880
7,10,2.3616,-0.9949,0.0880
7,11,2.5108,-0.9818,0.0452
7,12,2.6603,-0.9750,0.0000
7,13,2.8101,-0.9750,0.0000
7,14,2.9599,-0.9750,0.0000
7,15,3.1098,-0.9750,0.0000
7,16,3.2596,-0.9750,-0.0391
7,17,3.4092,-0.9809,-0.0605
7,18,3.5588,-0.9899,-0.0605
7,19,3.7083,-0.9990,-0.3394
7,20,3.8461,-1.0477,0.2760
7,21,3.9871,-1.0077,0.3441
7,22,4.1243,-0.9586,0.0637
7,23,4.2738,-0.9490,0.0637
7,24,4.4233,-0.9395,0.0637
7,25,4.5728,-0.9299,0.0329
7,26,4.7225,-0.9250,0.0000
7,27,4.8723,-0.9250,0.0000
7,28,5.0221,-0.9250,0.0000
7,29,5.1719,-0.9250,0.0000
7,30,5.3218,-0.9250,0.0000
7,31,5.4716,-0.9250,0.0000
7,32,5.6214,-0.9250,-0.0202
7,33,5.7711,-0.9280,-0.0425
7,34,5.9208,-0.9344,-0.0425
7,35,6.0705,-0.9408,-0.0425
7,36,6.2202,-0.9471,-0.2286
7,37,6.3640,-0.9806,-0.0664
7,38,6.5096,-0.9903,0.4594
7,39,6.6419,-0.9248,0.2517
7,40,6.7859,-0.8878,0.0861
7,41,6.9344,-0.8750,0.0000
7,42,7.0843,-0.8750,-0.0811
7,43,7.2335,-0.8871,0.0010
7,44,7.3671,-0.8870,0.0294
7,45,7.5168,-0.8826,0.0294
7,46,7.6666,-0.8782,0.0213
7,47,7.8163,-0.8750,0.0000
7,48,7.9661,-0.8750,0.0000
7,49,8.1160,-0.8750,0.0000
7,50,8.2658,-0.8750,0.0000
7,51,8.4156,-0.8750,0.0000
7,52,8.5654,-0.8750,-0.0519
7,53,8.7150,-0.8828,-0.0555
7,54,8.8646,-0.8911,-0.0555
7,55,9.0142,-0.8994,-0.3326
7,56,9.1520,-0.9470,0.2931
7,57,9.2922,-0.9047,0.3853
7,58,9.4290,-0.8492,0.1627
7,59,9.5764,-0.8250,0.0000
7,60,9.7262,-0.8250,-0.0460
7,61,9.8757,-0.8319,-0.2564
7,62,10.0146,-0.8683,-0.0449
7,63,10.1641,-0.8750,-0.0782
7,64,10.3121,-0.8866,-0.3029
7,65,10.4551,-0.9313,-0.5233
7,66,10.5844,-1.0059,-0.6234
7,67,10.7054,-1.0929,-0.7854
7,68,10.8113,-1.1988,-1.0175
7,69,10.8897,-1.3257,-1.2548
7,70,10.9354,-1.4655,-1.4382
7,71,10.9552,-1.6140,-1.4382
7,72,10.9750,-1.7625,-1.5708
7,73,10.9750,-1.9123,-1.5708
7,74,10.9750,-2.0621,-1.5708
7,75,10.9750,-2.2119,-1.5930
7,76,10.9717,-2.3615,-1.7079
7,77,10.9512,-2.5099,-1.7079
7,78,10.9307,-2.6583,-2.0336
7,79,10.8652,-2.7897,-1.8964
7,80,10.8188,-2.9271,-1.6506
7,81,10.8069,-3.0764,-1.6506
7,82,10.7949,-3.2257,-1.6506
7,83,10.7830,-3.3751,-1.6242
7,84,10.7750,-3.5246,-1.5708
7,85,10.7750,-3.6744,-1.5708
7,86,10.7750,-3.8242,-1.5708
7,87,10.7750,-3.9740,-1.5708
7,88,10.7750,-4.1238,-1.5708
7,89,10.7750,-4.2736,-1.5708
7,90,10.7750,-4.4235,-1.5708
7,91,10.7750,-4.5733,-1.5488
7,92,10.7783,-4.7230,-1.5486
7,93,10.7816,-4.8728,-1.5486
7,94,10.7849,-5.0226,-1.3782
7,95,10.8122,-5.1622,-1.5469
7,96,10.8157,-5.3118,-1.5491
7,97,10.8190,-5.4616,-1.5491
7,98,10.8223,-5.6114,-1.5525
7,99,10.8250,-5.7612,-1.5708
7,100,10.8250,-5.9110,-1.5708
7,101,10.8250,-6.0608,-1.5708
7,102,10.8250,-6.2106,-1.5708
7,103,10.8250,-6.3604,-1.5708
7,104,10.8250,-6.5102,-1.5708
7,105,10.8250,-6.6600,-1.5708
7,106,10.8250,-6.8099,-1.5567
7,107,10.8271,-6.9596,-1.5491
7,108,10.8304,-7.1094,-1.5491
7,109,10.8336,-7.2592,-1.5491
7,110,10.8369,-7.4090,-1.3351
7,111,10.8703,-7.5481,-1.5393
7,112,10.8750,-7.6977,-1.5708
7,113,10.8750,-7.8475,-1.3043
7,114,10.9144,-7.9919,-1.1779
7,115,10.9712,-8.1289,-1.0122
7,116,11.0506,-8.2560,-1.3564
7,117,11.0822,-8.4009,-1.4158
7,118,11.1053,-8.5489,-1.4387
7,119,11.1250,-8.6972,-1.5708
7,120,11.1250,-8.8470,-1.5708
7,121,11.1250,-8.9968,-1.5708
7,122,11.1250,-9.1466,-1.5891
7,123,11.1223,-9.2962,-1.6991
7,124,11.1031,-9.4448,-1.6991
7,125,11.0839,-9.5934,-1.9084
7,126,11.0352,-9.7321,-2.1401
7,127,10.9549,-9.8576,-2.3562
7,128,10.8490,-9.9635,-2.5319
7,129,10.7267,-10.0489,-2.6768
7,130,10.5952,-10.1149,-3.0624
7,131,10.4459,-10.1267,-3.0624
7,132,10.2965,-10.1386,-3.0624
7,133,10.1472,-10.1504,-3.0624
7,134,9.9978,-10.1623,-3.0624
7,135,9.8485,-10.1741,-3.1358
7,136,9.6987,-10.1750,3.1416
7,137,9.5489,-10.1750,3.1416
7,138,9.3991,-10.1750,3.1416
7,139,9.2493,-10.1750,3.1416
7,140,9.0995,-10.1750,3.1416
7,141,8.9496,-10.1750,3.1416
7,142,8.7998,-10.1750,3.1416
7,143,8.6500,-10.1750,3.1416
7,144,8.5002,-10.1750,-3.1282
7,145,8.3504,-10.1770,-3.1237
7,146,8.2006,-10.1797,-3.1237
7,147,8.0508,-10.1824,-3.1237
7,148,7.9010,-10.1850,-3.0705
7,149,7.7545,-10.1955,-3.0036
7,150,7.6118,-10.2153,-3.1194
7,151,7.4620,-10.2186,-3.1194
7,152,7.3123,-10.2219,-3.1194
7,153,7.1625,-10.2253,-3.1194
7,154,7.0127,-10.2286,-3.1194
7,155,6.8629,-10.2319,-3.1194
7,156,6.7131,-10.2353,-3.1230
7,157,6.5634,-10.2381,-3.1304
7,158,6.4136,-10.2397,-3.1304
7,159,6.2637,-10.2414,-3.1304
7,160,6.1139,-10.2431,-3.1304
7,161,5.9641,-10.2448,-3.1304
7,162,5.8143,-10.2465,-3.1304
7,163,5.6645,-10.2482,-3.1304
7,164,5.5147,-10.2498,-3.1304
7,165,5.3649,-10.2515,-3.1304
7,166,5.2151,-10.2532,-3.1304
7,167,5.0653,-10.2549,-3.1304
7,168,4.9155,-10.2566,-3.1304
7,169,4.7657,-10.2583,-3.1304
7,170,4.6159,-10.2599,-3.1304
7,171,4.4661,-10.2616,-3.1251
7,172,4.3163,-10.2641,-3.1194
7,173,4.1665,-10.2674,-3.1194
7,174,4.0167,-10.2707,-3.1194
7,175,3.8670,-10.2741,-3.1194
7,176,3.7172,-10.2774,-3.1194
7,177,3.5674,-10.2807,-3.1194
7,178,3.4176,-10.2841,-3.1194
7,179,3.2678,-10.2874,-2.9516
7,180,3.1284,-10.3142,-3.1260
7,181,2.9786,-10.3165,-3.1260
7,182,2.8288,-10.3189,-3.1260
7,183,2.6790,-10.3212,-3.1260
7,184,2.5292,-10.3236,-3.1320
7,185,2.3794,-10.3250,3.1416
7,186,2.2296,-10.3250,3.1416
7,187,2.0798,-10.3250,3.1416
7,188,1.9300,-10.3250,3.1416
7,189,1.7802,-10.3250,3.1416
7,190,1.6303,-10.3250,3.1416
7,191,1.4805,-10.3250,3.1416
7,192,1.3307,-10.3250,3.1416
7,193,1.1809,-10.3250,3.1416
7,194,1.0311,-10.3250,3.1416
7,195,0.8813,-10.3250,3.1155
7,196,0.7315,-10.3211,3.1118
7,197,0.5818,-10.3166,3.1118
7,198,0.4320,-10.3121,3.1118
7,199,0.2823,-10.3077,3.1118
7,200,0.1325,-10.3032,2.9906
7,201,-0.0128,-10.2811,2.9862
7,202,-0.1548,-10.2589,-2.6944
7,203,-0.2877,-10.3226,-3.0121
7,204,-0.4333,-10.3416,-3.1077
7,205,-0.5831,-10.3467,-3.1077
7,206,-0.7328,-10.3517,-3.1077
7,207,-0.8825,-10.3568,-3.1077
7,208,-1.0323,-10.3619,3.1293
7,209,-1.1820,-10.3601,3.1231
7,210,-1.3318,-10.3573,3.1231
7,211,-1.4816,-10.3545,3.1231
7,212,-1.6314,-10.3517,3.1231
7,213,-1.7812,-10.3490,3.1231
7,214,-1.9310,-10.3462,3.1231
7,215,-2.0808,-10.3434,3.1231
7,216,-2.2306,-10.3406,3.1231
7,217,-2.3804,-10.3379,3.1392
7,218,-2.5302,-10.3375,3.1416
7,219,-2.6800,-10.3375,3.1416
7,220,-2.8298,-10.3375,3.1416
7,221,-2.9796,-10.3375,-2.9596
7,222,-3.1190,-10.3632,-3.0624
7,223,-3.2683,-10.3750,3.1416
7,224,-3.4181,-10.3750,-2.9580
7,225,-3.5643,-10.4022,-2.7476
7,226,-3.7009,-10.4589,-2.6414
7,227,-3.8303,-10.5297,-2.9889
7,228,-3.9784,-10.5524,-2.9905
7,229,-4.1265,-10.5750,3.1416
7,230,-4.2763,-10.5750,3.1416
7,231,-4.4261,-10.5750,3.1416
7,232,-4.5759,-10.5750,3.0389
7,233,-4.7246,-10.5597,2.9889
7,234,-4.8727,-10.5369,2.7812
7,235,-5.0095,-10.4853,2.6887
7,236,-5.1409,-10.4214,3.0529
7,237,-5.2902,-10.4081,3.0529
7,238,-5.4394,-10.3948,3.0529
7,239,-5.5886,-10.3816,3.0977
7,240,-5.7381,-10.3750,3.1416
7,241,-5.8879,-10.3750,3.1416
7,242,-6.0378,-10.3750,3.1416
7,243,-6.1876,-10.3750,3.1416
7,244,-6.3374,-10.3750,3.1416
7,245,-6.4872,-10.3750,3.1416
7,246,-6.6370,-10.3750,3.0942
7,247,-6.7867,-10.3679,3.0940
7,248,-6.9363,-10.3608,3.0940
7,249,-7.0860,-10.3536,2.8302
7,250,-7.2234,-10.3094,2.9053
7,251,-7.3663,-10.2750,-2.7767
7,252,-7.5037,-10.3275,-2.9237
7,253,-7.6464,-10.3591,-3.0585
7,254,-7.7957,-10.3715,-3.1183
7,255,-7.9453,-10.3750,3.1416
7,256,-8.0951,-10.3750,3.1416
7,257,-8.2450,-10.3750,3.1111
7,258,-8.3944,-10.3704,2.9997
7,259,-8.5428,-10.3492,2.9997
7,260,-8.6911,-10.3281,2.6762
7,261,-8.8238,-10.2614,2.4866
7,262,-8.9415,-10.1710,2.3562
7,263,-9.0475,-10.0650,2.1635
7,264,-9.1311,-9.9408,2.0679
7,265,-9.2011,-9.8119,1.6124
7,266,-9.2073,-9.6622,1.6124
7,267,-9.2135,-9.5125,1.6124
7,268,-9.2198,-9.3628,1.6124
7,269,-9.2260,-9.2131,1.6124
7,270,-9.2323,-9.0635,1.6124
7,271,-9.2385,-8.9138,1.6124
7,272,-9.2447,-8.7641,1.6124
7,273,-9.2510,-8.6144,1.6124
7,274,-9.2572,-8.4647,1.6124
7,275,-9.2634,-8.3150,1.6124
7,276,-9.2697,-8.1654,1.6124
7,277,-9.2759,-8.0157,1.6124
7,278,-9.2821,-7.8660,1.6074
7,279,-9.2876,-7.7163,1.5771
7,280,-9.2886,-7.5665,1.5771
7,281,-9.2895,-7.4167,1.5771
7,282,-9.2905,-7.2668,1.5771
7,283,-9.2914,-7.1170,1.5771
7,284,-9.2923,-6.9672,1.5771
7,285,-9.2933,-6.8174,1.5771
7,286,-9.2942,-6.6676,1.5771
7,287,-9.2952,-6.5178,1.5771
7,288,-9.2961,-6.3680,1.5771
7,289,-9.2971,-6.2182,1.5771
7,290,-9.2980,-6.0684,1.5771
7,291,-9.2989,-5.9185,1.5771
7,292,-9.2999,-5.7687,1.5771
7,293,-9.3008,-5.6189,1.5771
7,294,-9.3018,-5.4691,1.5771
7,295,-9.3027,-5.3193,1.5771
7,296,-9.3037,-5.1695,1.5771
7,297,-9.3046,-5.0197,1.5771
7,298,-9.3055,-4.8699,1.5771
7,299,-9.3065,-4.7201,1.5771
7,300,-9.3074,-4.5702,1.5771
7,301,-9.3084,-4.4204,1.5771
7,302,-9.3093,-4.2706,1.5771
7,303,-9.3102,-4.1208,1.5771
7,304,-9.3112,-3.9710,1.5771
7,305,-9.3121,-3.8212,1.5623
7,306,-9.3109,-3.6714,1.5527
7,307,-9.3081,-3.5216,1.5527
7,308,-9.3054,-3.3718,1.5527
7,309,-9.3027,-3.2220,1.5527
7,310,-9.3000,-3.0722,1.5527
7,311,-9.2973,-2.9224,1.5527
7,312,-9.2946,-2.7726,1.5527
7,313,-9.2919,-2.6229,1.5527
7,314,-9.2892,-2.4731,1.5527
7,315,-9.2865,-2.3233,1.5527
7,316,-9.2838,-2.1735,1.5527
7,317,-9.2811,-2.0237,1.5527
7,318,-9.2784,-1.8739,1.5527
7,319,-9.2757,-1.7241,1.1721
7,320,-9.2188,-1.5892,0.9426
7,321,-9.1315,-1.4690,0.7854
7,322,-9.0256,-1.3631,0.6123
7,323,-8.9033,-1.2772,0.5603
7,324,-8.7770,-1.1980,0.1912
7,325,-8.6299,-1.1695,0.1912
7,326,-8.4829,-1.1410,0.1077
7,327,-8.3346,-1.1250,0.0000
7,328,-8.1848,-1.1250,0.0000
7,329,-8.0349,-1.1250,0.0000
7,330,-7.8851,-1.1250,-0.1050
7,331,-7.7364,-1.1407,-0.1371
7,332,-7.5880,-1.1611,-0.2597
7,333,-7.4455,-1.1990,-0.5191
7,334,-7.3154,-1.2733,-0.7281
7,335,-7.2036,-1.3730,-0.9876
7,336,-7.1216,-1.4973,-0.7338
7,337,-7.0110,-1.5971,-0.5861
7,338,-6.8867,-1.6796,-0.5071
7,339,-6.7558,-1.7524,-0.4378
7,340,-6.6201,-1.8159,0.2001
7,341,-6.4818,-1.7878,0.5413
7,342,-6.3535,-1.7107,0.5880
7,343,-6.2289,-1.6276,0.3992
7,344,-6.0920,-1.5699,0.3041
7,345,-5.9491,-1.5250,0.0000
7,346,-5.7993,-1.5250,-0.0305
7,347,-5.6497,-1.5296,-0.2324
7,348,-5.5106,-1.5625,0.0000
7,349,-5.3608,-1.5625,0.0000
7,350,-5.2110,-1.5625,0.0000
7,351,-5.0612,-1.5625,0.0216
7,352,-4.9114,-1.5593,0.0256
7,353,-4.7616,-1.5554,0.0256
7,354,-4.6119,-1.5516,0.0256
7,355,-4.4621,-1.5477,0.0256
7,356,-4.3123,-1.5439,0.0256
7,357,-4.1626,-1.5401,-0.0050
7,358,-4.0129,-1.5408,-0.0666
7,359,-3.8634,-1.5508,-0.0666
7,360,-3.7139,-1.5607,-0.0666
7,361,-3.5644,-1.5707,-0.3640
7,362,-3.4291,-1.6223,-0.3753
7,363,-3.2952,-1.6750,0.1437
7,364,-3.1510,-1.6541,0.5191
7,365,-3.0209,-1.5798,0.7238
7,366,-2.9088,-1.4807,0.9083
7,367,-2.8172,-1.3634,0.8623
7,368,-2.7205,-1.2504,0.6830
7,369,-2.6048,-1.1563,0.5191
7,370,-2.4747,-1.0820,0.2113
7,371,-2.3290,-1.0507,0.1726
7,372,-2.1815,-1.0250,0.0000
7,373,-2.0316,-1.0250,0.0000
7,374,-1.8818,-1.0250,-0.1061
7,375,-1.7336,-1.0408,-0.1974
7,376,-1.5867,-1.0702,-0.3064
7,377,-1.4451,-1.1150,-0.4636
7,378,-1.3111,-1.1820,-0.5489
7,379,-1.1836,-1.2599,-0.6500
7,380,-1.0648,-1.3502,-0.8807
7,381,-0.9697,-1.4654,-0.4173
7,382,-0.8353,-1.5250,-0.0684
7,383,-0.6865,-1.5352,-0.2882
7,384,-0.5435,-1.5776,-0.0928
7,385,-0.3984,-1.5911,0.4355
7,386,-0.2650,-1.5290,0.3684
7,387,-0.1258,-1.4753,0.2015
7,388,0.0148,-1.4465,0.8706
7,389,0.1094,-1.3343,0.8408
7,390,0.2083,-1.2238,0.6231
7,391,0.3293,-1.1368,0.4595
7,392,0.4624,-1.0710,0.1599
7,393,0.6103,-1.0471,0.1599
7,394,0.7582,-1.0233,0.0951
8,0,0.7819,-0.7750,0.0000
8,1,0.9320,-0.7750,0.0568
8,2,1.0817,-0.7665,0.2358
8,3,1.2212,-0.7330,0.0533
8,4,1.3710,-0.7250,0.0000
8,5,1.5210,-0.7250,-0.0382
8,6,1.6708,-0.7307,-0.1244
8,7,1.8197,-0.7493,-0.3513
8,8,1.9580,-0.8000,0.2570
8,9,2.0993,-0.7629,0.1339
8,10,2.2461,-0.7431,0.0571
8,11,2.3960,-0.7345,0.0571
8,12,2.5458,-0.7260,0.0063
8,13,2.6959,-0.7250,0.0000
8,14,2.8460,-0.7250,0.0000
8,15,2.9961,-0.7250,0.0000
8,16,3.1462,-0.7250,0.0000
8,17,3.2963,-0.7250,-0.0227
8,18,3.4463,-0.7284,-0.0312
8,19,3.5963,-0.7331,-0.0722
8,20,3.7438,-0.7438,0.0349
8,21,3.8834,-0.7389,0.2711
8,22,4.0271,-0.6989,0.0400
8,23,4.1771,-0.6929,0.0400
8,24,4.3271,-0.6869,0.0400
8,25,4.4771,-0.6809,0.0394
8,26,4.6270,-0.6750,0.0000
8,27,4.7771,-0.6750,0.0000
8,28,4.9272,-0.6750,0.0000
8,29,5.0773,-0.6750,0.0000
8,30,5.2274,-0.6750,0.0000
8,31,5.3775,-0.6750,0.0000
8,32,5.5276,-0.6750,0.0000
8,33,5.6777,-0.6750,-0.0143
8,34,5.8277,-0.6771,-0.0208
8,35,5.9778,-0.6803,-0.0208
8,36,6.1279,-0.6834,-0.0208
8,37,6.2779,-0.6865,-0.1748
8,38,6.4249,-0.7125,0.2350
8,39,6.5690,-0.6780,0.2156
8,40,6.7125,-0.6466,0.0392
8,41,6.8624,-0.6407,0.0392
8,42,7.0124,-0.6348,0.0392
8,43,7.1624,-0.6289,0.0262
8,44,7.3124,-0.6250,0.0000
8,45,7.4625,-0.6250,0.0000
8,46,7.6126,-0.6250,0.0000
8,47,7.7627,-0.6250,0.0000
8,48,7.9128,-0.6250,0.0000
8,49,8.0629,-0.6250,0.0000
8,50,8.2129,-0.6250,0.0000
8,51,8.3630,-0.6250,-0.0101
8,52,8.5131,-0.6265,-0.0200
8,53,8.6632,-0.6295,-0.0200
8,54,8.8132,-0.6325,-0.0200
8,55,8.9633,-0.6355,-0.1219
8,56,9.1108,-0.6536,0.1281
8,57,9.2550,-0.6350,0.3014
8,58,9.3962,-0.5911,0.1075
8,59,9.5453,-0.5750,0.0000
8,60,9.6954,-0.5750,-0.0105
8,61,9.8455,-0.5766,-0.1103
8,62,9.9929,-0.5929,-0.2759
8,63,10.1332,-0.6326,-0.1054
8,64,10.2824,-0.6484,-0.0907
8,65,10.4319,-0.6620,-0.3131
8,66,10.5745,-0.7082,-0.4356
8,67,10.7092,-0.7708,-0.6202
8,68,10.8313,-0.8581,0.7090
8,69,10.9250,-0.7777,1.5708
8,70,10.9250,-0.6276,3.0059
8,71,10.7786,-0.6076,3.0235
8,72,10.6295,-0.5899,3.0235
8,73,10.4805,-0.5723,3.0235
8,74,10.3314,-0.5546,3.0281
8,75,10.1823,-0.5376,-3.1246
8,76,10.0323,-0.5401,-3.1246
8,77,9.8822,-0.5427,-3.1246
8,78,9.7321,-0.5452,-3.1246
8,79,9.5821,-0.5478,-3.1246
8,80,9.4320,-0.5503,-3.1246
8,81,9.2819,-0.5528,-3.1246
8,82,9.1318,-0.5554,-3.1246
8,83,8.9818,-0.5579,-3.1246
8,84,8.8317,-0.5605,-3.1375
8,85,8.6817,-0.5611,3.0962
8,86,8.5317,-0.5543,3.0962
8,87,8.3818,-0.5475,3.0962
8,88,8.2319,-0.5407,3.0962
8,89,8.0819,-0.5338,3.0962
8,90,7.9320,-0.5270,2.7615
8,91,7.7958,-0.4726,2.7019
8,92,7.6608,-0.4091,2.9106
8,93,7.5158,-0.3750,-3.1092
8,94,7.3661,-0.3798,-2.8428
8,95,7.2277,-0.4225,-3.1076
8,96,7.0782,-0.4275,-2.8528
8,97,6.9346,-0.4702,-2.6779
8,98,6.8003,-0.5373,-2.9989
8,99,6.6518,-0.5587,-3.0324
8,100,6.5029,-0.5750,3.1416
8,101,6.3528,-0.5750,3.1416
8,102,6.2027,-0.5750,-3.0959
8,103,6.0528,-0.5819,-2.9226
8,104,5.9132,-0.6129,-3.1244
8,105,5.7632,-0.6155,-3.1244
8,106,5.6131,-0.6181,-3.1244
8,107,5.4630,-0.6207,-3.1244
8,108,5.3130,-0.6233,-3.1244
8,109,5.1629,-0.6259,-3.1244
8,110,5.0128,-0.6284,-3.1244
8,111,4.8628,-0.6310,-3.1244
8,112,4.7127,-0.6336,-3.1244
8,113,4.5626,-0.6362,-3.1286
8,114,4.4125,-0.6382,-3.1329
8,115,4.2625,-0.6395,-3.1329
8,116,4.1124,-0.6408,-3.1329
8,117,3.9623,-0.6421,-3.1329
8,118,3.8122,-0.6434,-3.1329
8,119,3.6621,-0.6447,-3.1329
8,120,3.5120,-0.6460,-3.1329
8,121,3.3619,-0.6473,-3.1329
8,122,3.2119,-0.6486,-3.1329
8,123,3.0618,-0.6499,-3.1329
8,124,2.9117,-0.6512,-3.1329
8,125,2.7616,-0.6525,-3.1329
8,126,2.6115,-0.6538,-3.1329
8,127,2.4614,-0.6551,-3.1329
8,128,2.3113,-0.6564,-3.1329
8,129,2.1613,-0.6577,-3.1329
8,130,2.0112,-0.6590,-3.1329
8,131,1.8611,-0.6603,-3.1329
8,132,1.7110,-0.6616,-3.1272
8,133,1.5609,-0.6638,-3.1164
8,134,1.4109,-0.6676,-3.1164
8,135,1.2608,-0.6714,-3.1164
8,136,1.1108,-0.6751,-3.1164
8,137,0.9608,-0.6789,-3.1164
8,138,0.8107,-0.6827,-3.1164
8,139,0.6607,-0.6865,-3.1164
8,140,0.5106,-0.6903,-3.1164
8,141,0.3606,-0.6941,-3.1164
8,142,0.2105,-0.6978,-2.9284
8,143,0.0673,-0.7289,-2.8727
8,144,-0.0762,-0.7684,-3.0974
8,145,-0.2257,-0.7750,-3.0685
8,146,-0.3751,-0.7859,-2.8996
8,147,-0.5144,-0.8203,-3.1105
8,148,-0.6643,-0.8250,3.1416
8,149,-0.8144,-0.8250,3.0674
8,150,-0.9638,-0.8139,2.9319
8,151,-1.1090,-0.7830,2.8810
8,152,-1.2512,-0.7451,3.0772
8,153,-1.4009,-0.7354,3.0772
8,154,-1.5507,-0.7258,3.1365
8,155,-1.7008,-0.7250,3.1416
8,156,-1.8509,-0.7250,3.1416
8,157,-2.0010,-0.7250,3.1416
8,158,-2.1511,-0.7250,3.0933
8,159,-2.3007,-0.7178,3.0278
8,160,-2.4499,-0.7007,3.0278
8,161,-2.5990,-0.6837,2.8563
8,162,-2.7408,-0.6421,2.6781
8,163,-2.8751,-0.5750,3.0585
8,164,-3.0246,-0.5625,-2.5353
8,165,-3.1475,-0.6477,-2.7384
8,166,-3.2854,-0.7065,-2.8633
8,167,-3.4297,-0.7478,-3.0836
8,168,-3.5793,-0.7564,-3.0962
8,169,-3.7292,-0.7633,-3.0962
8,170,-3.8792,-0.7701,-3.1088
8,171,-4.0292,-0.7750,3.1416
8,172,-4.1793,-0.7750,3.1416
8,173,-4.3293,-0.7750,3.1416
8,174,-4.4794,-0.7750,3.1416
8,175,-4.6295,-0.7750,3.1416
8,176,-4.7796,-0.7750,-3.1386
8,177,-4.9297,-0.7755,-3.1153
8,178,-5.0797,-0.7794,-3.1153
8,179,-5.2298,-0.7833,-3.1153
8,180,-5.3798,-0.7873,-2.9632
8,181,-5.5196,-0.8125,3.1416
8,182,-5.6697,-0.8125,3.1275
8,183,-5.8197,-0.8104,3.1046
8,184,-5.9697,-0.8048,3.1046
8,185,-6.1197,-0.7993,3.1046
8,186,-6.2697,-0.7937,3.1046
8,187,-6.4197,-0.7882,-3.1176
8,188,-6.5697,-0.7918,-3.1093
8,189,-6.7197,-0.7966,-2.9820
8,190,-6.8650,-0.8200,-2.9206
8,191,-7.0080,-0.8521,-3.1160
8,192,-7.1580,-0.8560,-3.1160
8,193,-7.3081,-0.8598,-3.1324
8,194,-7.4581,-0.8612,3.1130
8,195,-7.6081,-0.8569,3.1130
8,196,-7.7582,-0.8526,3.1130
8,197,-7.9082,-0.8483,3.1130
8,198,-8.0582,-0.8441,3.1130
8,199,-8.2083,-0.8398,3.0626
8,200,-8.3577,-0.8279,3.0061
8,201,-8.5064,-0.8077,3.0061
8,202,-8.6551,-0.7874,3.0061
8,203,-8.8038,-0.7671,2.7179
8,204,-8.9390,-0.7061,2.6222
8,205,-9.0691,-0.6317,2.4228
8,206,-9.1821,-0.5329,2.3679
8,207,-9.2890,-0.4284,2.2318
8,208,-9.3812,-0.3099,2.1741
8,209,-9.4661,-0.1866,2.0832
8,210,-9.5397,-0.0558,1.8817
8,211,-9.5855,0.0866,1.7167
8,212,-9.6072,0.2344,1.6447
8,213,-9.6183,0.3841,1.6157
8,214,-9.6250,0.5339,1.5708
8,215,-9.6250,0.6840,1.5708
8,216,-9.6250,0.8341,1.5659
8,217,-9.6243,0.9842,1.4910
8,218,-9.6123,1.1338,1.4910
8,219,-9.6003,1.2834,1.1864
8,220,-9.5442,1.4222,1.0164
8,221,-9.4652,1.5497,0.9340
8,222,-9.3785,1.6669,2.6979
8,223,-9.5007,1.7250,-3.0304
8,224,-9.6452,1.7089,-2.4016
8,225,-9.7538,1.6096,-1.8158
8,226,-9.7902,1.4640,-1.9760
8,227,-9.8491,1.3267,-2.1334
8,228,-9.9287,1.2006,-2.2771
8,229,-10.0260,1.0865,-2.3657
8,230,-10.1331,0.9814,-2.5402
8,231,-10.2565,0.8968,-2.7850
8,232,-10.3963,0.8447,-2.2051
8,233,-10.4750,0.7377,-1.2898
8,234,-10.4351,0.5996,-1.5084
8,235,-10.4258,0.4498,-1.5657
8,236,-10.4250,0.2997,-1.5708
8,237,-10.4250,0.1496,-1.4681
8,238,-10.4097,0.0014,-1.2842
8,239,-10.3683,-0.1392,-0.3508
8,240,-10.2288,-0.1902,-0.6003
8,241,-10.1053,-0.2748,-0.7067
8,242,-9.9912,-0.3722,-0.8330
8,243,-9.8902,-0.4832,-0.9602
8,244,-9.8043,-0.6060,-1.1015
8,245,-9.7367,-0.7394,-1.2265
8,246,-9.6862,-0.8802,-1.3271
8,247,-9.6500,-1.0259,-1.5542
8,248,-9.6475,-1.1759,-1.5542
8,249,-9.6450,-1.3260,-1.5542
8,250,-9.6425,-1.4761,-1.5542
8,251,-9.6400,-1.6262,-1.5542
8,252,-9.6375,-1.7762,-1.5542
8,253,-9.6351,-1.9263,-1.5542
8,254,-9.6326,-2.0764,-1.5542
8,255,-9.6301,-2.2264,-1.5542
8,256,-9.6276,-2.3765,-1.5542
8,257,-9.6251,-2.5266,-1.5542
8,258,-9.6226,-2.6767,-1.5542
8,259,-9.6201,-2.8267,-1.5542
8,260,-9.6176,-2.9768,-1.5542
8,261,-9.6152,-3.1269,-1.5542
8,262,-9.6127,-3.2769,-1.5643
8,263,-9.6117,-3.4270,-1.5650
8,264,-9.6108,-3.5771,-1.5650
8,265,-9.6100,-3.7272,-1.5650
8,266,-9.6091,-3.8773,-1.5650
8,267,-9.6082,-4.0274,-1.5650
8,268,-9.6074,-4.1775,-1.5650
8,269,-9.6065,-4.3276,-1.5650
8,270,-9.6056,-4.4776,-1.5650
8,271,-9.6048,-4.6277,-1.5650
8,272,-9.6039,-4.7778,-1.5650
8,273,-9.6030,-4.9279,-1.5650
8,274,-9.6022,-5.0780,-1.5650
8,275,-9.6013,-5.2281,-1.5650
8,276,-9.6004,-5.3782,-1.5650
8,277,-9.5995,-5.5283,-1.5650
8,278,-9.5987,-5.6784,-1.5650
8,279,-9.5978,-5.8284,-1.5650
8,280,-9.5969,-5.9785,-1.5650
8,281,-9.5961,-6.1286,-1.5650
8,282,-9.5952,-6.2787,-1.5650
8,283,-9.5943,-6.4288,-1.5650
8,284,-9.5935,-6.5789,-1.5650
8,285,-9.5926,-6.7290,-1.5650
8,286,-9.5917,-6.8791,-1.5650
8,287,-9.5909,-7.0292,-1.5650
8,288,-9.5900,-7.1792,-1.5650
8,289,-9.5891,-7.3293,-1.5650
8,290,-9.5883,-7.4794,-1.5682
8,291,-9.5879,-7.6295,-1.5928
8,292,-9.5912,-7.7796,-1.5928
8,293,-9.5945,-7.9296,-1.5928
8,294,-9.5978,-8.0797,-1.5928
8,295,-9.6011,-8.2297,-1.5928
8,296,-9.6044,-8.3798,-1.5928
8,297,-9.6077,-8.5298,-1.5928
8,298,-9.6110,-8.6799,-1.5928
8,299,-9.6143,-8.8300,-1.5928
8,300,-9.6176,-8.9800,-1.5928
8,301,-9.6209,-9.1301,-1.5928
8,302,-9.6242,-9.2801,-1.5928
8,303,-9.6274,-9.4302,-1.5928
8,304,-9.6307,-9.5802,-1.5928
8,305,-9.6340,-9.7303,-1.5928
8,306,-9.6373,-9.8803,-2.0555
8,307,-9.7069,-10.0124,-2.1176
8,308,-9.7848,-10.1403,-2.2455
8,309,-9.8785,-10.2575,-2.3651
8,310,-9.9852,-10.3623,-2.4474
8,311,-10.1004,-10.4582,-2.5799
8,312,-10.2273,-10.5381,-2.7662
8,313,-10.3645,-10.5922,-0.6611
8,314,-10.2880,-10.6517,-0.0194
8,315,-10.1379,-10.6546,-0.0194
8,316,-9.9879,-10.6575,-0.0194
8,317,-9.8378,-10.6604,-0.0194
8,318,-9.6878,-10.6633,-0.0194
8,319,-9.5377,-10.6663,-0.0194
8,320,-9.3876,-10.6692,-0.0194
8,321,-9.2376,-10.6721,-0.0194
8,322,-9.0875,-10.6750,0.0000
8,323,-8.9374,-10.6750,0.0000
8,324,-8.7873,-10.6750,0.0000
8,325,-8.6372,-10.6750,0.0000
8,326,-8.4871,-10.6750,0.0000
8,327,-8.3370,-10.6750,0.0000
8,328,-8.1870,-10.6750,0.0000
8,329,-8.0369,-10.6750,0.0000
8,330,-7.8868,-10.6750,0.0000
8,331,-7.7367,-10.6750,0.0000
8,332,-7.5866,-10.6750,0.0000
8,333,-7.4365,-10.6750,0.0000
8,334,-7.2864,-10.6750,0.0000
8,335,-7.1363,-10.6750,0.0000
8,336,-6.9862,-10.6750,0.0000
8,337,-6.8361,-10.6750,0.0000
8,338,-6.6860,-10.6750,0.0000
8,339,-6.5359,-10.6750,0.0083
8,340,-6.3859,-10.6738,0.0098
8,341,-6.2358,-10.6723,0.0098
8,342,-6.0857,-10.6708,0.0098
8,343,-5.9356,-10.6693,0.0098
8,344,-5.7855,-10.6679,0.0098
8,345,-5.6354,-10.6664,0.0098
8,346,-5.4854,-10.6649,0.0098
8,347,-5.3353,-10.6635,0.4417
8,348,-5.2795,-10.6371,3.1160
8,349,-5.4295,-10.6332,3.1160
8,350,-5.5795,-10.6294,3.1160
8,351,-5.7296,-10.6255,3.1381
8,352,-5.8797,-10.6250,3.1416
8,353,-6.0298,-10.6250,3.1416
8,354,-6.1798,-10.6250,3.1416
8,355,-6.3299,-10.6250,3.1416
8,356,-6.4800,-10.6250,3.1416
8,357,-6.6301,-10.6250,3.1279
8,358,-6.7802,-10.6229,3.1160
8,359,-6.9302,-10.6191,3.1160
8,360,-7.0803,-10.6152,2.9455
8,361,-7.2200,-10.5875,3.1416
8,362,-7.3701,-10.5875,3.1416
8,363,-7.5202,-10.5875,-3.1226
8,364,-7.6702,-10.5904,-3.1071
8,365,-7.8202,-10.5955,-3.1071
8,366,-7.9702,-10.6007,-3.1071
8,367,-8.1202,-10.6059,-3.1071
8,368,-8.2702,-10.6110,3.0760
8,369,-8.4197,-10.6012,3.0367
8,370,-8.5689,-10.5855,3.0367
8,371,-8.7182,-10.5698,2.8210
8,372,-8.8578,-10.5234,2.6345
8,373,-8.9890,-10.4506,2.4605
8,374,-9.1052,-10.3564,2.4132
8,375,-9.2171,-10.2565,2.2318
8,376,-9.3093,-10.1381,2.2208
8,377,-9.4001,-10.0186,2.1588
8,378,-9.4833,-9.8937,1.7747
8,379,-9.5133,-9.7490,1.5830
8,380,-9.5151,-9.5989,1.5830
8,381,-9.5169,-9.4488,1.5830
8,382,-9.5188,-9.2987,1.5830
8,383,-9.5206,-9.1486,1.5830
8,384,-9.5224,-8.9986,1.5830
8,385,-9.5243,-8.8485,1.5830
8,386,-9.5261,-8.6984,1.5830
8,387,-9.5279,-8.5483,1.5830
8,388,-9.5297,-8.3982,1.5830
8,389,-9.5316,-8.2482,1.5830
8,390,-9.5334,-8.0981,1.5830
8,391,-9.5352,-7.9480,1.5830
8,392,-9.5371,-7.7979,1.5784
8,393,-9.5382,-7.6478,1.5770
8,394,-9.5391,-7.4977,1.5770
8,395,-9.5401,-7.3477,1.5770
8,396,-9.5410,-7.1976,1.5770
8,397,-9.5419,-7.0475,1.5770
8,398,-9.5429,-6.8974,1.5770
8,399,-9.5438,-6.7473,1.5770
8,400,-9.5447,-6.5972,1.5770
8,401,-9.5457,-6.4471,1.5770
8,402,-9.5466,-6.2970,1.5770
8,403,-9.5475,-6.1470,1.5770
8,404,-9.5485,-5.9969,1.5770
8,405,-9.5494,-5.8468,1.5770
8,406,-9.5503,-5.6967,1.5770
8,407,-9.5513,-5.5466,1.5770
8,408,-9.5522,-5.3965,1.5770
8,409,-9.5531,-5.2464,1.5770
8,410,-9.5541,-5.0963,1.5770
8,411,-9.5550,-4.9462,1.5770
8,412,-9.5559,-4.7962,1.5770
8,413,-9.5569,-4.6461,1.5770
8,414,-9.5578,-4.4960,1.5770
8,415,-9.5587,-4.3459,1.5770
8,416,-9.5597,-4.1958,1.5770
8,417,-9.5606,-4.0457,1.5770
8,418,-9.5615,-3.8956,1.5770
8,419,-9.5625,-3.7455,1.5489
8,420,-9.5592,-3.5955,1.5473
8,421,-9.5556,-3.4454,1.5473
8,422,-9.5521,-3.2954,1.5473
8,423,-9.5486,-3.1453,1.5473
8,424,-9.5450,-2.9953,1.5473
8,425,-9.5415,-2.8452,1.5473
8,426,-9.5380,-2.6952,1.5473
8,427,-9.5344,-2.5451,1.5473
8,428,-9.5309,-2.3951,1.5473
8,429,-9.5274,-2.2450,1.5473
8,430,-9.5239,-2.0950,1.5473
8,431,-9.5203,-1.9449,1.5473
8,432,-9.5168,-1.7949,1.5473
8,433,-9.5133,-1.6448,1.1661
8,434,-9.4553,-1.5096,1.0490
8,435,-9.3806,-1.3796,0.8520
8,436,-9.2818,-1.2667,0.7950
8,437,-9.1771,-1.1599,0.6610
8,438,-9.0586,-1.0678,0.6318
8,439,-8.9376,-0.9792,0.5354
8,440,-8.8092,-0.9031,0.1301
8,441,-8.6617,-0.8838,0.0370
8,442,-8.5117,-0.8782,0.0214
8,443,-8.3617,-0.8750,0.0000
8,444,-8.2116,-0.8750,0.0000
8,445,-8.0615,-0.8750,0.0000
8,446,-7.9114,-0.8750,-0.0638
8,447,-7.7620,-0.8845,-0.1504
8,448,-7.6136,-0.9070,-0.1504
8,449,-7.4652,-0.9295,-0.3808
8,450,-7.3279,-0.9845,-0.5071
8,451,-7.1967,-1.0574,-0.6453
8,452,-7.0769,-1.1476,-0.7913
8,453,-6.9721,-1.2536,-0.7632
8,454,-6.8646,-1.3564,-0.5473
8,455,-6.7372,-1.4340,-0.3668
8,456,-6.5981,-1.4875,0.1989
8,457,-6.4596,-1.4596,0.6591
8,458,-6.3417,-1.3682,0.4212
8,459,-6.2051,-1.3070,0.1501
8,460,-6.0573,-1.2847,0.0646
8,461,-5.9077,-1.2750,0.0000
8,462,-5.7576,-1.2750,-0.0345
8,463,-5.6077,-1.2802,-0.2278
8,464,-5.4683,-1.3125,0.0000
8,465,-5.3182,-1.3125,0.0000
8,466,-5.1681,-1.3125,0.0000
8,467,-5.0180,-1.3125,0.0204
8,468,-4.8680,-1.3094,0.0256
8,469,-4.7179,-1.3056,0.0256
8,470,-4.5679,-1.3017,0.0256
8,471,-4.4178,-1.2979,0.0256
8,472,-4.2678,-1.2940,0.0256
8,473,-4.1178,-1.2902,0.0114
8,474,-3.9677,-1.2885,-0.0222
8,475,-3.8177,-1.2918,-0.0222
8,476,-3.6676,-1.2952,-0.0222
8,477,-3.5175,-1.2985,-0.1870
8,478,-3.3717,-1.3261,0.0201
8,479,-3.2305,-1.3233,0.5070
8,480,-3.1018,-1.2518,0.7854
8,481,-2.9957,-1.1457,0.6878
8,482,-2.8800,-1.0506,0.6405
8,483,-2.7596,-0.9609,0.5071
8,484,-2.6284,-0.8880,0.4102
8,485,-2.4923,-0.8288,0.1900
8,486,-2.3449,-0.8005,0.1707
8,487,-2.1972,-0.7750,0.0000
8,488,-2.0471,-0.7750,0.0000
8,489,-1.8970,-0.7750,-0.0323
8,490,-1.7472,-0.7798,-0.1194
8,491,-1.5982,-0.7977,-0.1607
8,492,-1.4506,-0.8216,-0.3588
8,493,-1.3101,-0.8743,-0.5309
8,494,-1.1813,-0.9500,-0.6370
8,495,-1.0611,-1.0389,-0.7854
8,496,-0.9550,-1.1450,-0.6080
8,497,-0.8331,-1.2299,-0.4234
8,498,-0.6976,-1.2909,-0.1244
8,499,-0.5487,-1.3095,0.0403
8,500,-0.3991,-1.3035,0.2399
8,501,-0.2543,-1.2681,0.4867
8,502,-0.1227,-1.1985,0.8322
8,503,-0.0228,-1.0888,0.7496
8,504,0.0868,-0.9867,0.6043
8,505,0.2102,-0.9015,0.5329
8,506,0.3394,-0.8253,0.2775
8,507,0.4820,-0.7847,0.0624
8,508,0.6318,-0.7754,0.0024
9,0,-9.2926,-0.7958,2.3042
9,1,-9.3907,-0.6869,2.3612
9,2,-9.4985,-0.5802,2.2595
9,3,-9.5951,-0.4628,2.1294
9,4,-9.6758,-0.3337,2.0629
9,5,-9.7476,-0.1998,1.9781
9,6,-9.8078,-0.0603,1.8491
9,7,-9.8496,0.0860,1.6676
9,8,-9.8643,0.2375,1.6413
9,9,-9.8750,0.3892,1.5708
9,10,-9.8750,0.5414,1.5708
9,11,-9.8750,0.6936,2.0894
9,12,-9.9500,0.8250,-2.5536
9,13,-10.0766,0.7406,-2.0408
9,14,-10.1436,0.6088,-1.7820
9,15,-10.1750,0.4623,-1.5708
9,16,-10.1750,0.3101,-1.4128
9,17,-10.1514,0.1621,-1.1898
9,18,-10.0952,0.0218,-0.5880
9,19,-9.9686,-0.0626,-0.7194
9,20,-9.8543,-0.1628,-0.8040
9,21,-9.7489,-0.2722,-0.8624
9,22,-9.6498,-0.3878,-0.9995
9,23,-9.5675,-0.5158,-1.1052
9,24,-9.4994,-0.6514,-1.2192
9,25,-9.4471,-0.7939,-1.4237
9,26,-9.4250,-0.9432,0.1778
9,27,-9.3252,-0.9252,1.3238
